file,name,category,tags,dims,blocks,source,nameFit,catFit,suggestCat,tagsFit,tagNotes,metaTagIssues,flags,catWords,catWordsSuggest,disagree,verdict,comment
"residential_apartment-building-06_buildschematics_x.schem","Apartment Building 06","residential","apartment|large|tall","48x88x36","31842","buildschematics","good","ok","","ok","","","","name-supports","","","ok","Высотный жилой дом со стеклянным фасадом, балконами и машинными этажами сверху."
"industrial_automated-andesite-alloy-factory_buildschematics_x.nbt","Automated Andesite Alloy Factory","industrial","medium|tall","36x43x73","11067","buildschematics","good","ok","","ok","","","","name-supports","","","ok","Серый промышленный узел с трубами, резервуарами и двумя подъёмными башенками."
"decor_automatic-wooden-streetlight_buildschematics_x.schem","Automatic Wooden Streetlight","decor","road|tiny","3x8x3","32","buildschematics","good","ok","","extra","-tree","","","name-supports","","","minor","Деревянный столб с фонарём сверху, деревьев рядом нет — тег tree лишний."
"vehicles_axiumsa-medium-boat_buildschematics_x.schem","AxiumSA Medium Boat","vehicles","boat|medium|tall","29x46x65","2851","buildschematics","partial","ok","","ok","","","vehicle","name-supports","","","minor","Виден лишь каркас деревянного корпуса с веслами, наружная обшивка не закончена."
"commercial_blacksmith-shop-house_buildschematics_x.schem","Blacksmith Shop House","commercial","house|shop|small","34x15x15","2543","buildschematics","partial","ok","","ok","","","fantasy|non-real/fantasy","name-supports","","","minor","Открытая деревянная постройка с тяжёлой двускатной крышей, кузницы или наковальни не видно."
"residential_blue-house-minecraft-build_buildschematics_262.schem","Blue House Minecraft Build","residential","house|small","13x14x13","796","buildschematics","partial","ok","","ok","","","franchise|meta-word-in-name","name-supports","","","minor","Маленький дом с серой черепичной крышей; синего цвета на превью не различить."
"industrial_brick-factory-building-5037-blocks_buildschematics_x.nbt","Brick Factory Building - 5037 Blocks","industrial","medium","24x29x35","4851","buildschematics","good","ok","","ok","","","","name-supports","","","ok","Кирпичное здание фабрики, обвитое лианами, со шатровой крышей и входом сбоку."
"residential_cardiff-townhouse-multi-story-shop-and-resid_buildschematics_x.schem","Cardiff Townhouse - Multi-Story Shop and Residence","residential","apartment|car|house|medium|shop","22x30x26","5775","buildschematics","good","ok","","ok","","extra:house extra:car","non-building-in-name","name-supports","","","ok","Многоэтажный таунхаус с витриной и навесом на первом этаже, выше жилые ярусы."
"vehicles_catering-truck-for-airports_buildschematics_x.schem","Catering Truck for Airports","vehicles","car|tiny","5x6x12","103","buildschematics","good","ok","","ok","","extra:car","non-building-in-name|vehicle","name-conflict","transport","words→transport, image→ok","ok","Белый грузовик с высоким изотермическим кузовом и кабиной, размер компактный."
"vehicles_champion-race-car_buildschematics_x.nbt","Champion Race Car","vehicles","car|small","18x12x11","240","buildschematics","good","ok","","ok","","","non-building-in-name|vehicle","name-supports","","","ok","Низкий гоночный автомобиль красно-белого цвета с широким обвесом."
"public_city-gas-station_buildschematics_x.schem","City Gas Station","commercial","medium|station","48x11x39","4306","buildschematics","good","misfit","commercial","ok","","","","name-elsewhere","transport","words→transport, image→commercial","mismatch","Заправка с навесом и колонками на площадке — это коммерция, а не общественное здание."
"public_city-hospital-with-elevator-10890-blocks_buildschematics_x.nbt","City Hospital with Elevator - 10890 Blocks","public","hospital|medium","45x20x27","9709","buildschematics","partial","ok","","ok","","","non-building-in-name","name-supports","","","minor","Просторный серый корпус с рядами окон, медицинской символики и признаков больницы нет."
"intersections_cobbled-deepslate-4-way-train-intersection_buildschematics_x.nbt","Cobbled Deepslate 4-Way Train Intersection","intersections","medium","57x9x57","1393","buildschematics","good","ok","","ok","","","","name-supports","","","ok","Рельсовый перекрёсток в форме X с сигналами и площадками во все четыре направления."
"residential_contemporary-residence-with-two-unfurnished-_buildschematics_x.schem","Contemporary Residence with Two Unfurnished Floors","residential","apartment|modern|small","23x11x20","2054","buildschematics","partial","ok","","ok","","","","name-supports","","","minor","Длинное светлое здание с колоннадой и красными стойками скорее похоже на зал, чем на дом."
"residential_cozy-duplex-house-for-two-families_buildschematics_x.schem","Cozy Duplex House for Two Families","residential","house|small","15x14x15","1001","buildschematics","good","ok","","ok","","","","name-supports","","","ok","Компактный дом с террасной деревянной крышей и небольшим садиком сбоку."
"residential_cozy-wooden-house-for-roleplay-servers_buildschematics_x.schem","Cozy Wooden House for Roleplay Servers","residential","house|small","16x10x17","764","buildschematics","good","ok","","ok","","","","name-supports","","","ok","Небольшой деревянный дом с панорамной стеклянной крышей и выходом на террасу."
"public_deepslate-dual-train-station_buildschematics_x.nbt","Deepslate Dual Train Station","public","small|station","33x9x36","1475","buildschematics","good","ok","","ok","","","","name-elsewhere","transport","words→transport, image→ok","ok","Две параллельные платформы с навесами, фонарями и переходом между ними."
"residential_desert-home-with-extra-rooms_buildschematics_x.schem","Desert Home With Extra Rooms","residential","house|tiny","12x8x20","955","buildschematics","good","ok","","ok","","","","name-supports","","","ok","Пустынный дом из песчаных блоков с плоскими крышами и пристроенными дополнительными объёмами."
"decor_desert-oasis-treehouse-village_buildschematics_x.schem","Desert Oasis Treehouse Village","decor","house|large|tree|water","95x40x99","19240","buildschematics","partial","ok","","missing","+water","","","name-supports","","","minor","Пустынный оазис с большим водоёмом и высокой башней; домов на деревьях и деревьев не видно."
"residential_detailed-wood-villa-with-pool_buildschematics_x.schem","Detailed Wood Villa with Pool","residential","house|pool|small|water","22x20x25","2487","buildschematics","good","ok","","ok","","","","name-supports","","","ok","Деревянная вилла из брёвен с террасами и небольшим бассейном у подножия."
"vehicles_double-cab-crane-truck_buildschematics_x.schem","Double Cab Crane Truck","vehicles","car|tiny","5x4x13","61","buildschematics","good","ok","","ok","","extra:car","non-building-in-name|vehicle","name-supports","","","ok","Грузовик с двухрядной кабиной и выдвижной стрелой крана на шасси."
"transport_electric-passenger-train-coach-first-class_buildschematics_x.nbt","Electric Passenger Train Coach - First Class","transport","tiny","7x7x32","317","buildschematics","good","ok","","ok","","","vehicle","name-supports","","","ok","Светлый пассажирский вагон с жёлтой полосой, рядами окон и крышей."
"residential_elegant-mansion-with-garden_buildschematics_x.schem","Elegant Mansion With Garden","residential","house|park|small","20x15x47","4516","buildschematics","partial","ok","","ok","","","","name-supports","","","minor","Участок с белыми стенами и кольцевыми дорожками читается скорее как сад-лабиринт, чем особняк."
"bridges_elegant-quartz-bridge_buildschematics_x.schem","Elegant Quartz Bridge","bridges","bridge|medium","7x25x114","10292","buildschematics","good","ok","","ok","","","","name-supports","","","ok","Белая кварцевая арка моста с перилами и массивными опорами по краям."
"transport_factory-and-train-station-structure_buildschematics_x.nbt","Factory and Train Station Structure","transport","medium|station","34x20x30","2262","buildschematics","partial","ok","","ok","","","meta-word-in-name","name-supports","","","minor","Дугообразный навес с рядами деревьев вокруг: и завод, и станция читаются с натяжкой."
"industrial_fallout-3-broadcast-tower-structure_buildschematics_x.schem","Fallout 3 Broadcast Tower Structure","industrial","road|tiny|tower","7x40x7","504","buildschematics","good","ok","","ok","","extra:road","franchise|meta-word-in-name","name-elsewhere","towers","words→towers, image→ok","minor","Тёмная решётчатая вышка с красными маяками на основании; отсылки к игре на картинке не видно."
"transport_first-class-passenger-train-car_buildschematics_x.nbt","First Class Passenger Train Car","transport","car|tiny","35x7x7","390","buildschematics","good","ok","","ok","","","non-building-in-name|vehicle","name-conflict","vehicles","words→vehicles, image→ok","ok","Длинный вагон с красным блоком на торце и рядом круглых элементов вдоль борта."
"parks_four-tier-garden-structure_buildschematics_x.schem","Four Tier Garden Structure","parks","medium|park|tall","36x69x37","14348","buildschematics","partial","ok","","ok","","","meta-word-in-name","name-supports","","","minor","Четыре круглых яруса, сложенные башней-тортом; зелени и клумб на них не видно."
"parks_futuristic-arcology-garden_buildschematics_x.schem","Futuristic Arcology Garden","parks","medium|modern|park|tall","46x50x47","7675","buildschematics","partial","ok","","ok","","extra:modern","","name-supports","","","minor","Большой светло-синий купол на цилиндрическом основании с подсветкой, сада не видно."
"industrial_futuristic-industrial-complex_buildschematics_x.schem","Futuristic Industrial Complex","industrial","large|modern|tall","52x55x76","11335","buildschematics","good","ok","","ok","","extra:modern","","name-supports","","","ok","Комплекс из стеклянных и белых корпусов с решётчатой башней и транспортными площадками."
"public_futuristic-stadium-entrance-gate_buildschematics_x.schem","Futuristic Stadium Entrance Gate","public","medium|modern|stadium|tall","24x43x55","9003","buildschematics","partial","ok","","ok","","extra:modern","non-building-in-name","name-supports","","","minor","Массивные пилоны с красными навершиями и пологими рампами; самого стадиона за кадром нет."
"public_gothic-cathedral-structure-2_buildschematics_x.schem","Gothic Cathedral Structure","public","church|large|tall","66x52x107","29871","buildschematics","good","ok","","ok","","","meta-word-in-name","name-supports","","","ok","Большой готический собор с аркадами, контрфорсами и башней над алтарной частью."
"public_gothic-church-structure_buildschematics_x.schem","Gothic Church Structure","public","church|medium","25x31x22","2032","buildschematics","good","ok","","ok","","","meta-word-in-name","name-supports","","","ok","Готическая церковь с острым шпилем, контрфорсами и круглым окном на фасаде."
"intersections_gravel-crossroads-with-lighting_buildschematics_x.nbt","Gravel Crossroads with Lighting","intersections","road|small","21x7x21","480","buildschematics","partial","ok","","ok","","extra:road","","name-supports","","","minor","Многогранный земляный участок с фонарями по краям; дорожное полотно и перекрёсток не читаются."
"parks_hawkseye-pavilion-event-stage_buildschematics_x.schem","Hawkseye Pavilion Event Stage","parks","large|tall","90x43x66","37670","buildschematics","good","ok","","ok","","","","name-silent","","","ok","Крупный павильон с плоской крышей, колоннами и широким входом на газоне."
"vehicles_heavy-duty-off-road-dump-truck_buildschematics_x.schem","Heavy Duty Off-Road Dump Truck","vehicles","car|road|tiny","18x7x7","177","buildschematics","good","ok","","ok","","extra:car","non-building-in-name|vehicle","name-supports","","","ok","Короткий самосвал с крупным кузовом, кабиной и толстыми внедорожными колёсами."
"vehicles_heavy-duty-tractor-trailer-with-self-loader-_buildschematics_x.schem","Heavy-Duty Tractor-Trailer with Self-Loader Truck","vehicles","car|tiny","24x6x5","177","buildschematics","good","ok","","ok","","extra:car","non-building-in-name|vehicle","name-supports","","","ok","Длинный грузовик с красной кабиной, серым прицепом и несколькими осями колёс."
"residential_hollywood-style-mansion_buildschematics_x.schem","Hollywood Style Mansion","residential","house|large|pool","100x24x92","41510","buildschematics","good","ok","","missing","+pool","","","name-supports","","","minor","Просторный особняк с бассейном и ландшафтным парком; тег pool в списке отсутствует."
"industrial_industrial-factory-building_buildschematics_x.nbt","Industrial Factory Building","industrial","medium","61x23x42","12060","buildschematics","good","ok","","ok","","","","name-supports","","","ok","длинный промышленный корпус с серой крышей и кирпичными вставками, ряды окон по фасаду читаются"
"industrial_industrial-iron-factory-structure_buildschematics_x.schem","Industrial Iron Factory Structure","industrial","medium","40x37x33","17177","buildschematics","partial","ok","","ok","","","meta-word-in-name","name-supports","","","minor","оборудование цеха с трубами и подсветкой на висящем острове, цельного здания фабрики нет"
"bridges_iron-stone-arch-bridge_buildschematics_x.nbt","Iron Stone Arch Bridge","bridges","bridge|large|tall","125x49x28","7526","buildschematics","good","ok","","ok","","","","name-supports","","","ok","белая арка из железа и камня с башенками на обоих берегах, мост читается однозначно"
"industrial_ironworks-industrial-smelter_buildschematics_x.schem","Ironworks Industrial Smelter","industrial","medium","29x26x35","4815","buildschematics","good","ok","","ok","","","","name-supports","","","ok","промышленный блок с пятью трубами и вентиляцией на крыше, стоит на травяном плинте"
"bridges_island-bridge_buildschematics_x.schem","Island Bridge","bridges","bridge|huge|tall","43x61x293","84041","buildschematics","good","ok","","ok","","","","name-supports","","","ok","очень длинный мост из повторяющихся секций, протяжённость и высота соответствуют названию"
"residential_island-lighthouse-structure_buildschematics_x.schem","Island Lighthouse Structure","waterfront","medium|tall|water","25x76x27","21876","buildschematics","good","misfit","waterfront","extra","-house","extra:house","meta-word-in-name","name-conflict","waterfront","","mismatch","светлая башня маяка на кубе воды, к жилым зданиям не относится, нужна набережная"
"commercial_italian-gelato-shop-small-build_buildschematics_262.schem","Italian Gelato Shop Small Build","commercial","medium|shop","36x30x29","1475","buildschematics","good","ok","","ok","","","meta-word-in-name","name-supports","","","ok","небольшой кремовый магазинчик с навесом, витринами и наружной лестницей, размер сходится"
"transport_japanese-electric-train-coach-schematic_buildschematics_x.nbt","Japanese Electric Train Coach Schematic","transport","tiny","7x7x26","278","buildschematics","good","ok","","ok","","","meta-word-in-name","name-supports","","","ok","серый вагон электрички с оконной полосой и буферами, компактный и читаемый"
"residential_jungle-wood-house-with-furniture_buildschematics_x.schem","Jungle Wood House with Furniture","residential","house|large","90x39x90","86647","buildschematics","good","ok","","ok","","","","name-supports","","","ok","круглый деревянный дом с покатой крышей на площадке с дорожками и купальнями"
"residential_kami-house-minecraft-build_buildschematics_x.schem","Kami House Minecraft Build","residential","house|medium","37x36x35","4692","buildschematics","partial","ok","","ok","","","franchise|meta-word-in-name","name-supports","","","minor","ледяный остров с несколькими постройками, стиль «ками» и японский мотив не читаются"
"residential_large-modern-house_buildschematics_x.schem","Large Modern House","residential","house|large|modern","53x32x73","41584","buildschematics","good","ok","","ok","","","duplicate-name","name-supports","","","ok","современный серый дом с плоской крышей и каменным основанием на газоне, всё сходится"
"residential_large-woodland-manor-house_buildschematics_x.schem","Large Woodland Manor House","residential","house|medium","53x21x48","18838","buildschematics","good","ok","","ok","","","","name-supports","","","ok","большой деревянный особняк с бассейном и колоннадой, деревянная фактура читается"
"waterfront_luxury-yacht-small-boat-design_buildschematics_x.schem","Luxury Yacht - Small Boat Design","vehicles","boat|small","46x14x11","1696","buildschematics","good","misfit","vehicles","extra","-shop","","vehicle","name-elsewhere","commercial","words→commercial, image→vehicles","mismatch","белая яхта с красной окантовкой палубы; судно должно быть в vehicles, магазина нет"
"vehicles_luxury-yacht_buildschematics_x.schem","Luxury Yacht","vehicles","boat|medium","54x16x18","2634","buildschematics","good","ok","","ok","","","","name-supports","","","ok","белая яхта с надстройкой и синим пятном на палубе, категория vehicles верна"
"decor_magical-tree-structure_buildschematics_x.schem","Magical Tree Structure","decor","tiny|tree","7x11x7","84","buildschematics","good","ok","","ok","","","meta-word-in-name|non-real/fantasy","name-supports","","","ok","крошечное деревце с бледной кроной на зелёном плинте, теги tiny и tree сходятся"
"residential_medium-apartment-building_buildschematics_x.schem","Medium Apartment Building","residential","apartment|medium|tall","19x64x35","15114","buildschematics","good","ok","","ok","","","","name-supports","","","ok","типовой серый жилой дом с регулярной сеткой окон, высота и этажность читаются"
"waterfront_medium-lighthouse-tower_buildschematics_x.schem","Medium Lighthouse Tower","waterfront","medium|tall|tower","32x93x26","6377","buildschematics","good","ok","","extra","-house -water","extra:house","","name-supports","","","minor","высокий полосатый маяк на постаменте, воды вокруг не видно, домом он не является"
"residential_medium-townhouse-structure_buildschematics_x.schem","Medium Townhouse Structure","residential","house|medium","21x37x39","11326","buildschematics","good","ok","","ok","","extra:house","meta-word-in-name","name-supports","","","ok","коричневый таунхаус с окнами и балконами, пропорции и размер названию соответствуют"
"waterfront_medium-yacht-boat_buildschematics_x.schem","Medium Yacht Boat","vehicles","boat|medium","20x20x61","4725","buildschematics","good","misfit","vehicles","ok","","","vehicle","name-elsewhere","vehicles","","mismatch","бледная яхта с надстройкой; судно попало не в ту категорию, нужен vehicles"
"industrial_mega-tower-with-working-elevators_buildschematics_x.schem","Mega Tower With Working Elevators","towers","huge|tall|tower","51x254x44","117512","buildschematics","good","misfit","towers","ok","","","non-building-in-name","name-elsewhere","towers","","mismatch","тонкая высокая башня с лифтовой шахтой и окнами, к промышленным постройкам не относится"
"residential_modern-apartment-building-03_buildschematics_x.schem","Modern Apartment Building 03","residential","apartment|medium|modern","24x40x49","15744","buildschematics","good","ok","","ok","","","","name-supports","","","ok","многоэтажный жилой блок с балконной сеткой и гладким фасадом, всё сходится"
"residential_modern-apartment-shops-and-housing_buildschematics_x.schem","Modern Apartment Shops and Housing","residential","apartment|medium|modern|tall","30x44x30","14739","buildschematics","partial","ok","","extra","-shop","","","name-supports","","","minor","серый жилой комплекс с колоннами балконов, боковая стена глухая, магазины не видны"
"towers_modern-apartment-tower-10-floors_buildschematics_x.schem","Modern Apartment Tower &#8211; 10 Floors","towers","apartment|large|modern|tall|tower","58x63x57","29903","buildschematics","good","ok","","ok","","","duplicate-name","name-supports","","","ok","бледно-голубая башня с балконами и чёткими этажами, около десяти этажей правдоподобно"
"commercial_modern-burger-cafe-with-elevator_buildschematics_x.schem","Modern Burger Cafe With Elevator","commercial","modern|small","21x27x24","6552","buildschematics","good","ok","","ok","","","non-building-in-name","name-supports","","","ok","компактное здание с витринами, навесами и входной группой, коммерческий характер виден"
"residential_modern-city-apartment-tower_buildschematics_x.schem","Modern City Apartment Tower","residential","apartment|large|modern|tall|tower","49x44x71","30878","buildschematics","good","ok","","ok","","","","name-supports","","","ok","современная городская башня с гладкими фасадами и колоннами, высота читается"
"residential_modern-dark-oak-residence_buildschematics_x.schem","Modern Dark Oak Residence","residential","medium|modern|tree","39x29x41","19520","buildschematics","good","ok","","extra","-apartment","","","name-supports","","","minor","дом с двускатной крышей, светлые стены и деревья вокруг; это дом, а не апартаменты"
"residential_modern-duplex-house_buildschematics_x.schem","Modern Duplex House","residential","house|modern|small","32x19x16","2723","buildschematics","good","ok","","ok","","","","name-supports","","","ok","белый дуплекс из двух объёмов с красными вставками, форма названию соответствует"
"residential_modern-home-exterior_buildschematics_x.schem","Modern Home Exterior","residential","house|medium|modern|pool","52x22x30","10218","buildschematics","good","ok","","missing","+pool","","","name-supports","","","minor","современный белый дом с плоскими крышами и бассейном у террасы, бассейн не отмечен в тегах"
"towers_modern-hotel-building-with-fountain_buildschematics_x.schem","Modern Hotel Building With Fountain","commercial","hotel|medium|modern","66x31x48","17840","buildschematics","good","misfit","commercial","extra","-fountain -water","","","name-elsewhere","commercial","","mismatch","низкий серо-коричневый корпус на площадке, ни фонтана, ни воды не видно, башня это не"
"towers_modern-office-tower-design_buildschematics_x.schem","Modern Office Tower Design","towers","medium|modern|office|tall|tower","32x65x31","16692","buildschematics","good","ok","","ok","","","","name-supports","","","ok","высокая башня с вертикальными оконными лентами и шапкой, офисная башня читается"
"commercial_modern-retail-store_buildschematics_x.schem","Modern Retail Store","commercial","modern|shop|small","21x15x16","1207","buildschematics","good","ok","","ok","","","","name-supports","","","ok","небольшой серо-белый магазин с витринами вдоль фасада, размер и категория сходятся"
"commercial_modern-server-shop_buildschematics_x.schem","Modern Server Shop","commercial","medium|modern|shop","36x18x36","5602","buildschematics","good","ok","","ok","","","","name-supports","","","ok","здание с остеклённым фасадом в белой раме, торговый характер и средний размер видны"
"commercial_modern-shop-house_buildschematics_x.schem","Modern Shop House","commercial","house|medium|modern|shop|tall","27x51x27","3282","buildschematics","good","ok","","ok","","","","name-supports","","","ok","двухэтажный магазин-дом с широкой витриной первого этажа, силуэт читается"
"residential_modern-sphere-house-design_buildschematics_x.schem","Modern Sphere House Design","residential","house|large|modern|tall","66x43x61","19166","buildschematics","partial","ok","","ok","","","","name-supports","","","minor","дом с террасами и синими площадками, сферическая форма из названия не подтверждается"
"decor_modern-street-with-five-houses_buildschematics_x.schem","Modern Street With Five Houses","roads","house|huge|modern|road|tree","139x25x200","83871","buildschematics","good","misfit","roads","ok","","","","name-supports","","","mismatch","сверху видна улица с дорогой, газонами и несколькими домами, к декору это не относится"
"residential_modern-three-story-house-2_buildschematics_x.schem","Modern Three-Story House","residential","house|modern|small","23x22x17","1969","buildschematics","good","ok","","ok","","","","name-supports","","","ok","трёхэтажный деревянный дом с тёмной крышей, аккуратный и хорошо читаемый"
"residential_modern-townhouse-with-furniture_buildschematics_x.schem","Modern Townhouse with Furniture","residential","house|medium|modern","43x25x46","12213","buildschematics","good","ok","","ok","","extra:house","","name-supports","","","ok","дом в разрезе с видимой мебелью, перегородками и лестницами, интерьер читается"
"residential_modern-two-story-house-with-garage_buildschematics_x.schem","Modern Two-Story House With Garage","residential","house|medium|modern","36x29x52","5820","buildschematics","partial","ok","","extra","-parking","extra:parking","","name-supports","","","minor","светлый двухэтажный дом на большом газоне, ворота гаража и парковка в кадре не читаются"
"residential_modern-two-story-house-with-pond_buildschematics_x.schem","Modern Two-Story House With Pond","residential","house|modern|small","19x11x19","1933","buildschematics","partial","ok","","extra","-pool -water","extra:pool","","name-supports","","","minor","белый дом с тёмно-красными полосами по этажам на участке, пруда в кадре не видно"
"residential_modern-urban-apartment-house_buildschematics_x.schem","Modern Urban Apartment House","residential","apartment|house|large|modern|tall","79x70x87","40432","buildschematics","good","ok","","ok","","","","name-supports","","","ok","комплекс из нескольких высотных серых башен на общей плите, городской характер читается"
"transport_monorail-maglev-transportation-system_buildschematics_x.nbt","Monorail Maglev Transportation System","transport","tiny","6x6x51","263","buildschematics","good","ok","","ok","","","","name-supports","","","ok","длинный тонкий состав монорайли с голубыми окнами, читается"
"transport_narrow-gauge-train-with-caboose_buildschematics_x.nbt","Narrow Gauge Train With Caboose","transport","tiny","5x6x18","86","buildschematics","good","ok","","ok","","","","name-supports","","","ok","узкоколожный локомотив с вагончиком, красно-жёлтые акценты видны"
"transport_passenger-train-carriage_buildschematics_x.nbt","Passenger Train Carriage","transport","car|tiny","5x6x21","181","buildschematics","good","ok","","ok","","extra:car","non-building-in-name","name-conflict","vehicles","words→vehicles, image→ok","ok","вытянутый пассажирский вагон с тёмными окнами, силуэт читается"
"industrial_pennsylvania-railroad-coaling-tower_buildschematics_x.nbt","Pennsylvania Railroad Coaling Tower","industrial","car|medium|tower","33x24x40","5649","buildschematics","good","ok","","extra","-road","extra:road extra:car","","name-elsewhere","towers","words→towers, image→ok","minor","коричневая угольная башня над ж/д площадкой; тег road картинкой не подтверждается"
"commercial_pokemart-shop_buildschematics_x.schem","PokeMart Shop","commercial","shop|tiny","15x9x10","711","buildschematics","good","ok","","ok","","","franchise","name-supports","","","ok","голубой кубический магазин на газоне, но название связано с франшизой Pokémon"
"residential_portland-style-townhouse-two-story-design_buildschematics_x.schem","Portland-Style Townhouse - Two Story Design","residential","house|small","12x19x20","2180","buildschematics","partial","ok","","ok","","extra:house","","name-supports","","","minor","узкий городской дом с колоннами окон, стиль и число этажей не читаются"
"residential_quartz-home_buildschematics_x.schem","Quartz Home","residential","house|medium","48x20x57","8888","buildschematics","good","ok","","ok","","","","name-supports","","","ok","большой белый дом из кварца с тёмной кровлей и зелёным участком"
"roads_realistic-highway-tunnel-for-minecraft_buildschematics_x.schem","Realistic Highway Tunnel For Minecraft","roads","large|road","51x25x382","293201","buildschematics","good","ok","","ok","","","franchise|meta-word-in-name","name-supports","","","ok","длинный бетонный тоннель с порталом и подъездами, читается"
"residential_red-japanese-house-2-minecraft-build_buildschematics_262.schem","Red Japanese House 2 Minecraft Build","residential","house|medium","21x34x45","4378","buildschematics","partial","ok","","ok","","","franchise|meta-word-in-name","name-supports","","","minor","тёмно-коричневое основание со светлой надстройкой, красного японского дома не видно"
"transport_ridable-german-ice-train_buildschematics_x.nbt","Ridable German ICE Train","transport","small","71x6x7","1076","buildschematics","good","ok","","ok","","","","name-supports","","","ok","белый скоростной поезд со светло-голубыми окнами и локомотивом"
"residential_ridge-mansion-with-pool-and-tower_buildschematics_x.schem","Ridge Mansion With Pool And Tower","residential","house|huge|pool|tall|tower|water","80x57x179","155086","buildschematics","good","ok","","ok","","","","name-supports","","","ok","огромный особняк с башней, газоном и водным участком у террасы"
"waterfront_riverside-log-cabin-with-dock_buildschematics_x.schem","Riverside Log Cabin with Dock","waterfront","boat|house|small|water","23x27x22","3584","buildschematics","good","ok","","ok","","extra:house extra:boat","","name-supports","","","ok","бревенчатая хижина у воды с настилом-доком, всё на месте"
"residential_row-house-facade-design_buildschematics_x.schem","Row House Facade Design","residential","house|medium","36x21x36","5633","buildschematics","good","ok","","ok","","","","name-supports","","","ok","фасад ряда домов с рядами красных окон на зелёном основании"
"commercial_rustic-log-cabin-shop_buildschematics_x.schem","Rustic Log Cabin Shop","commercial","house|shop|tiny","11x8x15","652","buildschematics","good","ok","","ok","","extra:house","","name-supports","","","ok","сруб с треугольным фасадом из брёвен и витриной, читается как магазин"
"public_rustic-overgrown-church_buildschematics_x.schem","Rustic Overgrown Church","public","church|small","22x21x23","1487","buildschematics","good","ok","","ok","","","","name-supports","","","ok","небольшая деревянная церковь, стены и крыша заросшие зеленью"
"public_rustic-wooden-train-station_buildschematics_x.schem","Rustic Wooden Train Station","public","small|station","27x15x26","5928","buildschematics","good","ok","","ok","","","","name-elsewhere","transport","words→transport, image→ok","ok","крупная деревянная постройка с высокой двускатной крышей, вокзал читается"
"decor_sakura-tree-decoration_buildschematics_x.schem","Sakura Tree Decoration","decor","huge|tall|tree","92x91x95","42053","buildschematics","good","ok","","ok","","","","name-supports","","","ok","дерево с ярко-розовой кроной на зелёном основании, сакура читается"
"transport_sandstone-cliffside-mansion-with-boat-dock_buildschematics_x.schem","Sandstone Cliffside Mansion with Boat Dock","waterfront","boat|house|huge|water","163x36x110","216123","buildschematics","good","misfit","waterfront","ok","","","","name-supports","","","mismatch","песчаниковый особняк на склоне у воды с доком; категория transport не соответствует"
"public_sandstone-library-building_buildschematics_x.schem","Sandstone Library Building","public","library|small","15x20x34","3681","buildschematics","good","ok","","ok","","","","name-supports","","","ok","песчаниковое здание с вертикальными лопатками и синими окнами"
"public_sao-paulo-central-train-station-structure_buildschematics_x.schem","Sao Paulo Central Train Station Structure","public","large|station|tall","69x77x68","40838","buildschematics","good","ok","","ok","","","meta-word-in-name","name-elsewhere","transport","words→transport, image→ok","ok","крупный вокзал со светло-голубым остеклением и высоким объёмом"
"decor_sazayama-prefecture-decoration-tree-big-9_buildschematics_x.schem","Sazayama Prefecture Decoration Tree Big 9","decor","small|tree","11x26x11","52","buildschematics","partial","ok","","ok","","","","name-supports","","","minor","ветвящиеся голые стволы без листвы, дерево читается не целиком"
"decor_sazayama-prefecture-decoration-tree-cherry-1_buildschematics_x.schem","Sazayama Prefecture Decoration Tree Cherry 1","decor","small|tree","24x18x21","102","buildschematics","good","ok","","ok","","","","name-supports","","","ok","дерево с плотной серо-зелёной кроной и стволом, форма читается"
"decor_sazayama-prefecture-decoration-tree-palm-2_buildschematics_x.schem","Sazayama Prefecture Decoration Tree Palm 2","decor","tiny|tree","5x11x5","27","buildschematics","good","ok","","ok","","","","name-supports","","","ok","пальма с широкой кроной голубоватого оттенка на прямом стволе"
"public_shakespearean-theater-structure_buildschematics_x.schem","Shakespearean Theater Structure","public","small","26x12x33","3778","buildschematics","partial","ok","","ok","","","meta-word-in-name","name-supports","","","minor","крупное коричневое здание с подсвеченным входом, театральных признаков не видно"
"commercial_shopping-mall-elevator-with-floor-selection_buildschematics_x.schem","Shopping Mall Elevator with Floor Selection","commercial","medium","28x30x23","7321","buildschematics","partial","ok","","extra","-shop","","non-building-in-name","name-supports","","","minor","глухая серо-бежевая коробка, лифт и панель выбора этажей не различимы"
"decor_simple-beginner-treehouse_buildschematics_262.schem","Simple Beginner Treehouse","decor","house|small|tree","22x31x18","4612","buildschematics","good","ok","","extra","-hotel","extra:house extra:hotel","","name-supports","","","minor","домик в кроне дерева на зелёном участке; тег hotel картинка не подтверждает"
"transport_single-cart-metro-train_buildschematics_x.nbt","Single Cart Metro Train","transport","car|tiny","14x5x5","92","buildschematics","partial","ok","","ok","","extra:car","non-building-in-name","name-supports","","","minor","удлинённый вагончик коричнево-жёлтых тонов, метро читается с натяжкой"
"residential_small-apartment-building-exterior_buildschematics_x.schem","Small Apartment Building Exterior","residential","apartment|small","15x14x15","1560","buildschematics","good","ok","","extra","-shop","","","name-conflict","commercial","words→commercial, image→ok","minor","серо-белый дом с блоками голубых окон на газоне; тег shop лишний"
"residential_small-arabian-house_buildschematics_x.schem","Small Arabian House","residential","house|tiny","8x6x7","208","buildschematics","good","ok","","extra","-shop","","","name-conflict","commercial","words→commercial, image→ok","minor","песочный дом с плоской кровлей и тёплыми тонами, магазина не видно"
"residential_small-furnished-apartment-building_buildschematics_x.schem","Small Furnished Apartment Building","residential","apartment|small","26x19x8","1950","buildschematics","good","ok","","extra","-shop","","","name-conflict","commercial","words→commercial, image→ok","minor","светло-серый дом с окнами и бежевой боковой стеной; тег shop лишний"
"industrial_small-grain-elevator-structure_buildschematics_x.schem","Small Grain Elevator Structure","industrial","large|tall","26x67x72","10390","buildschematics","good","ok","","extra","-shop","","meta-word-in-name|non-building-in-name","name-elsewhere","commercial","words→commercial, image→ok","minor","ряд высоких вертикальных силосов, элеватор читается; тег shop лишний"
"commercial_small-hotel-with-garden_buildschematics_x.schem","Small Hotel With Garden","commercial","hotel|park|small","23x18x8","1154","buildschematics","good","ok","","extra","-shop","","","name-supports","","","minor","здание с зелёным садом и цветными акцентами у входа; тег shop не виден"
"waterfront_small-lighthouse-tower_buildschematics_x.schem","Small Lighthouse Tower","waterfront","house|medium|tall|tower|water","24x45x23","2798","buildschematics","good","ok","","extra","-shop","extra:house","","name-conflict","commercial","words→commercial, image→ok","minor","серый маяк на синей воде с жёлтыми огнями; тег shop лишний"
"residential_small-modern-house-2_buildschematics_x.schem","Small Modern House","residential","house|modern|small","23x14x25","1525","buildschematics","good","ok","","extra","-shop","","duplicate-name","name-conflict","commercial","words→commercial, image→ok","minor","коричневый дом с голубыми окнами и светлой террасой; тег shop лишний"
"public_small-modern-train-station_buildschematics_x.schem","Small Modern Train Station","public","medium|modern|station","34x40x33","10394","buildschematics","good","ok","","extra","-shop","","","name-elsewhere","commercial","words→commercial, image→ok","minor","здание с красной кровлёй и голубым остеклением — вокзал; тег shop лишний"
"waterfront_small-motorboat-vehicle_buildschematics_x.nbt","Small Motorboat Vehicle","vehicles","boat|tiny","8x3x5","35","buildschematics","good","misfit","vehicles","extra","-shop","extra:boat","vehicle","name-elsewhere","commercial","words→commercial, image→vehicles","mismatch","коричневый катер с бледной палубой — судно, waterfront ему не подходит"
"residential_small-rustic-log-cabin-house_buildschematics_x.schem","Small Rustic Log Cabin House","residential","house|small","18x14x41","3882","buildschematics","good","ok","","extra","-shop","","","name-supports","","","minor","бревенчатый дом с высокой кровлёй и зелёным участком; тег shop лишний"
"bridges_small-single-track-railway-bridge_buildschematics_x.schem","Small Single-Track Railway Bridge","bridges","bridge|tiny","5x9x29","397","buildschematics","good","ok","","extra","-shop","","","name-conflict","commercial","words→commercial, image→ok","minor","однопутный мост на опорах из серого камня; тег shop не подтверждается"
"residential_small-terraced-houses-with-garage_buildschematics_x.schem","Small Terraced Houses with Garage","residential","house|large|parking","263x34x54","72829","buildschematics","good","ok","","extra","-car -shop","extra:parking extra:car","","name-supports","","","minor","длинный ряд красных террасных домов с гаражом на торце, ни машин, ни магазина не видно"
"commercial_small-town-cafe-building_buildschematics_x.schem","Small Town Cafe Building","commercial","shop|small","18x11x14","1525","buildschematics","partial","ok","","ok","","","","name-supports","","","minor","маленькое кубическое здание с плоской крышей и фонарём, признаков кафе нет"
"transport_small-wooden-boat-dock_buildschematics_x.schem","Small Wooden Boat Dock","transport","boat|small|water","16x9x22","560","buildschematics","good","ok","","extra","-shop","","","name-conflict","commercial","words→commercial, image→ok","minor","деревянный причал с постройкой на синей воде, лавки в кадре нет"
"waterfront_small-yacht-for-one-or-two_buildschematics_x.schem","Small Yacht for One or Two","vehicles","boat|medium","58x32x23","1097","buildschematics","good","misfit","vehicles","extra","-shop","","vehicle","name-elsewhere","commercial","words→commercial, image→vehicles","mismatch","судно-яхта на воде: это техника, а не набережная, и торговой палубы не видно"
"residential_spacious-modern-mansion_buildschematics_x.schem","Spacious Modern Mansion","residential","house|medium|modern","34x17x36","5354","buildschematics","partial","ok","","ok","","","","name-supports","","","minor","крупный дом со ступенчатой серой крышей и большими окнами, стиль модерн читается неясно"
"vehicles_speedboat-vehicle_buildschematics_x.schem","Speedboat Vehicle","vehicles","boat|tiny","7x4x24","346","buildschematics","good","ok","","ok","","extra:boat","","name-supports","","","ok","маленький белый катер на воде, категория и теги совпадают"
"parks_square-earth-build-2_buildschematics_x.schem","Square Earth Build","decor","medium","31x31x31","16852","buildschematics","good","misfit","decor","extra","-park","extra:park","meta-word-in-name","name-silent","","","mismatch","серый куб с рельефом поверхности: парка и зелени здесь нет, это декоративный объект"
"residential_starter-house-and-workshop_buildschematics_x.nbt","Starter House and Workshop","residential","house|shop|small","35x14x17","1917","buildschematics","good","ok","","ok","","extra:shop","","name-supports","","","ok","деревянный дом с открытой стропильной рамой и двориком с прудом, читается"
"industrial_stone-factory-building-20315-blocks_buildschematics_x.nbt","Stone Factory Building - 20315 Blocks","industrial","large","66x29x108","20315","buildschematics","good","ok","","ok","","","","name-supports","","","ok","крупное серое промышленное здание-коробка с плоской крышей и входным навесом"
"residential_teenager-club-house-design_buildschematics_x.schem","Teenager Club House Design","residential","house|large|tall","51x61x39","17315","buildschematics","partial","ok","","ok","","","","name-supports","","","minor","большое красное здание с широкой двускатной крышей, признаков клуба не видно"
"residential_terraced-wooden-house_buildschematics_x.schem","Terraced Wooden House","residential","house|medium","43x19x41","6065","buildschematics","partial","ok","","extra","-car","extra:car","","name-supports","","","minor","деревянный комплекс с террасной застройкой и фонарями, машины во дворе нет"
"waterfront_to-the-moon-lighthouse-house_buildschematics_x.schem","To The Moon Lighthouse House","waterfront","house|medium|water","28x27x37","10609","buildschematics","good","ok","","ok","","","","name-supports","","","ok","остров с домом, круглой башней-маяком и участком воды, всё видно"
"roads_town-hall-building-with-road_buildschematics_x.schem","Town Hall Building With Road","roads","large|road","131x28x121","30230","buildschematics","good","ok","","ok","","","","name-supports","","","ok","кирпичное здание ратуши, обнесённое асфальтовой дорогой-кольцом на газоне"
"vehicles_transport-van-with-barrel-storage_buildschematics_x.nbt","Transport Van with Barrel Storage","vehicles","car|tiny","9x5x5","58","buildschematics","good","ok","","ok","","extra:car","","name-supports","","","ok","маленький белый фургон с бочками на кузове, размеры и категория верны"
"commercial_tudor-blacksmith-shop_buildschematics_x.schem","Tudor Blacksmith Shop","commercial","shop|small","22x18x17","1028","buildschematics","partial","ok","","ok","","","non-real/fantasy","name-supports","","","minor","каменное строение со ступенчатой крышей и столбами, тюдоровский облик не читается"
"residential_tudor-house-with-hayloft-and-stables_buildschematics_x.schem","Tudor House with Hayloft and Stables","residential","house|small","21x17x26","1936","buildschematics","partial","ok","","ok","","","","name-supports","","","minor","два отдельных дома с двускатными крышами, конюшню и сенник отличить невозможно"
"towers_twin-towers-gate-with-auto-night-protection_buildschematics_x.schem","Twin Towers Gate with Auto Night Protection","towers","tiny|tower","20x14x7","868","buildschematics","good","ok","","ok","","","fantasy|non-building-in-name","name-supports","","","ok","каменные ворота с двумя зубчатыми башнями и факелами: средневековье, не реальная архитектура"
"towers_united-we-craft-server-tower_buildschematics_x.schem","United We Craft Server Tower","towers","large|tall|tower","41x126x34","33808","buildschematics","good","ok","","ok","","","","name-supports","","","ok","высокая башня со стеклянным фасадом на подиуме, всё сходится"
"transport_vertical-modular-garage-system_buildschematics_x.nbt","Vertical Modular Garage System","transport","medium|parking","20x33x45","967","buildschematics","partial","ok","","ok","","extra:parking","","name-silent","","","minor","чёрные перекрытия парковки и трубы, но узлы конструкции выглядят разрозненно"
"roads_vienna-street-house-67_buildschematics_x.schem","Vienna Street House 67","residential","house|medium|tall","29x41x20","6565","buildschematics","good","misfit","residential","extra","-road -tree","","","name-supports","","","mismatch","узкий многоэтажный дом с декоративным фасадом стоит на газоне: ни дороги, ни дерева нет"
"residential_william-andrews-apartment-building_buildschematics_x.schem","William Andrews Apartment Building","residential","apartment|medium","54x30x61","21644","buildschematics","good","ok","","ok","","","","name-supports","","","ok","светлый жилой блок с плоской крышей, остеклённой секцией и газоном"
"decor_wishing-well-village-centerpiece_buildschematics_x.schem","Wishing Well - Village Centerpiece","decor","huge|tall","100x53x101","46897","buildschematics","partial","ok","","extra","-house","","","name-supports","","","minor","круглая многоярусная постройка с зелёным верхом и скамьями, колодец не читается"
"waterfront_yellow-and-red-lighthouse-structure_buildschematics_x.schem","Yellow and Red Lighthouse Structure","waterfront","medium|tall|water","21x53x21","2716","buildschematics","partial","ok","","extra","-house","extra:house","meta-word-in-name","name-supports","","","minor","высокий цилиндрический маяк с красной вершиной, но жёлтого цвета и дома здесь нет"
"residential_wooden-house_mcbuild_x.schem","Wooden house","residential","house|small","23x22x15","1499","mcbuild","good","ok","","ok","","","","name-supports","","","ok","деревянный дом с двускатной крышей и трубой на земельном участке"
"waterfront_diagonal-shore-port_mcbuild_x.schem","diagonal shore port","waterfront","medium|tall","43x45x48","9686","mcbuild","good","ok","","ok","","","","name-elsewhere","transport","words→transport, image→ok","ok","порт на диагональном берегу: синяя вода, деревянные причалы, краны и суда"
"commercial_small-fountain_mcbuild_x.schem","Small fountain","decor","fountain|tiny|water","11x10x11","186","mcbuild","good","misfit","decor","extra","-shop","","","name-supports","","","mismatch","ярусный фонтан с водой — это малая декоративная форма, а не коммерческое здание"
"residential_old-wooden-house_mcbuild_x.schem","Old Wooden House","residential","house|medium","29x15x35","3293","mcbuild","good","ok","","ok","","","","name-supports","","","ok","старый деревянный дом с каменной дорожкой и прудом на участке"
"bridges_stonewood-bridge_mcbuild_x.schem","Stonewood Bridge","bridges","bridge|tiny","7x8x29","317","mcbuild","good","ok","","ok","","","","name-supports","","","ok","каменно-деревянный мостик с перилами и опорами, всё читается"
"residential_cave-house_mcbuild_x.schem","Cave House","residential","medium","36x32x46","3321","mcbuild","partial","ok","","extra","-house","","","name-supports","","","minor","зелёный холм с каменным обрывом и большим деревом, жилой части снаружи не видно"
"residential_modern-house-10_mcbuild_x.schem","Modern House 10","residential","house|medium|modern","54x24x59","32799","mcbuild","good","ok","","ok","","","","name-supports","","","ok","современный дом с плоской крышей и террасой на огороженном участке"
"residential_modern-house--11_mcbuild_x.schem","Modern House #11","residential","house|large|modern","62x33x74","45530","mcbuild","good","ok","","ok","","","","name-supports","","","ok","крупный бело-красный дом в стиле модерн с бассейном и изгородями"
"bridges_stone-bridge_mcbuild_x.schem","Stone Bridge","bridges","bridge|tiny","5x8x41","652","mcbuild","good","ok","","ok","","","","name-supports","","","ok","каменный мост с арочными опорами, название и категория верны"
"residential_treehouse_mcbuild_x.schem","Treehouse","residential","house|small|tree","20x26x21","1485","mcbuild","good","ok","","ok","","extra:house","","name-conflict","decor","words→decor, image→ok","ok","домики с настилами на мощном дереве, всё видно"
"residential_teahouse_mcbuild_x.schem","Teahouse","residential","house|small","18x16x47","2036","mcbuild","partial","ok","","ok","","extra:house","","name-supports","","","minor","длинная постройка с несколькими двускатными крышами и фонарями, чайный дом неочевиден"
"residential_lakehouse_mcbuild_x.schem","Lakehouse","residential","house|medium|water","37x26x49","9758","mcbuild","good","ok","","missing","+water","extra:house","","name-supports","","","minor","деревянный дом стоит прямо у синего водоёма, но тега воды в списке нет"
"decor_tree--lanterns-_mcbuild_x.schem","Tree (Lanterns)","decor","tiny|tree","10x11x11","34","mcbuild","partial","ok","","ok","","","","name-supports","","","minor","голое дерево с парой коричневых блоков вместо кроны, фонари не разобрать"
"residential_traditional-spruce-house_mcbuild_x.schem","Traditional Spruce House","residential","house|small","21x16x17","2781","mcbuild","good","ok","","extra","-tree","","","name-supports","","","minor","деревянный дом с двускатной крышей на газоне, деревьев рядом нет"
"commercial_asian-4-storey-pagoda-nr3_mcbuild_x.schem","Asian 4 Storey Pagoda Nr3","towers","medium|tall","44x54x43","2244","mcbuild","good","misfit","towers","extra","-shop","","","name-supports","","","mismatch","четырёхъярусная пагода с подвесными фонарями: это башня-сооружение, а не магазин"
"residential_rustic-modern-home_mcbuild_x.schem","Rustic-Modern Home","residential","house|medium|modern","33x31x34","7442","mcbuild","good","ok","","ok","","","","name-supports","","","ok","деревянный дом с патио, мебелью и ограждённым двором, стиль совпадает"
"commercial_asian-hotel_mcbuild_x.schem","Asian Hotel","commercial","hotel|medium","37x22x54","9646","mcbuild","good","ok","","ok","","","","name-supports","","","ok","низкий деревянный комплекс с внутренним двором, двускатными крышами и фонарями"
"residential_dark-oak-house_mcbuild_x.schem","Dark Oak House","residential","house|small|tree","25x39x15","1994","mcbuild","good","ok","","ok","","","","name-supports","","","ok","тёмный деревянный дом с высокой крышей и белой трубой на зелёном участке"
"residential_contemporary-home_mcbuild_x.schem","Contemporary Home","residential","house|large|modern","81x34x53","13666","mcbuild","good","ok","","ok","","","","name-supports","","","ok","широкий серо-бетонный дом с большими вставками из голубого стекла, низкий"
"residential_modern-house-green---update-from-2016-_mcbuild_x.schem","Modern House(Green) [Update from 2016]","residential","house|large|modern|tall","52x60x52","29486","mcbuild","good","ok","","ok","","","","name-supports","","","ok","серый современный дом с зелёными акцентами на фасаде и высоким объёмом"
"residential_big-spruce-house_mcbuild_x.schem","Big spruce house","residential","house|medium|tree","42x37x35","10459","mcbuild","good","ok","","ok","","","","name-supports","","","ok","деревянный дом с высокой двускатной крышей, фонарями и зелёным двором"
"towers_tower-gate--zerohero1458-_mcbuild_x.schem","Tower Gate (ZeroHero1458)","towers","small|tall|tower","23x49x13","2451","mcbuild","partial","ok","","ok","","","non-building-in-name","name-supports","","","minor","узкая каменно-деревянная башня на траве, проём ворот внизу не читается"
"residential_spruce-village-pack---church_mcbuild_x.schem","Spruce Village Pack - Church","public","church|house|small|tree","16x26x11","839","mcbuild","good","misfit","public","ok","","","","name-supports","","","mismatch","маленькая деревянная часовня с высоким шпилем; к жилым зданиям не относится"
"decor_big-tree--v-1-0-_mcbuild_x.schem","Big Tree [v.1.0]","decor","medium|tall|tree","47x49x44","7406","mcbuild","good","ok","","ok","","","","name-supports","","","ok","дерево с густой коричневой кроной на толстом стволе, листва сухая"
"residential_nice-looking-house_mcbuild_x.schem","Nice looking House","residential","house|small","20x18x19","2960","mcbuild","good","ok","","ok","","","","name-supports","","","ok","небольшой каменный дом с деревянными деталями и окнами, аккуратный"
"public_minecraft---vet-clinic_mcbuild_x.schem","Minecraft - Vet Clinic","public","hospital|medium","38x25x46","6804","mcbuild","good","ok","","ok","","","franchise","name-supports","","","ok","серо-белое здание с витринами и синими акцентами вдоль фасада, читается"
"decor_big-tree_mcbuild_x.schem","Big Tree","decor","large|tall|tree","56x58x51","2833","mcbuild","good","ok","","ok","","","duplicate-name","name-supports","","","ok","высокое дерево с редкой коричневой кроной, зелени почти нет"
"industrial_factory-2-0_mcbuild_x.schem","Factory 2.0","industrial","large|tall","68x48x75","28457","mcbuild","good","ok","","ok","","","","name-supports","","","ok","промышленный комплекс из серого камня и красного кирпича с трубами"
"decor_ancient-oak-tree_mcbuild_x.schem","Ancient oak tree","decor","small|tree","21x14x18","63","mcbuild","good","ok","","ok","","","","name-supports","","","ok","облезлое дерево целиком из бруса, листвы и травы нет, ветви читаются"
"residential_modern-house-1_mcbuild_x.schem","Modern house 1","residential","house|medium|modern","36x29x52","6414","mcbuild","good","ok","","ok","","","","name-supports","","","ok","низкий светло-серый дом с плоской крышей на просторном газоне"
"residential_modern-house-2_mcbuild_x.schem","Modern house 2","residential","house|medium","41x39x57","5074","mcbuild","partial","ok","","extra","-modern","","","name-supports","","","minor","деревяно-серый дом на огромном газоне, признаков современного стиля мало"
"residential_mediterranean-style---traditional-house_mcbuild_x.schem","Mediterranean Style | Traditional House","residential","house|large","84x35x85","29269","mcbuild","good","ok","","ok","","","","name-supports","","","ok","крупный дом со светлыми стенами, террасами и газоном вокруг"
"residential_modern-apartment-building---1-6-2_mcbuild_x.schem","Modern Apartment Building | 1.6.2","residential","apartment|large|modern|tall","58x63x57","29595","mcbuild","good","ok","","ok","","","","name-supports","","","ok","высотный дом со светлым фасадом, тёмными окнами и зеленью у основания"
"commercial_wood-shop_mcbuild_x.schem","Wood Shop","commercial","large|shop|tall","69x87x70","65191","mcbuild","good","ok","","ok","","","","name-supports","","","ok","крупная постройка: тёмно-серая плоская кровля и деревянный каркас сверху"
"residential_mansion_mcbuild_x.schem","Mansion","residential","house|large","81x40x76","56861","mcbuild","good","ok","","ok","","","duplicate-name","name-supports","","","ok","крупный особняк с несколькими крыльями, камнем и деревом в отделке"
"towers_tower-with-clock_mcbuild_x.schem","Tower with clock","towers","medium|tall|tower","29x50x35","4015","mcbuild","partial","ok","","ok","","","","name-supports","","","minor","деревянная башня на большом газоне, циферблат разглядеть не удалось"
"residential_spawn-house_mcbuild_x.schem","Spawn House","residential","house|small","17x13x17","1069","mcbuild","good","ok","","ok","","","","name-supports","","","ok","маленький деревянный домик с фонарями на столбах по краям участка"
"residential_wood-modern-house_mcbuild_x.schem","Wood Modern House","residential","house|modern|small","23x16x23","1677","mcbuild","good","ok","","ok","","","","name-supports","","","ok","почти целиком деревянный дом с ломаной кровлей, окон немного"
"residential_modern-apartment-building_mcbuild_x.schem","Modern Apartment Building","residential","apartment|large|modern|tall","47x83x46","29718","mcbuild","good","ok","","ok","","","duplicate-name","name-supports","","","ok","высокий серый дом с рядами окон и балконами на зелёном участке"
"residential_seaside-nordic-mansion_mcbuild_x.schem","Seaside Nordic Mansion","residential","house|large|tall","57x49x57","7478","mcbuild","partial","ok","","ok","","","duplicate-name","name-supports","","","minor","тёмный деревянный дом с серой крышей на огромном газоне, воды в кадре нет"
"residential_wood-house_mcbuild_x.schem","Wood house","residential","house|small","19x19x19","1624","mcbuild","partial","ok","","ok","","","","name-supports","","","minor","каменный дом: серые стены и кровля, дерева заметно меньше, чем в имени"
"towers_blue-modern-tower_mcbuild_x.schem","Blue Modern Tower","towers","medium|modern|tall|tower","27x102x38","12551","mcbuild","good","ok","","ok","","","duplicate-name","name-supports","","","ok","узкая высокая башня из голубого стекла и светлого бетона, читается"
"residential_stylish-house_mcbuild_x.schem","Stylish House","residential","house|medium","28x25x36","8019","mcbuild","good","ok","","ok","","","","name-supports","","","ok","деревянный дом с большими окнами и панорамным остеклением фасада"
"commercial_small-pond-1_mcbuild_x.schem","Small pond 1","decor","pool|small|water","16x12x14","662","mcbuild","good","misfit","decor","extra","-shop","extra:pool","","name-supports","","","mismatch","пруд с голубой водой на газоне, торговой или магазинной застройки нет"
"decor_cherry-tree_mcbuild_x.schem","Cherry Tree","decor","medium|tree","36x33x36","3037","mcbuild","partial","ok","","ok","","","","name-supports","","","minor","дерево с крупной голубовато-белой кроной, розовой вишнёвой листвы не видно"
"towers_stark-tower_mcbuild_x.schem","Stark Tower","towers","large|tall|tower","57x133x37","24507","mcbuild","good","ok","","ok","","","duplicate-name|franchise","name-supports","","","minor","высокая башня из синего стекла со шпилем; в имени отсылка к Marvel"
"residential_a-small-modern-house_mcbuild_x.schem","A Small Modern House","residential","house|modern|shop|small","19x11x17","1123","mcbuild","good","ok","","ok","","","","name-conflict","commercial","words→commercial, image→ok","ok","маленький низкий дом из серого бетона с панорамным остеклением"
"commercial_real-kfc-restaurant_mcbuild_x.schem","Real KFC Restaurant","commercial","medium","84x11x49","11920","mcbuild","partial","ok","","ok","","","","name-supports","","","minor","низкое серое здание на газоне у большого водоёма, фирменной окраски не видно"
"residential_starting-house--mansion-_mcbuild_x.schem","Starting House (Mansion)","residential","house|medium","33x23x33","5961","mcbuild","good","ok","","ok","","","","name-supports","","","ok","деревянный дом с высокой двускатной крышей и трубой, аккуратный"
"residential_simple-resource-warehouse_mcbuild_x.schem","Simple resource warehouse","industrial","house|small","17x10x13","1032","mcbuild","good","misfit","industrial","ok","","extra:house","","name-supports","","","mismatch","деревянный сарай с пологой крышей и сеном у входа — это склад, а не жильё"
"residential_big-minecraft-modern-house_mcbuild_x.schem","Big minecraft modern house","residential","house|medium|modern","68x17x85","40078","mcbuild","good","ok","","ok","","","franchise","name-supports","","","ok","широкий низкий дом с плоской крышей, бассейном и большим газоном"
"residential_market-with-the-villagers_mcbuild_x.schem","Market with the villagers","commercial","house|shop|small","28x22x15","3915","mcbuild","good","misfit","commercial","ok","","","","name-supports","","","mismatch","рыночная площадка под серым навесом с прилавками и сеном — торговля"
"towers_stark-tower_mcbuild_x-2.schem","Stark Tower","towers","large|tall|tower","57x133x37","23343","mcbuild","good","ok","","ok","","","duplicate-name|franchise","name-supports","","","minor","та же башня из синего стекла со шпилем — вторая копия в этом батче"
"residential_modern-mansion_mcbuild_x.schem","Modern Mansion","residential","house|large|modern","140x27x112","125163","mcbuild","good","ok","","ok","","","duplicate-name","name-supports","","","ok","огромный белый особняк с плоской крышей и большим бассейном"
"towers_blue-modern-tower_mcbuild_x-2.schem","Blue Modern Tower","towers","medium|modern|tall|tower","27x102x38","12551","mcbuild","good","ok","","ok","","","duplicate-name","name-supports","","","ok","повтор той же голубой стеклянной башни — полный дубль в батче"
"residential_lakehouse_mcbuild_x-2.schem","Lakehouse ","residential","house|medium","37x26x49","9758","mcbuild","good","ok","","ok","","extra:house","","name-supports","","","ok","деревянный дом с плоской травяной крышей у пруда, на крыше стоят деревья"
"residential_iron-man-s-mansion_mcbuild_x.schem","Iron Man's Mansion","residential","house|huge","142x35x147","35276","mcbuild","good","ok","","ok","","","duplicate-name|franchise","name-supports","","","ok","огромный бело-серый особняк с изогнутыми террасами и подъездами по периметру"
"residential_classic-modern-house_mcbuild_x.schem","Classic Modern House","residential","house|large|modern","68x36x70","87011","mcbuild","good","ok","","ok","","","duplicate-name","name-supports","","","ok","современный одноэтажный дом с плоскими кровлями, внутренним двором и бассейном"
"residential_modern-apartment-building_mcbuild_x-2.schem","Modern Apartment Building","residential","apartment|large|modern|tall","58x63x57","29595","mcbuild","good","ok","","ok","","","duplicate-name","name-supports","","","ok","высотный жилой дом с балконами, деревянными панелями и остеклённым цоколем"
"residential_lighthouse_mcbuild_x.schem","Lighthouse ","towers","house|medium|tall","21x98x32","8490","mcbuild","good","misfit","towers","extra","-water","extra:house","","name-supports","","","mismatch","красно-белый маяк с фонарём и куполом, к жилым домам не относится, воды в кадре нет"
"towers_clock-tower_mcbuild_x.schem"," Clock Tower","towers","medium|tall|tower","29x50x35","4015","mcbuild","good","ok","","ok","","","","name-supports","","","ok","башня с циферблатом, резным навершием и окнами по ярусам"
"residential_colonial-mansion_mcbuild_x.schem","Colonial Mansion","residential","house|large","82x32x125","44661","mcbuild","good","ok","","ok","","","","name-supports","","","ok","кирпичный особняк с бассейном, подъездом и живыми изгородями"
"commercial_small-town_mcbuild_x.schem","Small Town","residential","large","68x28x75","21060","mcbuild","good","misfit","residential","extra","-shop","","","name-supports","","","mismatch","улочка с домами и церковью, читается; к коммерции не относится"
"parks_skate-park_mcbuild_x.schem","Skate Park","parks","large|park","86x33x109","23072","mcbuild","good","ok","","ok","","","","name-supports","","","ok","бетонный скейт-парк с рампами, перилами и столбами по краю площадки"
"industrial_factory-building_mcbuild_x.schem","Factory Building","industrial","large|tall","68x48x75","28457","mcbuild","good","ok","","ok","","","","name-supports","","","ok","серый промышленный корпус с красными трубами и остеклёнными проходами"
"residential_traditional-house_mcbuild_x.schem","Traditional House","residential","house|large","76x24x66","15201","mcbuild","good","ok","","ok","","","duplicate-name","name-supports","","","ok","крупный деревянный дом с террасами и белыми наличниками вдоль фасада"
"residential_beach-house_mcbuild_x.schem","Beach House","residential","house|medium","35x32x33","5323","mcbuild","good","ok","","ok","","","duplicate-name","name-supports","","","ok","дом на сваях у воды, читается"
"residential_dream-survival-house_mcbuild_x.schem","Dream Survival House","residential","house|small","29x17x18","2764","mcbuild","good","ok","","ok","","","","name-supports","","","ok","небольшой деревянный дом с открытой террасой и входной лестницей"
"residential_harbor-village_mcbuild_x.schem","Harbor Village","residential","boat|house|large|tall|water","87x51x62","71594","mcbuild","good","ok","","ok","","extra:boat","","name-supports","","","ok","деревянная гавань-деревня на воде с кораблём, каналом и сторожевыми башнями"
"waterfront_furnished-yacht_mcbuild_x.schem","Furnished Yacht ","vehicles","boat|large|tall","39x43x169","21400","mcbuild","good","misfit","vehicles","ok","","","vehicle","name-elsewhere","vehicles","","mismatch","многопалубная белая яхта с мостиком и антеннами: судно, а не прибрежная застройка"
"waterfront_large-yacht_mcbuild_x.schem","Large Yacht","vehicles","boat|medium","76x19x19","7330","mcbuild","good","misfit","vehicles","ok","","","vehicle","name-elsewhere","vehicles","","mismatch","длинное белое судно с палубами на синей воде, скорее лайнер, чем здание набережной"
"public_giant-church_mcbuild_x.schem","Giant Church","public","church|large|tall","141x43x47","116000","mcbuild","good","ok","","ok","","","","name-supports","","","ok","длинный серый храм с башней-колокольней, трапезной и алтарным крылом"
"residential_most-secured-house_mcbuild_x.schem","Most Secured House","residential","house|large|tall","73x53x70","26335","mcbuild","good","ok","","ok","","","","name-supports","","","ok","обнесённый стеной дом с двором, читается"
"decor_desert-city_mcbuild_x.schem","Desert City","decor","large","79x25x84","30147","mcbuild","good","ok","","ok","","","duplicate-name","name-silent","","","ok","песчаный укреплённый квартал с дворами, воротами и низкими постройками"
"towers_skyscraper_mcbuild_x.schem","Skyscraper ","towers","large|tall|tower","33x142x33","53588","mcbuild","good","ok","","ok","","","","name-supports","","","ok","изогнутая стеклянная башня с белыми панелями на небольшой площадке"
"residential_japanese-style-house_mcbuild_x.schem","Japanese Style House","residential","house|small","21x17x24","2060","mcbuild","good","ok","","ok","","","duplicate-name","name-supports","","","ok","деревянная постройка с многоярусной пирамидальной кровлей и наличниками"
"residential_seaside-nordic-mansion_mcbuild_x-2.schem","Seaside Nordic Mansion","residential","house|large","57x49x57","7478","mcbuild","partial","ok","","extra","-tall","","duplicate-name","name-supports","","","minor","белый дом с чёрной кровлей и террасами, стиль читается, но этаж один и моря не видно"
"commercial_little-shop_mcbuild_x.schem","Little Shop","commercial","shop|small","15x27x13","1618","mcbuild","partial","ok","","ok","","","empty","name-supports","","","minor","мелкая деревянная конструкция с открытым каркасом, скорее недострой, чем магазин"
"residential_apartment-building_mcbuild_x.schem","Apartment Building","residential","apartment|medium|tall","22x55x38","13000","mcbuild","good","ok","","ok","","","","name-supports","","","ok","серо-белый жилой блок в форме подковы с балконами и несколькими этажами"
"residential_small-cozy-house_mcbuild_x.schem","Small Cozy House","residential","house|small","21x12x13","1577","mcbuild","good","ok","","extra","-shop","","duplicate-name","name-conflict","commercial","words→commercial, image→ok","minor","деревянный домик с двускатной кровлей и пристройкой, торговой вывески нет"
"towers_assassins-creed-tower_mcbuild_x.schem","Assassins Creed Tower","towers","huge|tall|tower","64x124x64","25846","mcbuild","good","ok","","ok","","","franchise","name-supports","","","ok","крепостная башня из серых блоков с золотыми зубцами и ярусами"
"towers_twins-towers-gate_mcbuild_x.schem","Twins Towers Gate","towers","small|tower","10x20x18","1087","mcbuild","good","ok","","ok","","","non-building-in-name","name-supports","","","ok","две небольшие башни с золотыми шпилями, соединённые воротами с аркой"
"residential_hollywood-hills-mansion_mcbuild_x.schem","Hollywood Hills Mansion","residential","house|medium","78x26x41","36388","mcbuild","partial","ok","","ok","","","","name-supports","","","minor","крупное многооконное здание с жёлтыми акцентами, скорее отель, чем особняк"
"towers_modern-hotel_mcbuild_x.schem","Modern Hotel","towers","hotel|large|modern","80x46x106","100538","mcbuild","good","ok","","extra","-tall","","","name-elsewhere","commercial","words→commercial, image→ok","minor","серое здание отеля с вывеской и входной группой, примерно шесть этажей"
"towers_beach-hotel_mcbuild_x.schem","Beach Hotel","towers","hotel|large|tall","35x102x42","62453","mcbuild","good","ok","","ok","","","","name-elsewhere","commercial","words→commercial, image→ok","ok","красно-белая высотная башня с балконами и плоской кровлей"
"transport_train-station_mcbuild_x.schem","Train Station","transport","medium|station|tall","17x41x37","2754","mcbuild","good","ok","","ok","","","duplicate-name","name-supports","","","ok","длинный вокзал с часовыми башнями, читается"
"residential_modern-house-on-a-hilltop_mcbuild_x.schem","Modern House on a Hilltop","residential","house|large|modern","91x38x97","100157","mcbuild","good","ok","","ok","","","","name-supports","","","ok","современный дом с террасами, выступами и пандусами на склоне холма"
"residential_villa_mcbuild_x.schem","Villa","residential","house|huge|tall","112x44x158","151577","mcbuild","partial","ok","","ok","","","","name-supports","","","minor","распластанный комплекс с бассейнами, самой виллы почти не видно"
"public_resident-evil-4-church_mcbuild_x.schem","Resident Evil 4 Church","public","church|medium","37x40x33","4890","mcbuild","good","ok","","ok","","","franchise","name-supports","","","ok","серый храм с шпилем, контрфорсами и пристройкой, у входа цветник"
"towers_the-majestic-hotel_mcbuild_x.schem","The Majestic Hotel","towers","hotel|medium|tall","14x45x27","4194","mcbuild","good","ok","","ok","","","","name-elsewhere","commercial","words→commercial, image→ok","ok","высотная башня с венцом наверху и жёлто-красными акцентами на фасаде"
"towers_saltillo-cathedral-tower_mcbuild_x.schem","Saltillo Cathedral Tower","towers","church|large|tall|tower","37x152x37","25546","mcbuild","good","ok","","ok","","","","name-supports","","","ok","резная соборная башня с ярусами, шпилем и позолотой наверху"
"residential_rustic-mansion_mcbuild_x.schem","Rustic Mansion","residential","house|medium","37x23x50","10066","mcbuild","good","ok","","ok","","","","name-supports","","","ok","деревянный усадебный дом с бассейном, верандой и елями вокруг участка"
"commercial_apple-store_mcbuild_x.schem","Apple Store","commercial","medium|shop","27x36x41","9237","mcbuild","good","ok","","ok","","","","name-supports","","","ok","стеклянный куб магазина, читается"
"public_sydney-museum-of-modern-art_mcbuild_x.schem","Sydney Museum of Modern Art","public","large|modern|museum|tall","105x55x58","36697","mcbuild","good","ok","","ok","","","","name-supports","","","ok","широкий серо-жёлтый музейный комплекс с площадкой и остеклённым фасадом"
"parks_supermario-parkour_mcbuild_x.schem","SuperMario Parkour","parks","small","73x10x4","1699","mcbuild","good","ok","","extra","-park","extra:park","franchise|text","name-supports","","","minor","полоса паркура с пиксель-артом фигур из Марио; парковой застройки нет, только аттракционная разметка"
"transport_sand-palace-station_mcbuild_x.schem","Sand Palace Station","transport","large|station|tall","87x45x115","247568","mcbuild","partial","ok","","ok","","","duplicate-name","name-supports","","","minor","длинный песочный комплекс у озера с набережной и дорогой; вокзальная функция на превью не читается"
"residential_supreme-house-asian-style_mcbuild_x.schem","supreme house asian style","residential","house|medium","30x29x25","4488","mcbuild","good","ok","","ok","","","","name-supports","","","ok","деревянный дом в азиатском стиле с рвом и золотыми фонарями, читается"
"residential_modern-2-story-house-above-small-pond_mcbuild_x.schem","Modern 2 story house above small pond","residential","house|medium|modern|pool|water","62x23x63","45031","mcbuild","good","ok","","extra","-shop","extra:pool","","name-conflict","commercial","words→commercial, image→ok","minor","белый двухэтажный дом у пруда с бассейном и террасой; торговой части на картинке нет"
"commercial_rustic-small-town_mcbuild_x.schem","Rustic Small town","commercial","large|shop","68x28x75","21060","mcbuild","good","ok","","ok","","","","name-supports","","","ok","деревянный посёлок рядной застройки с площадью, торговые ряды вдоль улицы читаются"
"residential_georgian-house--1---full-furnished---1-6-4_mcbuild_x.schem","Georgian House #1 | full furnished | 1.6.4","residential","house|large","73x24x80","16368","mcbuild","good","ok","","ok","","","","name-supports","","","ok","кирпичный классический дом с бассейном, садом и подъездной дорожкой, читается"
"residential_modern-house-ii_mcbuild_x.schem","Modern house II","residential","house|medium|modern","53x30x45","13304","mcbuild","good","ok","","ok","","","","name-supports","","","ok","современный дом со стеклянной кровлёй, перголой и открытой террасой, читается"
"residential_small-cozy-house_mcbuild_x-2.schem","Small Cozy House","residential","house|small","21x12x13","1577","mcbuild","good","ok","","extra","-shop","","duplicate-name","name-conflict","commercial","words→commercial, image→ok","minor","маленький бревенчатый домик с сенными тюками; признаков торговой точки нет"
"commercial_burger-shop_mcbuild_x.schem","burger shop","commercial","medium|shop","33x19x38","5032","mcbuild","good","ok","","ok","","","","name-supports","","","ok","фастфуд с парковкой, навесом и отдельным столбом вывески, коммерческая функция читается"
"residential_large-3-story-mansion_mcbuild_x.schem","LARGE 3 story Mansion","residential","house|large|tall","62x69x62","34152","mcbuild","good","ok","","ok","","","","name-supports","","","ok","крупный трёхэтажный особняк с террасами, бассейном и подъездами, читается"
"towers_stark-tower_mcbuild_x-3.schem","Stark Tower","towers","huge|tall|tower","101x208x49","60638","mcbuild","partial","ok","","ok","","","duplicate-name|franchise","name-supports","","","minor","стеклянная башня со скошенным фасадом; кинокомиксная отсылка есть только в имени, на картинке её нет"
"residential_suburban-house--1---full-furnished---1-7-4_mcbuild_x.schem","Suburban House #1 | Full Furnished | 1.7.4","residential","house|large","116x30x86","70251","mcbuild","good","ok","","ok","","","","name-supports","","","ok","пригородный участок с домом, бассейном, дорожками и деревьями, читается"
"residential_european-mansion--1---by-goldeneye33_mcbuild_x.schem","European Mansion #1 | By Goldeneye33","residential","house|huge","156x29x151","90613","mcbuild","good","ok","","ok","","","","name-supports","","","ok","большой особняк с регулярным садом, бассейном и аллеями, читается"
"residential_modern-house--d-i-y-interior-_mcbuild_x.schem","Modern House [D.I.Y Interior]","residential","house|medium|modern","36x24x33","6885","mcbuild","good","ok","","ok","","","","name-supports","","","ok","двухэтажный дом в стиле модерн с гаражом и террасами, читается"
"residential_traditional-house_mcbuild_x-2.schem","Traditional house","residential","house|medium","56x24x54","9186","mcbuild","good","ok","","ok","","","duplicate-name","name-supports","","","ok","традиционный дом с высокой двускатной кровлёй и изогнутым подъездом, читается"
"residential_traditional-house-2_mcbuild_x.schem","Traditional House 2","residential","house|large","76x24x66","15201","mcbuild","good","ok","","ok","","","","name-supports","","","ok","большой традиционный дом с внутренним двором и подъездной площадкой, читается"
"residential_traditional-house--4---by-goldeneye33_mcbuild_x.schem","Traditional House #4 | by Goldeneye33","residential","house|large","98x28x87","37822","mcbuild","good","ok","","ok","","","","name-supports","","","ok","деревянный дом с прудом, террасой и деревьями участка, читается"
"residential_jungle-treehouse_mcbuild_x.schem","Jungle Treehouse","residential","house|medium|tree","33x36x26","2680","mcbuild","partial","ok","","ok","","extra:house","","name-conflict","decor","words→decor, image→ok","minor","дом на крупном стволе с водопадами читается, но ярусы и листва слились в единый массив"
"commercial_modern-burger-shop_mcbuild_x.schem","Modern Burger Shop","residential","modern|small","21x27x24","6432","mcbuild","wrong","misfit","residential","extra","-shop","","","name-supports","","","mismatch","серо-белый многоэтажный блок с балконами и вентиляцией на кровле; магазина и витрин нет"
"residential_hollywood-style-mansion---by-goldeneye33_mcbuild_x.schem","Hollywood Style Mansion | by Goldeneye33","residential","house|large","100x24x92","40680","mcbuild","good","ok","","ok","","","","name-supports","","","ok","особняк с бассейном, подъездом и ровным газоном, стиль читается"
"residential_nordic-house--2_mcbuild_x.schem","Nordic house #2","residential","house|medium","35x27x41","3711","mcbuild","partial","ok","","ok","","","","name-supports","","","minor","северный дом с крутыми крышами читается, но нижняя часть выглядит разобранной или недостроенной"
"residential_japanese-pagoda-plus-tea-house_mcbuild_x.schem","Japanese pagoda Plus Tea House","residential","house|large|tall","45x56x66","19331","mcbuild","partial","ok","","ok","","","","name-supports","","","minor","многоярусная деревянная постройка с выносами ярусов и чайным домиком у основания, пагода с натяжкой"
"residential_futurist-modern-house--2_mcbuild_x.schem","Futurist Modern House #2","residential","house|medium|modern","64x28x66","27472","mcbuild","good","ok","","ok","","","","name-supports","","","ok","белый футуристичный дом с бассейном и плоскими кровлями, читается"
"residential_plantation-mansion--1---architecture_mcbuild_x.schem","Plantation Mansion #1 | Architecture","residential","house|large","83x27x90","19522","mcbuild","good","ok","","ok","","","","name-supports","","","ok","дом в стиле плантации с колоннадой и аллеей деревьев, читается"
"towers_office-building---architecture_mcbuild_x.schem","Office Building | Architecture","towers","medium|office|tall","43x58x37","20722","mcbuild","good","ok","","ok","","","","name-elsewhere","commercial","words→commercial, image→ok","ok","многоэтажный офис со стеклянным фасадом и сеткой окон, читается"
"residential_european-mansion-2_mcbuild_x.schem","European Mansion 2","residential","house|large","84x26x80","17708","mcbuild","good","ok","","ok","","","","name-supports","","","ok","особняк с подъездом, газонами и ограждением участка, читается"
"towers_futurist-modern-house-tower_mcbuild_x.schem","Futurist Modern house/tower","residential","house|medium|modern","39x37x49","11171","mcbuild","partial","misfit","residential","extra","-tower","","","name-supports","","","mismatch","широкий многоуровневый модерн-дом с террасами и навесами, по массе это не башня"
"residential_modern-house_mcbuild_x.schem","Modern House","residential","house|medium|modern","61x26x52","15740","mcbuild","good","ok","","ok","","","duplicate-name","name-supports","","","ok","одно-двухэтажный модерн-дом из дерева и стекла на ровном участке, читается"
"parks_grand-central-park_mcbuild_x.schem","Grand Central Park","parks","huge|park","142x49x126","65443","mcbuild","good","ok","","extra","-tall","","","name-supports","","","minor","большой парк с дорожками, площадкой и деревьями; вертикальных элементов нет, тег tall лишний"
"parks_modern-grand-fountain_mcbuild_x.schem","Modern Grand Fountain","parks","fountain|medium|modern|tall|water","33x48x33","6103","mcbuild","good","ok","","ok","","","","name-elsewhere","decor","words→decor, image→ok","ok","высокая колонна фонтана в круглом бассейне под навесом, читается"
"decor_modern-futuristic-city-building-_mcbuild_x.schem","Modern/Futuristic City Building.","decor","large|modern|tall","73x64x49","40684","mcbuild","good","ok","","ok","","","","name-silent","","","ok","современное здание с изогнутой кровлёй, навесом и вымощенной площадкой, городской модерн читается"
"decor_big-tree_mcbuild_x-2.schem","Big tree","decor","medium|tall|tree","45x44x44","3020","mcbuild","good","ok","","ok","","","duplicate-name","name-supports","","","ok","крупное дерево без листвы с толстым стволом и ветвями, читается"
"residential_colonial-mansion-1_mcbuild_x.schem","Colonial Mansion 1","residential","house|large","82x32x125","44661","mcbuild","good","ok","","ok","","","","name-supports","","","ok","колониальный особняк с бассейном и рядами деревьев, читается"
"residential_35x35-futuristic-house-plot_mcbuild_x.schem","35x35 Futuristic House Plot","residential","house|medium|modern","37x33x37","13865","mcbuild","good","ok","","ok","","extra:modern","","name-supports","","","ok","футуристичный дом на плотном участке со стеклом и террасами, читается"
"residential_mansion--3_mcbuild_x.schem","Mansion #3","residential","house|huge","169x40x142","78334","mcbuild","good","ok","","ok","","","","name-supports","","","ok","огромный особняк с подъездной площадью, газонами и служебными постройками, читается"
"towers_twin-hotel-towers_mcbuild_x.schem","Twin Hotel Towers","towers","hotel|huge|tall|tower","102x145x78","65869","mcbuild","good","ok","","ok","","","","name-supports","","","ok","две высокие башни, соединённые переходом над водой, читается"
"residential_modern-house_mcbuild_x-2.schem","Modern House","residential","house|large|modern","121x24x124","69453","mcbuild","good","ok","","ok","","","duplicate-name","name-supports","","","ok","модерн-дом с бассейном, мощением и деревьями на широком участке, читается"
"residential_luxurious-cove-house_mcbuild_x.schem","Luxurious Cove House","residential","house|huge|tall","129x45x128","502679","mcbuild","good","ok","","ok","","","","name-supports","","","ok","дом на скалистом берегу с бухтой, террасами и деревьями, читается"
"residential_classic-modern-house_mcbuild_x-2.schem","Classic Modern House","residential","house|large|modern","68x36x70","87011","mcbuild","good","ok","","ok","","","duplicate-name","name-supports","","","ok","стеклянный модерн-дом с бассейном на холмистом участке, читается"
"residential_traditional-mansion_mcbuild_x.schem","Traditional Mansion","residential","house|huge","177x34x141","131065","mcbuild","good","ok","","ok","","","duplicate-name","name-supports","","","ok","крупное традиционное поместье: деревянные дома, дороги, два пруда и деревья на участке"
"decor_modern-city-building_mcbuild_x.schem","Modern city building","decor","large|modern|tall","45x98x56","42995","mcbuild","good","ok","","ok","","","","name-silent","","","ok","высотная башня со стеклянным фасадом, вертикальной шахтой и подиумом у основания"
"residential_exampleton-basic-village_mcbuild_x.schem","Exampleton Basic Village","residential","house|huge","145x29x143","259590","mcbuild","good","ok","","ok","","","","name-supports","","","ok","большой участок с множеством мелких деревянных домов и дорожками между ними — посёлок"
"residential_modern-townhouse-2_mcbuild_x.schem","Modern Townhouse 2","residential","house|medium|modern","32x20x40","6907","mcbuild","good","ok","","ok","","extra:house","","name-supports","","","ok","компактный двухэтажный дом с плоскими кровлями, деревянными акцентами и остеклением"
"residential_modern-box-house_mcbuild_x.schem","Modern Box house","residential","house|medium|modern","55x33x45","18009","mcbuild","good","ok","","ok","","","","name-supports","","","ok","коробочный дом из белых плоских объёмов с панорамным стеклом на мощёной площадке"
"residential_contemporary-survival-starter-house_mcbuild_x.schem","Contemporary Survival Starter House","residential","house|modern|small","10x28x10","1625","mcbuild","good","ok","","ok","","","","name-supports","","","ok","узкий тёмный дом-столб на 10x10 со светлым верхним объёмом, пропорции вытянуты вверх"
"residential_modern-house_mcbuild_x-3.schem","Modern house","residential","house|medium|modern","60x18x77","23115","mcbuild","good","ok","","ok","","","duplicate-name","name-supports","","","ok","низкий современный дом с плоскими кровлями, деревянными вставками и газоном вокруг"
"residential_japanese-style-house_mcbuild_x-2.schem","Japanese style house","residential","house|small","21x17x24","2060","mcbuild","good","ok","","ok","","","duplicate-name","name-supports","","","ok","деревянный дом с многоярусной тёмной крышей и красными деталями на зелёном участке"
"residential_japanese-style-house--standard-_mcbuild_x.schem","Japanese style house (Standard)","residential","house|small","21x17x24","2106","mcbuild","good","ok","","ok","","","","name-supports","","","ok","вариант того же японского дома: террасная крыша, деревянный низ, зелёный газон"
"residential_16x16-modern-house-1_mcbuild_x.schem","16x16 Modern House 1","residential","house|modern|small","16x17x16","1715","mcbuild","good","ok","","ok","","","","name-supports","","","ok","небольшой квадратный дом с плоской кровлей, деревянными вставками и окнами на газоне"
"residential_16x16-modern-house-2_mcbuild_x.schem","16x16 Modern House 2","residential","house|modern|small","16x13x16","1256","mcbuild","good","ok","","ok","","","","name-supports","","","ok","белый коробочный дом с большими стеклянными окнами и плоской крышей"
"residential_16x16-modern-house-3_mcbuild_x.schem","16x16 Modern House 3","residential","house|modern|small","17x18x16","1797","mcbuild","good","ok","","ok","","","","name-supports","","","ok","дом с деревянным фасадом, выносными террасами и стеклянными балюстрадами"
"decor_desert-city_mcbuild_x-2.schem","Desert city","decor","large","79x25x84","30147","mcbuild","good","ok","","ok","","","duplicate-name","name-silent","","","ok","песочный город-крепость: стены с башнями по углам и плотная застройка внутри"
"residential_modern-mansion_mcbuild_x-2.schem","Modern Mansion","residential","house|large|modern","89x38x119","65897","mcbuild","good","ok","","ok","","","duplicate-name","name-supports","","","ok","крупный белый особняк у дороги и водоёма, вокруг газон, деревья и подъезд"
"residential_traditional-mansion-2_mcbuild_x.schem","traditional mansion 2","residential","house|large","66x33x56","27592","mcbuild","good","ok","","ok","","","","name-supports","","","ok","большой традиционный дом с мансардными окнами, подъездной дорожкой и газоном"
"residential_rustic-mansion-large-house_mcbuild_x.schem","Rustic Mansion/Large House","residential","house|medium","47x35x53","11230","mcbuild","good","ok","","ok","","","","name-supports","","","ok","массивный деревянный дом из брёвен с высокими скатными крышами и трубой"
"residential_mansion_mcbuild_x-2.schem","Mansion","residential","house|huge|tall","147x42x185","226072","mcbuild","good","ok","","ok","","","duplicate-name","name-supports","","","ok","крупный особняк с серыми скатными крышами, подъездом и прогулочной зоной на участке"
"residential_traditional-mansion_mcbuild_x-2.schem","Traditional mansion","residential","house|large","80x28x83","36074","mcbuild","good","ok","","ok","","","duplicate-name","name-supports","","","ok","традиционный особняк с тёмной кровлей и подъездной дорожкой, светлый газон"
"residential_large-modern-house_mcbuild_x.schem","Large modern house","residential","house|large|modern","104x34x53","55908","mcbuild","good","ok","","ok","","","duplicate-name","name-supports","","","ok","длинный низкий дом с террасами вдоль дороги, участок озеленён"
"decor_cascade-city_mcbuild_x.schem","Cascade City","decor","huge|tall","101x109x102","84485","mcbuild","partial","ok","","ok","","","fantasy","name-silent","","","minor","не город, а декоративная башня с круглыми каскадными площадками и растительностью"
"residential_modern-house_mcbuild_x-4.schem","Modern house","residential","house|medium|modern","56x22x51","26792","mcbuild","good","ok","","ok","","","duplicate-name","name-supports","","","ok","современный дом с плоской кровлёй, бассейном и газоном, читается"
"residential_modern-house_mcbuild_x-5.schem","Modern house","residential","house|medium|modern","61x31x52","13879","mcbuild","good","ok","","ok","","","duplicate-name","name-supports","","","ok","двухэтажный дом в бело-серой гамме с деревом, стеклом и лужайкой"
"residential_modern-house-3_mcbuild_x.schem","Modern house 3","residential","house|medium|modern","35x25x35","6490","mcbuild","good","ok","","ok","","","","name-supports","","","ok","современный дом с плоскими кровлями, деревянными панелями и стеклянным ограждением"
"residential_futuristic-house_mcbuild_x.schem","Futuristic house","residential","house|large|modern","72x24x78","35345","mcbuild","good","ok","","ok","","extra:modern","duplicate-name","name-supports","","","ok","дом с плавными террасными формами на зелёном склоне, облик футуристичный"
"residential_iron-man-s-mansion_mcbuild_x-2.schem","Iron Man's Mansion","residential","house|huge","142x35x147","35276","mcbuild","partial","ok","","ok","","","duplicate-name|franchise","name-supports","","","minor","огромный белый модернистский комплекс на склоне с дорогами и кипарисами; отсылки к персонажу не видно"
"residential_modern-mansion_mcbuild_x-3.schem","Modern mansion","residential","house|large|modern","140x27x112","125163","mcbuild","good","ok","","ok","","","duplicate-name","name-supports","","","ok","крупный белый особняк с изогнутыми объёмами, бассейном и газоном"
"waterfront_epich-yacht--fully-furnished-_mcbuild_x.schem","Epich Yacht [Fully Furnished]","waterfront","boat|large|tall","154x47x37","78696","mcbuild","good","ok","","ok","","","","name-elsewhere","vehicles","words→vehicles, image→ok","ok","большая яхта с надстройкой и мачтой на синей воде, палуба детализирована"
"residential_modern-house_mcbuild_x-6.schem","Modern house","residential","house|medium|modern","38x21x31","7334","mcbuild","good","ok","","ok","","","duplicate-name","name-supports","","","ok","современный дом серо-белой гаммы с деревянными акцентами и плоской кровлей"
"residential_futuristic-house_mcbuild_x-2.schem","Futuristic house","residential","house|medium|modern","65x21x53","15452","mcbuild","partial","ok","","ok","","extra:modern","duplicate-name","name-supports","","","minor","вилла с большим бассейном и плоскими кровлями; футуристичность на превью не читается"
"residential_modern-house_mcbuild_x-7.schem","Modern house","residential","house|medium|modern","36x25x44","9337","mcbuild","good","ok","","ok","","","duplicate-name","name-supports","","","ok","современный дом со скошенными кровлями, стеклом и газоном вокруг"
"residential_oakheart-house-ii_mcbuild_x.schem","Oakheart House II","residential","house|small","21x19x19","1897","mcbuild","good","ok","","extra","-tree","","","name-supports","","","minor","деревянный дом с высокой двускатной крышей на сером основании; зелени и деревьев не видно"
"commercial_panda-express-restaurant_mcbuild_x.schem","Panda express restaurant","commercial","medium","61x17x51","10960","mcbuild","good","ok","","ok","","","","name-supports","","","ok","одноэтажное коммерческое здание с вывеской на крыше и асфальтовой площадкой перед ним"
"residential_large-traditional-modern-house_mcbuild_x.schem","Large traditional modern house","residential","house|medium|modern","48x21x52","11365","mcbuild","good","ok","","ok","","","","name-supports","","","ok","крупный дом из белых современных объёмов с серой черепичной кровлёй и террасами"
"waterfront_town_mcbuild_x.schem","Town: &quot;Portland&quot;","waterfront","huge|tall","114x56x118","257044","mcbuild","good","ok","","ok","","","","name-elsewhere","transport","words→transport, image→ok","ok","город на реке с водопадом, деревянной застройкой и причалами вдоль воды"
"residential_large-modern-house_mcbuild_x-2.schem","Large modern house","residential","house|medium|modern","60x22x59","18555","mcbuild","good","ok","","ok","","","duplicate-name","name-supports","","","ok","современный белый дом с бассейном, террасой и подъездной площадкой"
"residential_modern-house_mcbuild_x-8.schem","Modern house","residential","house|medium|modern","46x23x46","10697","mcbuild","good","ok","","ok","","","duplicate-name","name-supports","","","ok","ступенчатый дом из серо-коричневых объёмов с круглыми световодами на крыше"
"residential_futuristic-mansion_mcbuild_x.schem","Futuristic mansion","residential","house|large|modern","91x28x93","78837","mcbuild","partial","ok","","ok","","extra:modern","","name-supports","","","minor","крупный особняк с двумя бассейнами и террасами; футуристичность не видна"
"residential_light-house--with-working-lights-_mcbuild_x.schem","Light House (with working lights)","waterfront","medium|tall","31x54x32","6248","mcbuild","good","misfit","waterfront","extra","-house","","","name-supports","","","mismatch","полосатый маяк на скалистом острове в воде; к жилой застройке не относится"
"waterfront_alexandar-v-luxury-yacht_mcbuild_x.schem","Alexandar V Luxury Yacht","waterfront","boat|small","46x25x9","2441","mcbuild","partial","ok","","ok","","","","name-elsewhere","vehicles","words→vehicles, image→ok","minor","судно с палубной надстройкой на воде, но детали палубы больше похожи на спецсудно"
"residential_modern-house_mcbuild_x-9.schem","Modern house","residential","house|medium|modern","43x28x67","14362","mcbuild","good","ok","","ok","","","duplicate-name","name-supports","","","ok","длинный современный дом с плоскими кровлями, деревянной террасой и газоном"
"residential_small-modern-house_mcbuild_x.schem","Small modern house","residential","house|medium|modern","28x24x41","9976","mcbuild","good","ok","","extra","-shop","","duplicate-name","name-conflict","commercial","words→commercial, image→ok","minor","белый двухэтажный дом с плоской крышей и ограждённым участком, признаков магазина не видно"
"bridges_steampunk-bridge_mcbuild_x.schem","Steampunk Bridge","bridges","bridge|large|tall","49x66x93","19638","mcbuild","partial","ok","","ok","","","fantasy|non-real/fantasy","name-supports","","","mismatch","парящие зелёные острова с деревянным переходом и свисающими столбами воды, стимпанк-механики нет"
"residential_large-modern-house_mcbuild_x-3.schem","Large modern house","residential","house|huge|modern","141x37x210","111147","mcbuild","good","ok","","ok","","","duplicate-name","name-supports","","","ok","длинный белый дом с бассейном на огромном газоне среди деревьев с красной листвой"
"residential_modern-house_mcbuild_x-10.schem","Modern House","residential","house|modern|small","22x12x29","2768","mcbuild","good","ok","","ok","","","duplicate-name","name-supports","","","ok","небольшой дом с широкой серой крышей, белыми стенами и площадкой перед входом"
"parks_great-garden-detailed_mcbuild_x.schem","Great garden detailed","parks","medium|park","73x20x51","5421","mcbuild","good","ok","","ok","","","","name-supports","","","ok","регулярный сад с тремя фонтанами, изгородями, дорожками и лавками, всё читается"
"towers_ancient-lightower_mcbuild_x.schem","Ancient lightower","towers","medium|tall|tower","35x55x33","11174","mcbuild","good","ok","","ok","","extra:tower","","name-supports","","","ok","округлая каменная башня с голубым фонарём наверху, у основания водный круг"
"towers_petronas-twin-towers--kuala-lumpur--malaysia_mcbuild_x.schem","Petronas Twin Towers, Kuala Lumpur, Malaysia","towers","large|tall|tower","75x205x32","52875","mcbuild","good","ok","","ok","","","","name-supports","","","ok","две симметричные башни, соединённые мостиком, с мозаичной отделкой и шпилями"
"commercial_mall-shop_mcbuild_x.schem","Mall Shop","commercial","medium|shop","36x55x59","15877","mcbuild","good","ok","","extra","-tall","","text","name-supports","","","minor","широкое здание с витринами и фонарями у входа, на крыше крупная надпись; невысокое"
"industrial_sugar-can-factory_mcbuild_x.schem","Sugar can factory","industrial","medium","26x37x18","3209","mcbuild","good","ok","","ok","","","","name-supports","","","ok","прямоугольное здание с горизонтальными ярусами, голубыми стенами и жёлтой отмосткой снизу"
"residential_beach-house_mcbuild_x-2.schem","Beach House","residential","house|medium","35x32x33","5323","mcbuild","good","ok","","ok","","","duplicate-name","name-supports","","","ok","деревянный дом с широкой террасой, колоннами и лестницей на приподнятом основании"
"residential_big-treehouse_mcbuild_x.schem","Big treehouse","residential","house|medium|tall|tree","30x41x31","2785","mcbuild","good","ok","","ok","","extra:house","","name-conflict","decor","words→decor, image→ok","ok","большое дерево с деревянными настилами, лестницами и фонариками между ветвями"
"residential_mansion_mcbuild_x-3.schem","Mansion","residential","house|huge|tall","103x97x66","42595","mcbuild","good","ok","","ok","","","duplicate-name","name-supports","","","ok","крупный особняк с множеством острых крыш и башенками, к нему ведёт красная дорожка"
"decor_great-oak-tree-with-spanish-moss_mcbuild_x.schem","Great Oak Tree with Spanish Moss","decor","small|tree","20x19x21","232","mcbuild","good","ok","","ok","","","","name-supports","","","ok","дерево с толстым стволом и широкой кроной из бурых блоков, свисающих прядей много"
"public_1950s-moses-lake-high-school-building_mc-mod_x.schem","1950s Moses Lake High School Building","public","huge|school","194x28x175","116186","mc-mod","good","ok","","ok","","","","name-supports","","","ok","протяжённый школьный корпус с крыльями и внутренним двором, рядом спортивное поле"
"transport_story-modern-parking-garage-structure_mc-mod_x.schem","29-Story Modern Parking Garage Structure","transport","huge|modern|parking|tall","81x177x71","426226","mc-mod","partial","ok","","extra","-park","extra:park","meta-word-in-name","name-elsewhere","parks","words→parks, image→ok","minor","серая башня с горизонтальными рядами этажей, паркинг неочевиден; зелёного парка нет"
"roads_park-avenue-skyscraper-replica_mc-mod_x.schem","432 Park Avenue Skyscraper Replica","towers","large|tall|tower","25x202x25","49086","mc-mod","good","misfit","towers","extra","-road -park","","","name-supports","","","mismatch","тонкий белый небоскрёб с сеткой окон: это башня, а не дорога; дороги и парка в кадре нет"
"bridges_a-walkable-bridge_mc-mod_x.schem","A Walkable Bridge","bridges","bridge|large|tall","31x94x111","7568","mc-mod","good","ok","","ok","","","","name-supports","","","ok","пролёт из бруса с перилами и раскосами, по центру вниз спускается опора"
"commercial_addexios-sausage-kiosk_mc-mod_x.schem","Addexio&#8217;s Sausage Kiosk","commercial","shop|tiny","14x9x6","176","mc-mod","good","ok","","ok","","extra:shop","","name-supports","","","ok","крохотный ларёк с голубым навесом, прилавком и деревянной дверцей, компактный"
"towers_age-of-empires-sentry-tower_mc-mod_x.schem","Age of Empires Sentry Tower","towers","small|tower","22x14x17","865","mc-mod","good","ok","","ok","","","franchise","name-supports","","","ok","низкая каменная башенка с широким плоским деревянным навесом на столбах; отсылка к игре"
"commercial_aik-bank-building_mc-mod_x.schem","AIK Bank Building","commercial","medium","18x40x22","15279","mc-mod","partial","ok","","extra","-bank","","","name-supports","","","minor","голый бежевой куб без окон, снизу проступает вскрытый подземный уровень; вид банка нет"
"residential_aik-house-03-modern-residence_mc-mod_x.schem","Aik House 03 Modern Residence","residential","apartment|house|medium|modern","33x24x24","5431","mc-mod","good","ok","","ok","","","","name-supports","","","ok","двухэтажный дом с балконами, плоскими крышами и открытой лестницей, жилой вид"
"residential_aik-house-16-large-quartz-city-residence_mc-mod_x.schem","AIK House 16: Large Quartz City Residence","residential","apartment|house|medium","28x38x35","11009","mc-mod","partial","ok","","ok","","","","name-supports","","","minor","трёхэтажный дом с зелёной кровлей-садом и балконами, но фасад бежевый, а не кварцевый"
"industrial_aik-weaving-factory_mc-mod_x.schem","AIK Weaving Factory","industrial","medium","27x30x25","6301","mc-mod","partial","ok","","ok","","","","name-supports","","","minor","здание в два яруса с деревянными навесами вместо кровли, производство не читается"
"waterfront_airport-service-truck_mc-mod_x.schem","Airport Service Truck","vehicles","car|tiny","6x5x17","156","mc-mod","good","misfit","vehicles","ok","","extra:car","non-building-in-name|vehicle","name-elsewhere","transport","words→transport, image→vehicles","mismatch","маленькая белая служебная машина с синими блоками: это транспорт, а не набережная"
"parks_ancient-fountain_mc-mod_x.schem","Ancient Fountain","parks","fountain|tiny|water","9x12x9","308","mc-mod","good","ok","","ok","","","","name-elsewhere","decor","words→decor, image→ok","ok","каменный фонтан с чашей и водой на зелёном газоне, ступенчатое основание"
"public_ancient-greek-library-structure_mc-mod_x.schem","Ancient Greek Library Structure","public","library|medium","48x37x44","19587","mc-mod","good","ok","","ok","","","meta-word-in-name","name-supports","","","ok","античная колоннада с фризом и ступенчатым цоколем, крыша плоская, читается"
"bridges_ancient-stone-archway-bridge_mc-mod_x.schem","Ancient Stone Archway Bridge","bridges","bridge|medium","15x29x47","4227","mc-mod","partial","ok","","ok","","","","name-supports","","","minor","пролёт на столбах с голубым прозрачным настилом и деревянными элементами; каменной арки нет"
"residential_apartment-building-replica_mc-mod_x.schem","Apartment Building Replica","residential","apartment|small","16x19x46","6035","mc-mod","partial","ok","","ok","","","","name-supports","","","minor","красный жилой блок с глухими стенами и рядом сухое дерево, ряды окон не читаются"
"residential_apartment-building-under-construction_mc-mod_x.schem","Apartment Building Under Construction","residential","apartment|large","95x35x141","48513","mc-mod","good","ok","","ok","","","","name-supports","","","ok","стройка: сетка колонн и перекрытий на пятне застройки, фасада ещё нет"
"residential_apartment-building-with-colorful-block-desig_mc-mod_x.schem","Apartment Building With Colorful Block Design","residential","apartment|medium","19x29x30","3316","mc-mod","good","ok","","ok","","","","name-supports","","","ok","многоэтажный дом с яркой раскладкой красных, белых и синих панелей на фасаде"
"residential_apartment-building-with-shop_mc-mod_x.schem","Apartment Building With Shop","residential","apartment|small","15x29x16","1736","mc-mod","partial","ok","","extra","-shop","","","name-supports","","","minor","узкий серый дом в четыре этажа с балконами и световым люком, входа магазина нет"
"bridges_asian-bridge_mc-mod_x.schem","Simple Asian Bridge","bridges","bridge|medium","29x31x59","5985","mc-mod","good","ok","","ok","","","","name-supports","","","ok","деревянный настил с перилами и частыми поперечными балками на опорах вдоль пролёта"
"commercial_asian-hotel-building_mc-mod_x.schem","Asian Hotel Building","commercial","hotel|medium","37x22x54","9510","mc-mod","good","ok","","ok","","","","name-supports","","","ok","корпус замыкает двор с бассейном, по периметру деревянные балки и колонны"
"towers_asian-pagoda-tower-3_mc-mod_x.schem","Asian Pagoda Tower","towers","large|tall|tower","57x50x45","10395","mc-mod","good","ok","","ok","","","","name-supports","","","ok","три яруса с загнутыми крышами, белые стены и золотые коньки, этажность читается"
"roads_automatic-nighttime-streetlight_mc-mod_x.schem","Automatic Nighttime Streetlight","roads","road|tiny","1x13x9","20","mc-mod","good","ok","","extra","-tree","","","name-conflict","decor","words→decor, image→ok","minor","серый фонарный столб с горизонтальной лампой; дерево в кадре отсутствует"
"commercial_automotive-tuning-workshop_mc-mod_x.schem","Automotive Tuning Workshop","commercial","medium|shop","33x11x59","10264","mc-mod","good","ok","","ok","","extra:shop","","name-supports","","","ok","крупная ровная крыша на рядах столбов, снизу открытый пролёт — похож на автосервис"
"residential_avalon-manor-house_mc-mod_x.schem","Avalon Manor House","residential","house|small","15x19x26","1861","mc-mod","good","ok","","ok","","","","name-supports","","","ok","вытянутый особняк с многоярусной серой крышей и рядом окон вдоль фасада"
"towers_avengers-tower-build_mc-mod_x.schem","Avengers Tower Build","towers","medium|tall|tower","14x48x31","1825","mc-mod","good","ok","","ok","","","franchise|meta-word-in-name","name-supports","","","ok","высотная башня с расширенной верхушкой и красно-белой отделкой, силуэт Мстителей"
"residential_average-decor-house_mc-mod_x.schem","Average Decor House","residential","house|medium","27x36x27","3620","mc-mod","good","ok","","ok","","","","name-supports","","","ok","деревянный дом с крутой серой крышей, тёплым светом в окнах и гирляндами на стенах"
"commercial_bank-and-financial-building_mc-mod_x.schem","Bank and Financial Building","commercial","bank|medium|tall","40x42x36","9106","mc-mod","good","ok","","ok","","","","name-supports","","","ok","крупное современное здание со стеклянным фасадом и лёгкой навесной крышей, офисный вид"
"residential_baroque-quartz-villa-with-garden_mc-mod_x.schem","Baroque Quartz Villa With Garden","residential","house|medium|park","33x33x33","7687","mc-mod","good","ok","","ok","","","","name-supports","","","ok","большая вилла с деревянной кровлей, вокруг сад, пруды и фонтанчики — сад читается"
"residential_basalt-block-house_mc-mod_x.schem","Basalt Block House","residential","small","11x14x17","675","mc-mod","partial","ok","","extra","-house","","empty","name-supports","","","minor","каркас из серых блоков с балками и фонарями на пустом основании, дом не собран"
"public_baseball-stadium_mc-mod_x.schem","Baseball Stadium","public","medium|stadium","91x7x91","9303","mc-mod","good","ok","","ok","","","","name-supports","","","ok","бейсбольное поле с бело-голубым ромбом и бетонными трибунами вокруг, читается"
"residential_basic-lighthouse-structure_mc-mod_x.schem","Basic Lighthouse Structure","towers","medium|tall|water","30x64x45","17845","mc-mod","good","misfit","towers","extra","-house","extra:house","meta-word-in-name","name-supports","","","mismatch","высокий серый маяк на островке посреди воды, к жилым зданиям не относится"
"parks_beautiful-fountain_mc-mod_x.schem","Beautiful Fountain","parks","fountain|medium|tall|water","35x54x36","4693","mc-mod","good","ok","","ok","","","","name-elsewhere","decor","words→decor, image→ok","ok","высокий фонтан: голубой столб воды на круглой колоннаде с чашей"
"residential_big-house-11-modern-complex_mc-mod_x.schem","Big House 11 Modern Complex","residential","house|large|modern|tall","30x51x84","25806","mc-mod","good","ok","","ok","","","","name-supports","","","ok","два современных корпуса со стеклом и бассейном на огороженном участке"
"towers_blocks-ahoy-hotel-towering-presidential-suit_mc-mod_x.schem","Blocks Ahoy Hotel &#8211; Towering Presidential Suite","towers","hotel|large|tall|tower","48x125x73","92313","mc-mod","good","ok","","ok","","","","name-supports","","","ok","высотняк с сетчатым стеклянным фасадом и остеклённой скатной кровлёй"
"residential_blue-and-white-lighthouse-structure_mc-mod_x.schem","Blue And White Lighthouse Structure","towers","medium|tall|water","16x69x16","4587","mc-mod","good","misfit","towers","extra","-house","extra:house","meta-word-in-name","name-supports","","","mismatch","ярусная башня из восьмигранных секций наверху дымовой трубы, похожа на маяк"
"residential_blue-orange-apartment-building-progress_mc-mod_x.schem","Blue-Orange Apartment Building Progress","residential","apartment|huge","95x40x141","68896","mc-mod","good","ok","","ok","","","empty","name-supports","","","ok","крупный строящийся каркас с рядами колонн и внутренним ядром, стадия прогресса"
"residential_blue-orange-apartment-building-under-constru_mc-mod_x.schem","Blue Orange Apartment Building Under Construction","residential","apartment|large","95x36x141","24065","mc-mod","good","ok","","ok","","","empty","name-supports","","","ok","недостроенный каркас многоэтажки на пятне застройки, названию соответствует"
"residential_blue-palace-furnished-residence_mc-mod_x.schem","Blue Palace Furnished Residence","residential","apartment|huge","121x46x90","31085","mc-mod","good","ok","","extra","-tall","","","name-supports","","","minor","протяжённый низкий дворец с прудом и внутренним двором, этажности не видно"
"towers_building-contractors-office_mc-mod_x.schem","Building Contractors Office","commercial","medium","48x25x80","13023","mc-mod","partial","misfit","commercial","extra","-office","","","name-elsewhere","commercial","","mismatch","участок подрядчика: несколько низких построек и опоры, ни башни ни офиса не видно"
"roads_candy-cane-road-light_mc-mod_x.schem","Candy Cane Road Light","roads","road|tiny","6x7x3","12","mc-mod","good","ok","","ok","","","almost-empty","name-supports","","","ok","голубая арка-фонарь в форме леденца, отдельно стоящая компактная деталь"
"parks_central-fountain-maze-schematic_mc-mod_x.schem","Central Fountain Maze Schematic","parks","fountain|medium|water","60x7x55","3265","mc-mod","good","ok","","ok","","","meta-word-in-name","name-elsewhere","decor","words→decor, image→ok","ok","зелёный лабиринт из невысоких изгородей с круглым фонтаном в центре"
"industrial_ceramic-production-factory_mc-mod_x.schem","Ceramic Production Factory","industrial","medium|tall","33x47x34","9322","mc-mod","good","ok","","ok","","","","name-supports","","","ok","кирпичный завод с высокой трубой, утиными трубами и волнистой кровлёй цеха"
"commercial_charming-cottage-with-living-area-and-garage_mc-mod_x.schem","Charming Cottage with Living Area and Garage","residential","house|medium|parking","37x12x37","4402","mc-mod","good","misfit","residential","ok","","extra:parking","","name-elsewhere","residential","","mismatch","длинный красный дом с двускатной серой кровлёй на газоне — это коттедж"
"residential_charming-small-house-shop_mc-mod_x.schem","Charming Small House Shop","residential","house|shop|small","33x23x17","3716","mc-mod","partial","ok","","ok","","","","name-conflict","commercial","words→commercial, image→ok","minor","длинное низкое строение с полосатой кровлёй, и «маленький», и «магазин» не видны"
"residential_chest-shaped-storage-warehouse_mc-mod_x.schem","Chest-Shaped Storage Warehouse","industrial","small","23x13x19","1027","mc-mod","good","misfit","industrial","extra","-house","extra:house","","name-supports","","","mismatch","гигантский сундук-хранилище на газоне, это склад, а не жилой дом"
"commercial_chest-shop-galleria_mc-mod_x.schem","Chest Shop Galleria","commercial","shop|small","21x16x13","841","mc-mod","good","ok","","ok","","","","name-supports","","","ok","красный сундук-магазин с рёбрами и замочной скважиной, форма читается"
"bridges_chiseled-stone-brick-bridge_mc-mod_x.schem","Chiseled Stone Brick Bridge","bridges","bridge|small","7x8x81","2294","mc-mod","good","ok","","ok","","","","name-supports","","","ok","длинный арочный мост из каменной кладки с фонарями по обоим краям"
"towers_chrysler-building-skyscraper_mc-mod_x.schem","Chrysler Building Skyscraper","towers","large|tall|tower","27x140x35","15976","mc-mod","good","ok","","ok","","","","name-supports","","","ok","небоскрёб в стиле ар-деко со ступенчатыми верхами и тонким шпилем"
"residential_city-17-style-apartment-block_mc-mod_x.schem","City 17 Style Apartment Block","residential","apartment|medium","23x24x40","8645","mc-mod","good","ok","","ok","","","franchise","name-supports","","","minor","строгий бетонный блок с плоской кровлёй, отсылка к вымышленному городу из игры"
"decor_city-hall-building_mc-mod_x.schem","City Hall Building","public","medium","30x30x21","3775","mc-mod","good","misfit","public","ok","","","","name-elsewhere","public","","mismatch","ратуша с колоннадой и парадной лестницей на газоне — общественное здание, не декор"
"towers_city-hotel-with-penthouses_mc-mod_x.schem","City Hotel With Penthouses","commercial","hotel|house|medium","44x34x52","18781","mc-mod","good","misfit","commercial","ok","","extra:house","","name-elsewhere","residential","words→residential, image→commercial","mismatch","широкий отель на шесть-семь этажей с балконами и навесом, башня это не башня"
"intersections_city-intersection-crossroads_mc-mod_x.schem","City Intersection Crossroads","intersections","medium|road","65x10x65","4389","mc-mod","good","ok","","ok","","extra:road","","name-supports","","","ok","перекрёсток из брусчатки с пешеходными переходами и фонарями на углах"
"public_city-library-building_mc-mod_x.schem","City Library Building","public","library|medium","50x31x52","9092","mc-mod","good","ok","","ok","","","","name-supports","","","ok","современное низкое здание со светлым фасадом и остеклением на газоне с деревьями"
"parks_city-park-garden_mc-mod_x.schem","City Park Garden","parks","park|small","33x18x17","3265","mc-mod","good","ok","","ok","","","","name-supports","","","ok","огороженный сад с дорожками, стрижеными деревьями, изгородями и прудиком"
"roads_city-road-construction-project_mc-mod_x.schem","City Road Construction Project","roads","medium|road","61x9x85","4917","mc-mod","good","ok","","ok","","","","name-supports","","","ok","дорожная сетка с перекрёстками, газонными разделителями и красно-белыми ограждениями"
"towers_classic-lighthouse-tower_mc-mod_x.schem","Classic Lighthouse Tower","towers","small|tall|tower|water","11x46x11","1224","mc-mod","good","ok","","extra","-house","extra:house","","name-supports","","","minor","каменный маяк с фонарной камерой сверху, дома у основания не видно"
"residential_classic-minecraft-lighthouse-decoration-2_mc-mod_x.schem","Classic Minecraft Lighthouse Decoration","towers","medium|tall|water","20x47x17","1587","mc-mod","good","misfit","towers","extra","-house","extra:house","franchise","name-supports","","","mismatch","серый маяк с расширенным основанием и деревянной площадкой сверху, дома нет"
"public_classic-museum-building-berlin_mc-mod_x.schem","Classic Museum Building Berlin","public","huge|museum","97x72x141","187553","mc-mod","good","ok","","extra","-tall","","","name-supports","","","minor","огромное классическое музейное здание с колоннадой и внутренним двором, оно низкое"
"public_classic-school-bus-design_mc-mod_x.schem","Classic School Bus Design","vehicles","school|tiny","17x5x5","134","mc-mod","good","misfit","vehicles","ok","","","non-building-in-name|vehicle","name-supports","","","mismatch","жёлтый школьный автобус на асфальтовой площадке, здания здесь нет"
"transport_classic-train-station-design_mc-mod_x.schem","Classic Train Station Design","transport","medium|station","45x25x35","11074","mc-mod","good","ok","","ok","","","","name-supports","","","ok","зал станции с арочными перекрытиями и красными вертикальными лентами на фасаде"
"residential_coastal-lighthouse-polished-andesite-stone-b_mc-mod_x.schem","Coastal Lighthouse &#8211; Polished Andesite &amp; Stone Bricks","towers","house|small|water","11x29x16","1211","mc-mod","good","misfit","towers","ok","","extra:house","","name-conflict","waterfront","words→waterfront, image→towers","mismatch","высокий серый маяк на синей воде с маленьким домиком рядом, категория не жилая"
"residential_coastal-lighthouse-structure_mc-mod_x.schem","Coastal Lighthouse Structure","towers","house|medium|tall","17x41x29","3044","mc-mod","partial","misfit","towers","extra","-water","extra:house","meta-word-in-name","name-conflict","waterfront","words→waterfront, image→towers","mismatch","многоярусная башенка с деревянными кровлями на траве, берега и воды не видно"
"towers_coastal-lighthouse-tower_mc-mod_x.schem","Coastal Lighthouse Tower","towers","large|tall|tower|water","40x97x35","15925","mc-mod","good","ok","","extra","-house","extra:house","","name-conflict","waterfront","words→waterfront, image→ok","minor","белая спиральная башня маяка с фонарём наверху, дома у основания нет"
"residential_cobblestone-house-design_mc-mod_x.schem","Cobblestone House Design","residential","house|small","23x8x31","515","mc-mod","partial","ok","","ok","","","","name-supports","","","minor","широкое шестиугольное строение с коричневой кровлёй, обычный дом не читается"
"residential_communist-apartment-block_mc-mod_x.schem","Communist Apartment Block","residential","apartment|large|tall","27x61x105","31120","mc-mod","good","ok","","ok","","","","name-supports","","","ok","длинный краснокирпичный жилой дом со множеством окон, типичный блочный"
"public_compact-football-stadium_mc-mod_x.schem","Compact Football Stadium","public","large|stadium","83x30x96","25152","mc-mod","good","ok","","ok","","","","name-supports","","","ok","стадион с зелёным полем и трибунами по периметру бетонной коробки"
"roads_compact-highway-gas-station_mc-mod_x.schem","Compact Highway Gas Station","commercial","medium|road|station","41x13x60","7769","mc-mod","good","misfit","commercial","ok","","","","name-supports","","","mismatch","заправка у трассы с навесом и площадкой — это коммерция, а не дорожная постройка"
"public_compact-hospital-structure_mc-mod_x.schem","Compact Hospital Structure","public","hospital|medium","28x31x36","2368","mc-mod","partial","ok","","ok","","","meta-word-in-name","name-supports","","","minor","бледный компактный корпус с башней, функция больницы снаружи не читается"
"residential_compact-quartz-modern-house_mc-mod_x.schem","Compact Quartz Modern House","residential","house|modern|small","16x11x17","897","mc-mod","good","ok","","ok","","","","name-supports","","","ok","кварцевый домик с бассейном и террасой, читается отлично"
"towers_compact-two-story-office-building_mc-mod_x.schem","Compact Two-Story Office Building","commercial","medium|office","57x27x63","27435","mc-mod","good","misfit","commercial","ok","","","","name-elsewhere","commercial","","mismatch","плоский двухэтажный офисный корпус, к башням не относится"
"industrial_concrete-factory-structure_mc-mod_x.schem","Concrete Factory Structure","industrial","large|tall","63x47x52","31478","mc-mod","good","ok","","ok","","","meta-word-in-name","name-supports","","","ok","завод с красными трубами и цистернами, читается"
"residential_concrete-warehouse-structure_mc-mod_x.schem","Concrete Warehouse Structure","industrial","small","25x20x25","1781","mc-mod","good","misfit","industrial","extra","-house","extra:house","meta-word-in-name","name-supports","","","mismatch","арочный серый склад-ангар, жилой категории не соответствует"
"towers_corporate-office-building-2_mc-mod_x.schem","Large Corporate Office Building","towers","large|office|tall","86x61x85","175017","mc-mod","good","ok","","ok","","","","name-elsewhere","commercial","words→commercial, image→ok","ok","крупный офисный блок со стеклянным атриумом, читается"
"towers_corporate-office-building_mc-mod_x.schem","Corporate Office Building","towers","large|office|tall","51x67x40","34060","mc-mod","good","ok","","ok","","","","name-elsewhere","commercial","words→commercial, image→ok","ok","голубая офисная башня с отделкой, читается"
"public_country-library-building_mc-mod_x.schem","Country Library Building","public","library|small","23x15x27","5757","mc-mod","partial","ok","","ok","","","","name-supports","","","minor","бледная плоская коробка, на библиотеку тянет слабо"
"bridges_covered-minecraft-bridge_mc-mod_x.schem","Covered Minecraft Bridge","bridges","bridge|tiny","4x5x29","290","mc-mod","good","ok","","ok","","","franchise","name-supports","","","ok","длинный крытый мост с остеклением, читается"
"residential_cozy-medium-house-with-garden_mc-mod_x.schem","Cozy Medium House With Garden","residential","house|medium|park","39x19x25","3790","mc-mod","good","ok","","ok","","","","name-supports","","","ok","красный домик с садом и фонарями, читается отлично"
"towers_cozy-small-hotel-building_mc-mod_x.schem","Cozy Small Hotel Building","towers","hotel|medium|tall","25x61x27","17669","mc-mod","good","ok","","extra","-shop","","","name-elsewhere","commercial","words→commercial, image→ok","minor","серая гостиничная башня, витрин магазина не видно"
"residential_cozy-small-house-with-attic-and-basement_mc-mod_x.schem","Cozy Small House with Attic and Basement","residential","house|medium","29x21x40","9458","mc-mod","good","ok","","extra","-shop","","","name-conflict","commercial","words→commercial, image→ok","minor","маленькое бунгало под пирамидальной крышей, магазина нет"
"towers_cyan-tower-build_mc-mod_x.schem","Cyan Tower Build","towers","small|tall|tower","13x60x13","2068","mc-mod","partial","ok","","ok","","","meta-word-in-name","name-supports","","","minor","серая высокая башня с коричневым, циана не видно"
"towers_dark-luminous-night-tower_mc-mod_x.schem","Dark Luminous Night Tower","towers","huge|tall|tower","108x165x46","43637","mc-mod","good","ok","","ok","","","","name-supports","","","ok","белый светящийся башенный комплекс, читается"
"towers_desert-sand-tower_mc-mod_x.schem","Desert Sand Tower","towers","tiny|tower","9x23x9","415","mc-mod","good","ok","","ok","","","","name-supports","","","ok","песочная башенка с красным верхом, читается"
"public_dirt-church-structure_mc-mod_x.schem","Dirt Church Structure","public","church|medium","33x30x43","9934","mc-mod","good","ok","","ok","","","meta-word-in-name","name-supports","","","ok","коричневая церковь со скатными крышами, читается"
"commercial_doughnut-shop-building_mc-mod_x.schem","Doughnut Shop Building","commercial","shop|small","21x16x16","583","mc-mod","good","ok","","ok","","","","name-supports","","","ok","лавка с гигантским пончиком на крыше, читается отлично"
"parks_dreamy-fountain-build_mc-mod_x.schem","Dreamy Fountain Build","parks","fountain|small|water","13x28x15","996","mc-mod","good","ok","","ok","","","meta-word-in-name","name-elsewhere","decor","words→decor, image→ok","ok","компактный фонтан с синей водой, читается"
"residential_early-20th-century-schoolhouse_mc-mod_x.schem","Early 20th Century Schoolhouse","public","school|small","40x17x18","4884","mc-mod","good","misfit","public","extra","-house","extra:house","","name-supports","","","mismatch","школьный корпус буквой Г, к жилью не относится"
"public_early-american-library-building_mc-mod_x.schem","Early American Library Building","public","library|tall","14x32x14","1811","mc-mod","partial","ok","","extra","-small +tall","","","name-supports","","","minor","узкая красная высотка, на библиотеку не читается"
"towers_eight-story-hotel_mc-mod_x.schem","Eight Story Hotel","towers","hotel|medium|tall","21x49x22","9201","mc-mod","good","ok","","ok","","","","name-elsewhere","commercial","words→commercial, image→ok","ok","стеклянный восьмиэтажный отель, читается"
"residential_eldorado-house-lakeside-residence_mc-mod_x.schem","Eldorado House Lakeside Residence","residential","house|medium","46x25x57","13230","mc-mod","good","ok","","extra","-apartment","","","name-supports","","","minor","деревянный дом у озера, на апартаменты не тянет"
"public_eldwyn-library-structure_mc-mod_x.schem","Eldwyn Library Structure","public","castle-like|large|library|tall","73x60x101","23651","mc-mod","partial","ok","","missing","+castle-like","","fantasy|meta-word-in-name","name-supports","","","minor","сказочный дворцовый корпус, фэнтезийные крыши"
"commercial_elegant-city-hall-for-small-towns_mc-mod_x.schem","Elegant City Hall For Small Towns","public","medium","36x27x29","5999","mc-mod","good","misfit","public","extra","-shop","","","name-supports","","","mismatch","классическая ратуша с колоннами, не торговля"
"towers_elegant-grand-hotel_mc-mod_x.schem","Elegant Grand Hotel","towers","hotel|huge|tall","106x67x134","52862","mc-mod","good","ok","","ok","","","","name-elsewhere","commercial","words→commercial, image→ok","ok","огромный красно-белый отель у воды, читается"
"commercial_elegant-hotel-with-bar-and-dining_mc-mod_x.schem","Elegant Hotel With Bar And Dining","commercial","hotel|small","18x25x23","3815","mc-mod","good","ok","","ok","","","","name-supports","","","ok","коричневый блочный отель, читается"
"bridges_elegant-marble-bridge-design_mc-mod_x.schem","Elegant Marble Bridge Design","bridges","bridge|small","20x21x7","573","mc-mod","good","ok","","ok","","","","name-supports","","","ok","белый мраморный мост, читается"
"towers_elegant-modern-office-tower_mc-mod_x.schem","Elegant Modern Office Tower","towers","huge|modern|office|tall|tower","55x123x83","22282","mc-mod","good","ok","","ok","","","","name-supports","","","ok","высокая современная офисная башня, читается"
"parks_elegant-quartz-fountain_mc-mod_x.schem","Elegant Quartz Fountain","parks","fountain|small|water","15x10x15","328","mc-mod","good","ok","","ok","","","","name-elsewhere","decor","words→decor, image→ok","ok","кварцевый фонтанчик с синей водой, читается"
"parks_elegant-quartz-water-fountain_mc-mod_x.schem","Elegant Quartz Water Fountain","parks","fountain|small|water","29x13x29","1568","mc-mod","good","ok","","ok","","","","name-elsewhere","decor","words→decor, image→ok","ok","большой кварцевый фонтан с водой, читается"
"public_elementary-school-building_mc-mod_x.schem","Elementary School Building","public","large|school","58x27x93","29155","mc-mod","good","ok","","ok","","","","name-supports","","","ok","красная кирпичная школа, читается"
"transport_elevated-metro-station-building_mc-mod_x.schem","Elevated Metro Station Building","transport","small|station","21x18x32","3993","mc-mod","good","ok","","ok","","","","name-supports","","","ok","эстакадная станция метро, конструкции читаются"
"transport_elevated-metro-station-exterior_mc-mod_x.schem","Elevated Metro Station Exterior","transport","small|station","25x17x35","4324","mc-mod","good","ok","","ok","","","","name-supports","","","ok","открытый каркас эстакадной станции, читается"
"transport_elevated-metro-station-with-side-platform_mc-mod_x.schem","Elevated Metro Station With Side Platform","transport","small|station","25x17x35","4810","mc-mod","good","ok","","ok","","","","name-supports","","","ok","эстакадная станция с боковой платформой, читается"
"transport_elevated-railway-station_mc-mod_x.schem","Elevated Railway Station","transport","station|tiny","9x7x20","396","mc-mod","partial","ok","","ok","","","","name-supports","","","minor","виадук с путями без здания станции, с натяжкой"
"commercial_essentialsx-shop-setup_mc-mod_x.schem","EssentialsX Shop Setup","decor","large","85x46x84","63930","mc-mod","wrong","misfit","decor","extra","-shop -tall","","","name-supports","","","mismatch","двор с красными крышами и драконом, не магазин"
"industrial_factory-hall-2-0_mc-mod_x.schem","Factory Hall 2.0","industrial","large|tall","68x48x75","28377","mc-mod","good","ok","","ok","","","","name-supports","","","ok","кирпичный заводской цех с трубами, читается отлично"
"bridges_fallout-3-inspired-overpass-ramp_mc-mod_x.schem","Fallout 3 Inspired Overpass Ramp","bridges","bridge|medium|tall","47x45x29","4943","mc-mod","good","ok","","missing","+bridge","missing:bridge missing:tower","franchise","name-supports","","","minor","эстакада на столбе, тег моста отсутствует"
"transport_fallout-3-inspired-substation_mc-mod_x.schem","Fallout 3 Inspired Substation","transport","small|station","26x9x19","1188","mc-mod","good","ok","","ok","","missing:tower extra:station","franchise","name-supports","","","minor","красная подстанция с трубами и башнями, постапокалипсис считывается"
"residential_fallout-3-player-shack-house_mc-mod_x.schem","Fallout 3 Player Shack House","residential","house|small","20x12x25","2615","mc-mod","good","ok","","ok","","","franchise","name-supports","","","minor","приземистая лачуга с плоской крышей, разруха в стиле игры видна"
"towers_fallout-3-power-transmission-tower_mc-mod_x.schem","Fallout 3 Power Transmission Tower","towers","small|tall|tower","7x44x21","862","mc-mod","good","ok","","ok","","","franchise","name-supports","","","minor","тёмная решётчатая опора ЛЭП, высокая и узнаваемая"
"residential_fallout-3-rubble-house_mc-mod_x.schem","Fallout 3 Rubble House","residential","house|small","23x12x19","546","mc-mod","good","ok","","ok","","","franchise","name-supports","","","minor","развалины дома с обломками стен и ступенями, читаются"
"public_fallout-3-springvale-school-building_mc-mod_x.schem","Fallout 3 Springvale School Building","public","large|school|tall","80x41x100","85884","mc-mod","good","ok","","ok","","","franchise","name-supports","","","minor","руины школьного двора с колоннадой и трибунами, масштабно"
"bridges_fallout-3-style-overpass-structure_mc-mod_x.schem","Fallout 3 Style Overpass Structure","bridges","medium|tall","39x42x40","4593","mc-mod","good","ok","","ok","","missing:bridge","franchise|meta-word-in-name","name-supports","","","minor","обломок эстакады на опоре, дорожное полотно видно сверху"
"bridges_fallout-3-style-overpass_mc-mod_x.schem","Fallout 3 Style Overpass","bridges","medium|tall","48x42x29","4750","mc-mod","good","ok","","ok","","missing:bridge","franchise","name-supports","","","minor","прямой пролёт эстакады на бетонной опоре, читается"
"transport_fallout-3-style-power-station_mc-mod_x.schem","Fallout 3 Style Power Station","transport","large|station|tall","79x64x58","24145","mc-mod","good","ok","","ok","","","franchise","name-supports","","","minor","кирпичный корпус электростанции с тремя трубами, мощный"
"towers_fallout-3-water-tower-structure_mc-mod_x.schem","Fallout 3 Water Tower Structure","towers","small|tower","12x27x12","400","mc-mod","good","ok","","ok","","","franchise|meta-word-in-name","name-supports","","","minor","компактный бак водонапорки на деревянной обвязке, узнаваем"
"public_fire-truck-vehicle_mc-mod_x.schem","Fire Truck Vehicle","vehicles","car|tiny","13x5x5","75","mc-mod","good","misfit","vehicles","ok","","extra:car","non-building-in-name|vehicle","name-elsewhere","vehicles","","mismatch","крошечная красная пожарная машина, а не общественное здание"
"residential_functional-lighthouse_mc-mod_x.schem","Functional Lighthouse","waterfront","medium|tall|tower|water","20x51x20","5391","mc-mod","good","misfit","waterfront","missing","+tower -house","extra:house","","name-supports","","","mismatch","стройная светлая башня маяка без жилья, у воды уместнее"
"transport_functional-train-station_mc-mod_x.schem","Functional Train Station","transport","small|station","14x11x25","2217","mc-mod","good","ok","","ok","","","","name-supports","","","ok","компактный вокзал с жёлтой крышей и перроном, аккуратный"
"commercial_furnished-bank-building_mc-mod_x.schem","Furnished Bank Building","commercial","bank|medium","25x27x28","5720","mc-mod","good","ok","","ok","","","","name-supports","","","ok","классический банк с колоннадой и лестницами, парадный"
"commercial_furnished-family-home-with-garage_mc-mod_x.schem","Furnished Family Home with Garage","residential","house|large|parking","61x38x101","24524","mc-mod","good","misfit","residential","ok","","extra:parking","","name-elsewhere","residential","","mismatch","большой дом с гаражом и скатной крышей, это жильё"
"transport_futuristic-city-parking-lot_mc-mod_x.schem","Futuristic City Parking Lot","transport","modern|parking|tiny","30x3x15","670","mc-mod","good","ok","","extra","-park","extra:modern extra:park","","name-elsewhere","parks","words→parks, image→ok","minor","плоская плита стоянки с красной зоной и буквой, читается"
"bridges_futuristic-marble-bridge_mc-mod_x.schem","Futuristic Marble Bridge","bridges","bridge|modern|small","45x22x7","1342","mc-mod","good","ok","","ok","","extra:modern","","name-supports","","","ok","светлый арочный мост с перилами, изящный"
"public_futuristic-stadium-angle-section_mc-mod_x.schem","Futuristic Stadium Angle Section","public","large|modern|stadium|tall","54x45x54","28205","mc-mod","good","ok","","ok","","extra:modern","","name-supports","","","ok","угловой сектор стадиона с трибунами и мачтами, крупный"
"public_futuristic-stadium-panel_mc-mod_x.schem","Futuristic Stadium Panel","public","modern|stadium|tiny","57x9x3","867","mc-mod","good","ok","","ok","","extra:modern","text","name-supports","","","minor","серая стеновая панель с надписью, фрагмент трибуны"
"public_futuristic-stadium-wall-section_mc-mod_x.schem","Futuristic Stadium Wall Section","public","medium|modern|stadium|tall","24x44x55","8895","mc-mod","good","ok","","ok","","extra:modern","","name-supports","","","ok","фрагмент стены стадиона с ярусами и крышей, детальный"
"transport_futuristic-station-for-vehicles_mc-mod_x.schem","Futuristic Station for Vehicles","transport","medium|modern|station","24x35x74","15264","mc-mod","good","ok","","ok","","extra:modern","","name-supports","","","ok","футуристичный гараж-станция с красными боксами, читается"
"parks_garden-fountain-design_mc-mod_x.schem","Garden Fountain Design","parks","fountain|park|small|water","22x12x22","1164","mc-mod","good","ok","","ok","","","","name-conflict","decor","words→decor, image→ok","ok","круглая синяя чаша фонтана в белом ограждении, аккуратная"
"parks_garden-fountain-structure_mc-mod_x.schem","Garden Fountain Structure","parks","fountain|park|small|water","27x9x19","718","mc-mod","good","ok","","ok","","","meta-word-in-name","name-supports","","","ok","прямоугольный садик с фонтаном по центру, ухоженный"
"public_geologic-museum-minecraft-build_mc-mod_x.schem","Geologic Museum Minecraft Build","public","museum|small","23x11x21","1217","mc-mod","partial","ok","","ok","","","franchise|meta-word-in-name","name-supports","","","minor","крестообразный деревянный павильон, музей не считывается"
"industrial_gingerbread-factory_mc-mod_x.schem","Gingerbread Factory","industrial","large|tall","81x52x65","12668","mc-mod","partial","ok","","ok","","","","name-supports","","","minor","крупный цех со стеклянной крышей, пряничность не видна"
"industrial_glass-factory-build_mc-mod_x.schem","Glass Factory Build","industrial","medium","26x38x28","26789","mc-mod","partial","ok","","ok","","","meta-word-in-name","name-supports","","","minor","бежевая коробка с ленточными окнами, цех угадывается слабо"
"industrial_gold-smelting-factory_mc-mod_x.schem","Gold Smelting Factory","industrial","large|tall","64x79x27","3379","mc-mod","good","ok","","ok","","","","name-supports","","","ok","промрамка цеха с красными печами и трубой, выразительно"
"public_gothic-church-minecraft-structure_mc-mod_x.schem","Gothic Church Minecraft Structure","public","church|huge|tall","125x113x75","62900","mc-mod","good","ok","","ok","","","franchise|meta-word-in-name","name-supports","","","ok","огромный готический собор с шпилями и витражами, цельный"
"public_grand-central-park-large-town-square_mc-mod_x.schem","Grand Central Park &#8211; Large Town Square","parks","huge|park","142x49x126","65580","mc-mod","good","misfit","parks","extra","-tall","","","name-elsewhere","parks","","mismatch","гигантская площадь с фонтаном и клумбами, это парк"
"towers_grandpas-flower-power-tower-with-garden_mc-mod_x.schem","Grandpa&#8217;s Flower Power Tower with Garden","towers","medium|park|tower","32x27x23","3702","mc-mod","good","ok","","ok","","","","name-supports","","","ok","цилиндрическая башня в цветах с садиком у подножия, милая"
"towers_gray-tower-structure_mc-mod_x.schem","Gray Tower Structure","towers","small|tower","9x28x9","464","mc-mod","good","ok","","ok","","","meta-word-in-name","name-supports","","","ok","серая ярусная башня с шатровой крышей, аккуратная"
"bridges_guadalupe-river-bridge_mc-mod_x.schem","Guadalupe River Bridge","bridges","bridge|medium","24x22x122","13584","mc-mod","good","ok","","ok","","","","name-supports","","","ok","длинный мост с фонарями над руслом, протяжённый"
"public_hamburg-michel-church-structure_mc-mod_x.schem","Hamburg Michel Church Structure","public","church|medium|tall","27x55x38","4396","mc-mod","good","ok","","ok","","","meta-word-in-name","name-supports","","","ok","красный храм с зелёной башней под снежной крышей, яркий"
"parks_hanging-gardens-of-brisbane_mc-mod_x.schem","Hanging Gardens of Brisbane","parks","medium|park|tall","48x51x47","7798","mc-mod","good","ok","","ok","","","","name-supports","","","ok","ярусный круглый сад с голубым куполом, пышный"
"commercial_harbour-shops_mc-mod_x.schem","Harbour Shops","commercial","medium|shop|water","38x29x26","12497","mc-mod","good","ok","","missing","+water","","","name-supports","","","minor","лавки на каменной набережной у воды, живописно"
"residential_hidden-wooden-house_mc-mod_x.schem","Hidden Wooden House","residential","house|medium","38x33x37","8719","mc-mod","good","ok","","ok","","","","name-supports","","","ok","бревенчатый дом с высокой крышей и трубой, скрытный"
"roads_highway-exit-structure_mc-mod_x.schem","Highway Exit Structure","roads","medium|road","50x10x33","3225","mc-mod","good","ok","","ok","","","meta-word-in-name","name-supports","","","ok","развязка-съезд с шоссе на несколько полос, читается"
"roads_highway-section-with-lighting-and-signs_mc-mod_x.schem","Highway Section with Lighting and Signs","roads","road|small","43x10x21","1197","mc-mod","good","ok","","ok","","","","name-supports","","","ok","прямой участок шоссе с фонарями и разметкой, ровный"
"roads_highway-toll-booth-structure_mc-mod_x.schem","Highway Toll Booth Structure","roads","medium|road","48x9x59","4076","mc-mod","good","ok","","ok","","","meta-word-in-name","name-supports","","","ok","пункт оплаты шоссе с навесом и будками, аккуратный"
"commercial_home-and-workshop-building_mc-mod_x.schem","Home and Workshop Building","commercial","house|shop|small","20x13x14","1062","mc-mod","good","ok","","ok","","extra:shop","","name-supports","","","ok","небольшой дом-мастерская с пристройкой и навесом, цельный"
"towers_hotel-hilton_mc-mod_x.schem","Small Hilton Hotel Build","towers","hotel|medium","17x31x31","6431","mc-mod","good","ok","","extra","-shop","","meta-word-in-name","name-elsewhere","commercial","words→commercial, image→ok","minor","серый отель с балконами и оранжевыми окнами, витрин нет"
"towers_hotel-honk-house_mc-mod_x.schem","Hotel Honk House","commercial","hotel|medium","41x37x38","23840","mc-mod","partial","misfit","commercial","extra","-house","","","name-elsewhere","residential","words→residential, image→commercial","mismatch","длинный стеклянный павильон-ангар, на башню и дом не тянет"
"towers_hotel-opal-seaside-resort_mc-mod_x.schem","Hotel Opal Seaside Resort","towers","hotel|large|tall","66x66x84","53407","mc-mod","good","ok","","ok","","","","name-elsewhere","commercial","words→commercial, image→ok","ok","стеклянный отель с вертолётной площадкой, читается"
"towers_hotel-weiss-v2_mc-mod_x.schem","Hotel Weiss V2","towers","hotel|large|tall","50x52x50","30321","mc-mod","good","ok","","ok","","","meta-word-in-name","name-elsewhere","commercial","words→commercial, image→ok","ok","две стеклянные башни отеля, современный корпус читается"
"roads_immersive-railroading-bridge_mc-mod_x.schem","Immersive Railroading Bridge","bridges","bridge|road|small","11x8x40","611","mc-mod","partial","misfit","bridges","ok","","extra:road","","name-supports","","","mismatch","видны лишь бетонные устои без пролёта, путь едва читается"
"roads_immersive-railroading-roundhouse-structure_mc-mod_x.schem","Immersive Railroading Roundhouse Structure","transport","large|station","110x15x111","12086","mc-mod","good","misfit","transport","extra","-house -road +station","extra:road extra:house","meta-word-in-name","name-supports","","","mismatch","красное полукруглое депо веером, это не дорога"
"roads_immersive-railroading-steamworks-station_mc-mod_x.schem","Immersive Railroading Steamworks Station","transport","medium|station","66x18x41","5136","mc-mod","good","misfit","transport","extra","-road","extra:road","","name-supports","","","mismatch","красный цех-станция с депо, к дорогам не относится"
"residential_improved-warehouse-storage-structure_mc-mod_x.schem","Improved Warehouse Storage Structure","industrial","huge","121x20x217","42262","mc-mod","good","misfit","industrial","extra","-house","extra:house","meta-word-in-name","name-supports","","","mismatch","плоский складской двор с ячейками, не жильё"
"towers_indian-style-jade-mansion-tower_mc-mod_x.schem","Indian Style Jade Mansion Tower","towers","house|large|tall|tower","61x65x62","23887","mc-mod","good","ok","","ok","","","","name-supports","","","ok","особняк с нефритовой крышей и драконом, башня читается"
"bridges_integral-bridge-structure_mc-mod_x.schem","Integral Bridge Structure","bridges","bridge|small","49x12x7","726","mc-mod","good","ok","","ok","","","meta-word-in-name","name-supports","","","ok","длинный мост на опорах с фонарями, читается"
"residential_island-house-lakefront_mc-mod_x.schem","Island House Lakefront","residential","house|large|water","63x24x86","52320","mc-mod","good","ok","","missing","+water","","","name-conflict","waterfront","words→waterfront, image→ok","minor","скалистый остров с домиком, водой и мостиком"
"residential_item-storage-warehouse_mc-mod_x.schem","Item Storage Warehouse","industrial","medium","84x16x19","8496","mc-mod","good","misfit","industrial","extra","-house","extra:house","","name-supports","","","mismatch","длинный складской корпус, не жильё"
"towers_japanese-tower-style-asian-structure_mc-mod_x.schem","Japanese Tower Style Asian Structure","towers","small|tower","13x30x13","991","mc-mod","good","ok","","ok","","","meta-word-in-name","name-supports","","","ok","красная пагода с изогнутыми крышами, читается"
"towers_jive-49-modern-condominium-tower_mc-mod_x.schem","Jive 49 Modern Condominium Tower","towers","apartment|large|modern|tall|tower","37x100x81","46141","mc-mod","good","ok","","ok","","","","name-supports","","","ok","красные высотные башни с белой кровлей, читаются"
"bridges_jungle-spawn-bridge_mc-mod_x.schem","Jungle Spawn Bridge","bridges","bridge|tiny","5x5x28","243","mc-mod","good","ok","","ok","","","","name-supports","","","ok","маленький деревянный мостик с фонарями, читается"
"residential_keralis-style-giant-mansion_mc-mod_x.schem","Keralis Style Giant Mansion","residential","house|huge","201x30x149","50850","mc-mod","good","ok","","ok","","","","name-supports","","","ok","огромная усадьба с полями и постройками, читается"
"residential_kingdom-banker-shop-house_mc-mod_x.schem","Kingdom Banker Shop House","residential","house|tiny","11x11x13","587","mc-mod","partial","ok","","extra","-bank -shop","extra:bank","non-real/fantasy","name-conflict","commercial","words→commercial, image→ok","minor","крошечная деревянная хижина, банка и лавки не видно"
"towers_kokotonis-furnished-tower_mc-mod_x.schem","Kokotoni&#8217;s Furnished Tower","towers","medium|tall|tower","31x82x31","14037","mc-mod","good","ok","","ok","","","","name-supports","","","ok","ажурная высокая башня со шпилями, читается"
"residential_lapis-and-pickaxe-shop-medium-house_mc-mod_x.schem","Lapis and Pickaxe Shop &#8211; Medium House","residential","house|medium|shop","24x37x23","7934","mc-mod","good","ok","","ok","","","","name-supports","","","ok","серое здание с гигантской киркой на крыше, лавка читается"
"parks_large-car-park_mc-mod_x.schem","Large Car Park","transport","medium|parking","191x2x175","33721","mc-mod","good","misfit","transport","extra","-park +parking -car","missing:parking","non-building-in-name","name-supports","","","mismatch","пустая асфальтовая парковка, парка и машин нет"
"residential_large-house-and-shop-building_mc-mod_x.schem","Large House and Shop Building","residential","house|large|shop|tall","54x45x58","9061","mc-mod","good","ok","","ok","","","","name-supports","","","ok","длинный торговый павильон с прилавками, читается"
"commercial_large-modern-hotel-jungle-planks_mc-mod_x.schem","Large Modern Hotel &#8211; Jungle Planks","commercial","hotel|medium|modern","44x17x30","8029","mc-mod","good","ok","","ok","","","","name-supports","","","ok","светлый современный корпус отеля, читается"
"residential_large-ranch-style-minimalist-house_mc-mod_x.schem","Large Ranch Style Minimalist House","residential","house|medium","64x20x47","19976","mc-mod","good","ok","","ok","","","","name-supports","","","ok","одноэтажное ранчо с двором и подсветкой, читается"
"residential_large-server-warehouse_mc-mod_x.schem","Large Server Warehouse","industrial","large","55x105x54","23556","mc-mod","partial","misfit","industrial","extra","-house -tall","extra:house","","name-supports","","","mismatch","приземистый складской корпус, серверов и высоты нет"
"commercial_large-smithy-workshop_mc-mod_x.schem","Large Smithy Workshop","commercial","shop|small","19x21x15","1744","mc-mod","good","ok","","ok","","extra:shop","","name-supports","","","ok","коричневая кузница-мастерская, читается"
"bridges_large-stone-brick-bridge_mc-mod_x.schem","Large Stone Brick Bridge","bridges","bridge|small","7x19x68","3728","mc-mod","good","ok","","ok","","","","name-supports","","","ok","длинный каменный виадук с арками, читается"
"bridges_large-stone-bridge-with-buildings_mc-mod_x.schem","Large Stone Bridge With Buildings","bridges","bridge|small","37x25x8","1470","mc-mod","good","ok","","ok","","","","name-supports","","","ok","каменный мост с деревянными надстройками, читается"
"towers_large-stone-tower_mc-mod_x.schem","Large Stone Tower","towers","small|tall|tower","12x52x11","1507","mc-mod","good","ok","","ok","","","","name-supports","","","ok","высокая серая каменная башня, читается"
"residential_large-survival-mansion-house_mc-mod_x.schem","Large Survival Mansion House","residential","house|medium","50x25x55","8972","mc-mod","good","ok","","ok","","","","name-supports","","","ok","большой особняк с красными дверями, читается"
"towers_lava-hotel-resort_mc-mod_x.schem","Lava Hotel Resort","towers","hotel|medium","27x37x33","10512","mc-mod","partial","ok","","ok","","","","name-elsewhere","commercial","words→commercial, image→ok","minor","белый корпус отеля, лавы нигде не видно"
"towers_leniland-office-building_mc-mod_x.schem","Leniland Office Building","towers","medium|office|tall","32x41x17","8081","mc-mod","good","ok","","ok","","","","name-elsewhere","commercial","words→commercial, image→ok","ok","офисный корпус с подсветкой окон, читается"
"transport_light-rail-transit-station_mc-mod_x.schem","Light Rail Transit Station","transport","large|station","179x35x51","42220","mc-mod","good","ok","","ok","","","","name-supports","","","ok","длинная эстакадная станция, читается"
"towers_lucavas-tower_mc-mod_x.schem","Lucava&#8217;s Tower","towers","large|tall|tower","43x118x42","3842","mc-mod","good","ok","","ok","","","","name-supports","","","ok","ажурная красно-золотая башня с шаром, читается"
"residential_luxury-mansion-with-party-room_mc-mod_x.schem","Luxury Mansion With Party Room","residential","house|large","84x20x77","25846","mc-mod","good","ok","","ok","","","","name-supports","","","ok","белый современный особняк с террасой, читается"
"towers_luxury-palace-tower-with-elevator_mc-mod_x.schem","Luxury Palace Tower With Elevator","towers","large|tall|tower","40x110x40","52275","mc-mod","good","ok","","ok","","","non-building-in-name","name-supports","","","ok","красно-белая дворцовая башня, читается"
"residential_luxury-studio-apartment_mc-mod_x.schem","Luxury Studio Apartment","residential","apartment|tiny","4x8x6","155","mc-mod","partial","ok","","ok","","","","name-supports","","","minor","крошечная коричневая ячейка-комната, люкса не видно"
"residential_luxury-villa-with-courtyard-and-pool_mc-mod_x.schem","Luxury Villa with Courtyard and Pool","residential","house|medium","46x23x47","12194","mc-mod","partial","ok","","extra","-pool -water","","","name-supports","","","minor","вилла с двором, голубой воды бассейна не видно"
"parks_majestic-fountain-structure_mc-mod_x.schem","Majestic Fountain Structure","parks","fountain|medium|water","31x36x39","3692","mc-mod","good","ok","","ok","","","meta-word-in-name","name-elsewhere","decor","words→decor, image→ok","ok","скальный фонтан со струёй воды, читается"
"commercial_market-stall_mc-mod_x.schem","Market Stall","commercial","shop|tiny","6x5x7","98","mc-mod","good","ok","","ok","","","","name-supports","","","ok","крошечный торговый прилавок, читается"
"bridges_massive-lava-tunnel-with-minecart-track_mc-mod_x.schem","Massive Lava Tunnel With Minecart Track","bridges","medium","11x4x1000","12710","mc-mod","partial","ok","","extra","-car","missing:bridge extra:car","","name-elsewhere","industrial","words→industrial, image→ok","minor","тоннель виден линией на 1000 блоков, содержимое не разглядеть"
"bridges_massive-minecraft-bridge_mc-mod_x.schem","Massive Minecraft Bridge","bridges","bridge|large|tall","25x75x115","43574","mc-mod","good","ok","","ok","","","franchise","name-supports","","","ok","каменный мост на массивных опорах с перилами и дорогой сверху, читается"
"towers_massive-skyscraper-structure_mc-mod_x.schem","Massive Skyscraper Structure","towers","medium|tall|tower","20x200x20","14072","mc-mod","partial","ok","","ok","","","meta-word-in-name","name-supports","","","minor","тонкая глухая башня с длинным шпилем, мощного небоскрёба с окнами не видно"
"residential_massive-storage-warehouse-structure_mc-mod_x.schem","Massive Storage Warehouse Structure","industrial","large","169x22x85","24720","mc-mod","good","misfit","industrial","extra","-house","extra:house","meta-word-in-name","name-supports","","","mismatch","длинный склад с открытым каркасом кровли, к жилой застройке не относится"
"towers_maximum-height-tower_mc-mod_x.schem","Maximum Height Tower","towers","medium|tall|tower","34x186x17","46304","mc-mod","good","ok","","ok","","","","name-supports","","","ok","гладкая высокая башня без окон со ступенью на макушке, всё сходится"
"commercial_mccready-grocery-store_mc-mod_x.schem","McCready Grocery Store","commercial","huge|shop","229x18x199","130257","mc-mod","good","ok","","ok","","","","name-supports","","","ok","крупное плоское здание магазина с большой парковкой и машинами у въезда"
"parks_mcfey-astroworld-amusement-park_mc-mod_x.schem","McFey Astroworld Amusement Park","parks","small","14x28x23","777","mc-mod","partial","ok","","extra","-park","","","name-supports","","","minor","одиночная аттракционная конструкство вертикальной формы, территории парка нет"
"public_mediterranean-plaza-build_mc-mod_x.schem","Mediterranean Plaza Build","public","medium|park","36x14x34","1850","mc-mod","good","ok","","ok","","extra:park","meta-word-in-name","name-elsewhere","commercial","words→commercial, image→ok","ok","вымощенная площадь с газонами, деревьями и рядами фонарей-колонн"
"residential_mediterranean-style-apartment-house_mc-mod_x.schem","Mediterranean Style Apartment House","residential","apartment|house|small","36x20x19","5037","mc-mod","good","ok","","ok","","","","name-supports","","","ok","многоэтажный дом с балконами и верхними террасами, категория верна"
"commercial_mediterranean-style-shopping-center_mc-mod_x.schem","Mediterranean Style Shopping Center","commercial","medium|shop","47x32x49","30935","mc-mod","good","ok","","ok","","","","name-supports","","","ok","комплекс корпусов с навесами-перголами и внутренним двором, читается"
"bridges_medium-mansion-with-bridge_mc-mod_x.schem","Medium Mansion With Bridge","residential","bridge|house|huge|tall","105x133x82","443361","mc-mod","good","misfit","residential","ok","","","","name-supports","","","mismatch","особняк на скале с ручьём: мостик там крошечный, основной объём — жилой дом"
"residential_medium-merchants-house_mc-mod_x.schem","Medium Merchant&#8217;s House","residential","house|small","17x18x32","3068","mc-mod","good","ok","","ok","","","","name-supports","","","ok","деревянный дом с высокой двускатной крышей и трубой, всё как в имени"
"residential_medium-orange-warehouse_mc-mod_x.schem","Medium Orange Warehouse","industrial","large","74x21x117","21686","mc-mod","partial","misfit","industrial","extra","-house","extra:house","","name-supports","","","mismatch","серо-белый склад со световыми окнами, оранжевого цвета нет и это не жильё"
"bridges_medium-wooden-bridge-design_mc-mod_x.schem","Medium Wooden Bridge Design","bridges","bridge|small","21x11x53","532","mc-mod","partial","ok","","ok","","","","name-supports","","","minor","пролёт между бетонными опорами с синей полосой настила, дерево не читается"
"transport_metro-city-spawn_mc-mod_x.schem","Metro City Spawn","public","large|tall","56x73x56","23416","mc-mod","good","misfit","public","ok","","","","name-supports","","","mismatch","городская площадь с фонтаном, деревьями и двумя башнями, транспортной инфраструктуры нет"
"transport_metro-train-pass_mc-mod_x.schem","Metro Train Pass","transport","tiny","6x11x6","312","mc-mod","partial","ok","","ok","","","","name-supports","","","minor","мелкий серый бокс с проёмом и панелью, похож на будку, назначение неясно"
"transport_metro-train-station_mc-mod_x.schem","Metro Train Station","transport","small|station","7x9x47","400","mc-mod","good","ok","","ok","","","","name-supports","","","ok","длинная платформа с красными составами и фонарями, станция видна"
"towers_mid-century-hotel_mc-mod_x.schem","Mid-Century Hotel","towers","hotel|small","12x35x12","2168","mc-mod","good","ok","","ok","","","","name-elsewhere","commercial","words→commercial, image→ok","ok","стеклянная башня с просматриваемыми этажами и колоннами, форма подходит"
"commercial_minebank-building_mc-mod_x.schem","MineBank Building","commercial","bank|huge|tall","67x150x85","327368","mc-mod","good","ok","","ok","","extra:bank","","name-supports","","","ok","высокий деловой корпус с рядами окон и оборудованием на кровле"
"residential_minecraft-build-book-house_mc-mod_x.schem","Minecraft Build Book House","residential","house|medium","58x28x47","17404","mc-mod","good","ok","","ok","","","franchise|meta-word-in-name","name-supports","","","ok","земельный участок с двухэтажным домом и большим бассейном, жильё видно"
"residential_minecraft-casino-mansion-structure_mc-mod_x.schem","Minecraft Casino Mansion Structure","commercial","house|huge|tall","79x93x92","49502","mc-mod","good","misfit","commercial","ok","","","franchise|meta-word-in-name","name-supports","","","mismatch","крупное здание с гигантским колесом на кровле — это казино, а не жилой дом"
"commercial_minecraft-gas-station-build-2_mc-mod_x.schem","Minecraft Gas Station Build","commercial","small|station","16x6x30","632","mc-mod","good","ok","","ok","","","franchise|meta-word-in-name","name-elsewhere","industrial","words→industrial, image→ok","ok","красное здание и отдельный навес на столбах, характерный для заправки"
"public_minecraft-hospital-building_mc-mod_x.schem","Minecraft Hospital Building","public","hospital|medium|tall","21x56x36","8043","mc-mod","good","ok","","ok","","","franchise","name-supports","","","ok","высотный корпус со стеклом и плоской синей кровлей под вертолётную площадку"
"transport_minecraft-railway-station_mc-mod_x.schem","Minecraft Railway Station","transport","station|tiny","17x5x18","575","mc-mod","partial","ok","","ok","","","franchise","name-supports","","","minor","низкое серое здание с красными блоками, рельсов и платформы не видно"
"public_minecraft-soccer-stadium-schematic_mc-mod_x.schem","Minecraft Soccer Stadium Schematic","public","medium|stadium","34x13x54","5747","mc-mod","good","ok","","ok","","","franchise|meta-word-in-name","name-supports","","","ok","стадион с зелёным полем, трибунами и фигурками игроков на площадке"
"public_minecraftia-elementary-school-blue-and-white_mc-mod_x.schem","Minecraftia Elementary School Blue and White Campus","public","huge|school|tall","149x49x114","126389","mc-mod","good","ok","","ok","","","franchise","name-supports","","","ok","крупный сине-белый учебный корпус с внутренним двором и двумя крыльями"
"residential_mini-shop-blockhouse_mc-mod_x.schem","Mini Shop Blockhouse","commercial","shop|tiny","3x2x6","29","mc-mod","good","misfit","commercial","extra","-house","extra:house","","name-supports","","","mismatch","крохотная будка с прилавком — это ларёк, а не жилой дом"
"towers_modern-3-story-office-building_mc-mod_x.schem","Modern 3 Story Office Building","commercial","modern|office|small","33x16x25","3126","mc-mod","good","misfit","commercial","ok","","","","name-elsewhere","commercial","","mismatch","низкое трёхэтажное здание с террасой на кровле, к башням не относится"
"residential_modern-apartment-block-townhouse_mc-mod_x.schem","Modern Apartment Block Townhouse","residential","apartment|house|medium|modern","59x40x41","28792","mc-mod","good","ok","","ok","","extra:house","","name-supports","","","ok","два корпуса с балконами и зелёными кровлями-садами, жилой комплекс"
"residential_modern-apartment-building-2_mc-mod_x.schem","Modern Apartment Block &#8211; White Concrete","residential","apartment|medium|modern|tall","35x44x37","17982","mc-mod","good","ok","","ok","","","","name-supports","","","ok","серо-белый жилой дом с балконами и глухим торцом, всё сходится"
"towers_modern-apartment-building-4_mc-mod_x.schem","Modern Apartment Tower &#8211; White &amp; Blue Concrete","towers","apartment|modern|small|tower","22x27x25","4329","mc-mod","good","ok","","ok","","","","name-supports","","","ok","семиэтажка с выносными балконами и остеклёнными проходами, читается"
"residential_modern-apartment-complex_mc-mod_x.schem","Modern Apartment Complex","residential","apartment|large|modern","101x32x147","102411","mc-mod","good","ok","","ok","","","","name-supports","","","ok","три длинных пятиэтажных дома в ряд на общей площадке, комплекс виден"
"towers_modern-apartment-tower-10-floors_mc-mod_x.schem","Modern Apartment Tower &#8211; 10 Floors","towers","apartment|large|modern|tall|tower","37x168x37","40202","mc-mod","good","ok","","ok","","","duplicate-name","name-supports","","","ok","стройная башня примерно на десять этажей с балконами по периметру"
"residential_modern-blue-apartment-building-schematic_mc-mod_x.schem","Modern Blue Apartment Building Schematic","residential","apartment|modern|small","22x17x21","2520","mc-mod","partial","ok","","ok","","","meta-word-in-name","name-supports","","","minor","корпус в коричневой отделке, синими остеклены только балконы"
"towers_modern-blue-glass-tower_mc-mod_x.schem","Modern Blue Glass Tower","towers","medium|modern|tall|tower","27x102x38","12343","mc-mod","partial","ok","","ok","","","","name-supports","","","minor","башня с диагональными панелями: синее стекло соседствует с оранжевым"
"bridges_modern-bridge-design_mc-mod_x.schem","Modern Bridge Design","bridges","bridge|modern|tiny","9x7x25","454","mc-mod","good","ok","","ok","","","","name-supports","","","ok","узкий настил между двух опор с рядами столбов-фонарей и синей полосой по центру"
"transport_modern-business-building_mc-mod_x.schem","Modern Business Building","commercial","medium|modern","37x11x45","5916","mc-mod","good","misfit","commercial","ok","","","non-building-in-name","name-elsewhere","vehicles","words→vehicles, image→commercial","mismatch","низкое остеклённое здание офисного вида, к транспорту отношения не имеет"
"residential_modern-city-apartment-building_mc-mod_x.schem","Modern City Apartment Building","residential","apartment|huge|modern|tall","119x59x80","53088","mc-mod","partial","ok","","ok","","","","name-supports","","","minor","крупный серый блок с рядами окон, щитом на фасаде и округлым объёмом на кровле"
"residential_modern-city-apartments_mc-mod_x.schem","Modern City Apartments","residential","apartment|medium|modern","30x27x38","9256","mc-mod","good","ok","","ok","","","","name-supports","","","ok","многоэтажка с белыми перекрытиями, глухим ядром и оборудованием на кровле"
"bridges_modern-city-connecting-bridge_mc-mod_x.schem","Modern City Connecting Bridge","bridges","bridge|large|modern|tall","179x48x27","38869","mc-mod","good","ok","","ok","","","","name-supports","","","ok","подвесной мост с двумя пилонами и канатами над синей водой, читается"
"towers_modern-city-hotel-building_mc-mod_x.schem","Modern City Hotel Building","towers","hotel|large|modern|tall","49x112x41","50688","mc-mod","good","ok","","ok","","","","name-elsewhere","commercial","words→commercial, image→ok","ok","Высокая светлая гостиничная башня, читается отлично"
"intersections_modern-city-intersection-road_mc-mod_x.schem","Modern City Intersection Road","intersections","medium|modern|road","171x1x171","29241","mc-mod","good","ok","","ok","","","","name-supports","","","ok","Ровный дорожный крест на зелёном газоне, читается"
"towers_modern-city-skyscraper_mc-mod_x.schem","Modern City Skyscraper","towers","large|modern","73x49x42","11204","mc-mod","partial","ok","","extra","-tall -tower","","","name-supports","","","minor","Среднеэтажный серый квартал, на небоскрёб не тянет"
"commercial_modern-coffee-shop_mc-mod_x.schem","Modern Coffee Shop","commercial","modern|shop|small","21x20x20","1350","mc-mod","good","ok","","ok","","","","name-supports","","","ok","Компактная современная кофейня с террасами, читается"
"parks_modern-concrete-park_mc-mod_x.schem","Modern Concrete Park","parks","modern|park|tiny","19x4x19","48","mc-mod","partial","ok","","ok","","","","name-supports","","","minor","Только белые скамьи без зелени и дорожек"
"residential_modern-cyan-terracotta-house_mc-mod_x.schem","Modern Cyan Terracotta House","industrial","large|modern","67x22x53","26211","mc-mod","wrong","misfit","industrial","extra","-house -medium +large","","","name-supports","","","mismatch","Длинные стеклянные теплицы, а не жилой дом"
"towers_modern-decorated-tower_mc-mod_x.schem","Modern Decorated Tower","towers","modern|small|tall|tower","15x46x11","2239","mc-mod","good","ok","","ok","","","","name-supports","","","ok","Стройная декорированная башня, фасад читается"
"towers_modern-diamond-skyscraper_mc-mod_x.schem","Modern Diamond Skyscraper","towers","large|modern|tall|tower","51x145x49","75860","mc-mod","good","ok","","ok","","","","name-supports","","","ok","Высокая башня с ромбовидным фасадом, читается"
"towers_modern-eco-skyscraper_mc-mod_x.schem","Modern Eco Skyscraper","towers","huge|modern|tall|tower","59x174x59","105395","mc-mod","good","ok","","ok","","","","name-supports","","","ok","Светлая высотка с красной крышей и озеленением"
"commercial_modern-food-shop_mc-mod_x.schem","Modern Food Shop","commercial","modern|shop|small","11x18x22","1517","mc-mod","good","ok","","ok","","","","name-supports","","","ok","Небольшой современный продуктовый магазин, читается"
"parks_modern-fountain-design_mc-mod_x.schem","Modern Fountain Design","parks","fountain|modern|tiny|water","13x11x13","275","mc-mod","good","ok","","ok","","","","name-elsewhere","decor","words→decor, image→ok","ok","Компактный синий фонтан на газоне, читается"
"towers_modern-four-story-hotel_mc-mod_x.schem","Modern Four-Story Hotel","towers","hotel|large|modern|tall","80x46x106","100386","mc-mod","good","ok","","ok","","","","name-elsewhere","commercial","words→commercial, image→ok","ok","Широкий четырёхэтажный отель буквой Г, читается"
"roads_modern-four-story-shopping-mall-with-roads_mc-mod_x.schem","Modern Four Story Shopping Mall With Roads","commercial","medium|modern|road","28x28x36","2661","mc-mod","partial","misfit","commercial","extra","-shop","","","name-conflict","commercial","","mismatch","Глухая коричневая коробка без витрин, это здание а не дорога"
"commercial_modern-gas-station-and-shop_mc-mod_x.schem","Modern Gas Station And Shop","commercial","medium|modern|shop|station","69x9x40","4147","mc-mod","good","ok","","ok","","","","name-supports","","","ok","АЗС с магазином и разметкой парковки, читается"
"commercial_modern-gas-station-exterior_mc-mod_x.schem","Modern Gas Station Exterior","commercial","modern|small|station","17x8x26","1638","mc-mod","good","ok","","ok","","","","name-elsewhere","transport","words→transport, image→ok","ok","Навес заправки с колонками и газоном, читается"
"commercial_modern-gas-station-truck-stop_mc-mod_x.schem","Modern Gas Station &amp; Truck Stop","commercial","medium|modern|station","62x11x114","8958","mc-mod","partial","ok","","extra","-car","extra:car","non-building-in-name","name-elsewhere","transport","words→transport, image→ok","minor","Огромная пустая плита, навес крошечный, машин нет"
"commercial_modern-gas-station-with-store_mc-mod_x.schem","Modern Gas Station With Store","commercial","large|modern|shop|station","74x22x128","19194","mc-mod","good","ok","","ok","","","","name-supports","","","ok","Большая АЗС с магазином и навесами, читается"
"towers_modern-glass-office-tower-building_mc-mod_x.schem","Modern Glass Office Tower Building","towers","large|modern|office|tall|tower","44x121x44","35389","mc-mod","good","ok","","ok","","","","name-supports","","","ok","Стеклянная офисная башня-пирамида, читается"
"parks_modern-grand-fountain-medium-garden_mc-mod_x.schem","Modern Grand Fountain &#8211; Medium Garden","parks","fountain|medium|modern|park|tall|water","33x48x33","6156","mc-mod","good","ok","","ok","","","","name-supports","","","ok","Синяя фонтанная ротонда с колоннами, читается"
"towers_modern-hotel-building_mc-mod_x.schem","Modern Hotel Building","towers","hotel|medium|modern|tall","49x49x49","26530","mc-mod","good","ok","","ok","","","","name-elsewhere","commercial","words→commercial, image→ok","ok","Стеклянный гостиничный корпус из блоков, читается"
"residential_modern-house-design-with-library_mc-mod_x.schem","Modern House Design With Library","residential","house|large|modern","50x27x89","21630","mc-mod","partial","ok","","extra","-library","","","name-supports","","","minor","Дома с бассейном, библиотека снаружи не видна"
"residential_modern-lakehouse-mansion_mc-mod_x.schem","Modern Lakehouse Mansion","residential","house|large|modern|water","67x35x96","23476","mc-mod","good","ok","","missing","+water","","","name-supports","","","minor","Особняк у воды с причалом, тег воды отсутствует"
"public_modern-library-design_mc-mod_x.schem","Modern Library Design","public","library|modern|small","31x12x7","1264","mc-mod","good","ok","","ok","","","","name-supports","","","ok","Длинный современный корпус библиотеки, читается"
"residential_modern-library-house_mc-mod_x.schem","Modern Library House","residential","house|modern|small","15x17x15","611","mc-mod","partial","ok","","extra","-library","","","name-supports","","","minor","Плитный каркас без стен, дом и библиотека не читаются"
"residential_modern-luxury-residence_mc-mod_x.schem","Modern Luxury Residence","residential","apartment|medium|modern","39x12x35","3728","mc-mod","good","ok","","ok","","","","name-supports","","","ok","Комплекс с красными крышами и бассейном, читается"
"towers_modern-office-building-sketch_mc-mod_x.schem","Modern Office Building Sketch","commercial","medium|modern|office","31x34x36","6368","mc-mod","good","misfit","commercial","ok","","","","name-elsewhere","commercial","","mismatch","Приземистый офис-куб, к башням не относится"
"towers_modern-office-tower-building_mc-mod_x.schem","Modern Office Tower Building","towers","medium|modern|office|tall|tower","18x91x20","13404","mc-mod","good","ok","","ok","","","","name-supports","","","ok","Высокая красная офисная башня, читается"
"towers_modern-office-tower-with-elevator_mc-mod_x.schem","Modern Office Tower with Elevator","towers","modern|office|small|tall|tower","18x41x17","6014","mc-mod","partial","ok","","ok","","","non-building-in-name","name-supports","","","minor","Приземистый белый корпус, лифт и башня не читаются"
"towers_modern-office-tower_mc-mod_x.schem","Modern Office Tower","towers","medium|modern|office|tall|tower","36x54x23","16314","mc-mod","good","ok","","ok","","","","name-supports","","","ok","Красный офисный корпус с лифтовой шахтой, читается"
"commercial_modern-parallel-heights-hotel-building_mc-mod_x.schem","Modern Parallel Heights Hotel Building","commercial","medium|modern","30x30x64","8905","mc-mod","partial","ok","","extra","-hotel","","","name-supports","","","minor","Длинный белый корпус без признаков отеля"
"parks_modern-park-with-fountain-and-benches_mc-mod_x.schem","Modern Park with Fountain and Benches","parks","fountain|modern|park|small|water","20x12x11","425","mc-mod","good","ok","","ok","","","","name-conflict","decor","words→decor, image→ok","ok","Уютный парк с фонтаном и скамейками, читается"
"transport_modern-parking-garage-structure_mc-mod_x.schem","Modern Parking Garage Structure","transport","modern|parking|small","28x10x33","2612","mc-mod","good","ok","","extra","-park","extra:park","meta-word-in-name","name-elsewhere","parks","words→parks, image→ok","minor","Закрытый паркинг-бокс без зелени, тег парка лишний"
"public_modern-police-station-building_mc-mod_x.schem","Modern Police Station Building","public","medium|modern|station","26x38x41","6901","mc-mod","good","ok","","ok","","","","name-supports","","","ok","Белый корпус полицейского участка, читается"
"public_modern-police-station-design_mc-mod_x.schem","Modern Police Station Design","public","medium|modern|station","47x26x71","20242","mc-mod","good","ok","","ok","","","","name-supports","","","ok","Низкий серый комплекс участка, читается"
"towers_modern-quartz-city-tower_mc-mod_x.schem","Modern Quartz City Tower","towers","medium|modern|tall|tower","34x47x33","9780","mc-mod","good","ok","","ok","","","","name-supports","","","ok","Белая кварцевая башня с красными окнами, читается"
"residential_modern-quartz-house-with-birch-accents_mc-mod_x.schem","Modern Quartz House With Birch Accents","residential","house|modern|small|tree","24x13x24","2956","mc-mod","good","ok","","ok","","","","name-supports","","","ok","Белый кварцевый дом с берёзовой отделкой, читается"
"commercial_modern-quartz-reserve-bank_mc-mod_x.schem","Modern Quartz Reserve Bank","commercial","bank|medium|modern","25x26x37","5996","mc-mod","good","ok","","ok","","","","name-supports","","","ok","Представительный корпус банка с колоннами, читается"
"towers_modern-quartz-skyscraper-tower_mc-mod_x.schem","Modern Quartz Skyscraper Tower","towers","medium|modern|tall|tower","29x65x29","13475","mc-mod","good","ok","","ok","","","","name-supports","","","ok","Светлая кварцевая высотка, читается"
"public_modern-school-building_mc-mod_x.schem","Modern School Building","public","medium|modern|school","28x23x60","6319","mc-mod","good","ok","","ok","","","","name-supports","","","ok","Светло-голубое здание школы со двором, читается"
"towers_modern-skyscraper-build_mc-mod_x.schem","Modern Skyscraper Build","towers","large|modern|tall|tower","27x105x40","39496","mc-mod","good","ok","","extra","-medium +large","","meta-word-in-name","name-supports","","","minor","Полосатая высотка, размер скорее большой а не средний"
"towers_modern-skyscraper-design_mc-mod_x.schem","Modern Skyscraper Design","towers","large|modern|tall|tower","60x66x39","22754","mc-mod","good","ok","","ok","","","","name-supports","","","ok","средний офисный корпус с синими окнами на подиуме, читается"
"towers_modern-skyscraper-tower-11_mc-mod_x.schem","Modern Skyscraper Tower","towers","modern|tall|tower","20x199x20","14039","mc-mod","good","ok","","extra","-medium","","duplicate-name","name-supports","","","minor","игла-башня со шпилем высотой под 200 блоков; medium не подходит"
"towers_modern-skyscraper-tower_mc-mod_x.schem","Modern Skyscraper Tower","towers","large|modern|tall|tower","62x172x44","82874","mc-mod","good","ok","","ok","","","duplicate-name","name-supports","","","ok","ступенчатые стеклянные цилиндры группой, читается"
"towers_modern-skyscraper_mc-mod_x.schem","Modern Skyscraper","towers","large|modern|tall|tower","40x152x70","61845","mc-mod","good","ok","","ok","","","","name-supports","","","ok","тёмный плиточный небоскрёб на подиуме, читается"
"residential_modern-small-to-medium-futuristic-house_mc-mod_x.schem","Modern Small to Medium Futuristic House","residential","house|modern|small","24x20x22","1958","mc-mod","good","ok","","extra","-shop","","","name-conflict","commercial","words→commercial, image→ok","minor","плоскокрылый модерн-дом на газоне; витрин магазина нет"
"towers_modern-spiral-skyscraper_mc-mod_x.schem","Modern Spiral Skyscraper","towers","huge|modern|tall|tower","54x185x54","141511","mc-mod","good","ok","","ok","","","","name-supports","","","ok","красная спиральная башня-конус с белыми поясами, читается"
"commercial_modern-style-shop_mc-mod_x.schem","Modern Style Shop","commercial","modern|small","28x11x23","2932","mc-mod","partial","ok","","extra","-shop","","empty","name-supports","","","minor","пустая белая коробка без витрин и входа, читается слабо"
"towers_modern-style-tower-structure_mc-mod_x.schem","Modern Style Tower Structure","towers","medium|modern|tall|tower","38x84x22","16924","mc-mod","good","ok","","ok","","","meta-word-in-name","name-supports","","","ok","узкая красно-серая башня с сеткой окон, читается"
"towers_modern-torch-towers_mc-mod_x.schem","Modern Torch Towers","towers","small|tower","15x20x16","646","mc-mod","partial","ok","","extra","-modern","","","name-supports","","","minor","факелы-скульптуры на скале с водой; modern натяжка"
"transport_modern-train-station-design_mc-mod_x.schem","Modern Train Station Design","transport","medium|modern|station","32x21x38","6136","mc-mod","partial","ok","","ok","","","","name-supports","","","minor","арочный перронный зал без путей и платформ, читается слабо"
"residential_modern-villa-with-survival-features_mc-mod_x.schem","Modern Villa With Survival Features","residential","house|huge|modern|water","112x44x158","152339","mc-mod","good","ok","","extra","-tall +water","","","name-supports","","","minor","огромная усадьба сверху с бассейнами; высотности нет"
"residential_modern-warehouse-with-iron-gate-details_mc-mod_x.schem","Modern Warehouse with Iron Gate Details","industrial","large|modern","135x18x83","29565","mc-mod","good","misfit","industrial","extra","-house","extra:house","non-building-in-name","name-supports","","","mismatch","длинный складской ангар; к жилью не относится"
"residential_modern-white-city-apartment-building_mc-mod_x.schem","Modern White City Apartment Building","residential","apartment|modern|small","17x21x21","2668","mc-mod","good","ok","","ok","","","","name-supports","","","ok","белый квартирный блок с голубыми балконами, читается"
"commercial_mr-burns-small-structure_mc-mod_x.schem","Mr. Burns Small Structure","decor","small|tall","13x42x17","1134","mc-mod","good","misfit","decor","extra","-shop","","franchise|meta-word-in-name","name-supports","","","mismatch","статуя старика в костюме, Симпсоны; не коммерция"
"towers_mud-tower-build_mc-mod_x.schem","Mud Tower Build","towers","small|tower","10x28x10","556","mc-mod","good","ok","","ok","","","meta-word-in-name","name-supports","","","ok","коричневая башенка с каменным верхом, читается"
"transport_multi-level-6-story-parking-lot_mc-mod_x.schem","Multi-Level 6-Story Parking Lot","transport","large|parking|tall","99x46x91","122647","mc-mod","good","ok","","extra","-park","extra:park","","name-elsewhere","parks","words→parks, image→ok","minor","серая многоэтажка-паркинг; парка-сквера нет"
"transport_multi-level-parking-garage-structure_mc-mod_x.schem","Multi-Level Parking Garage Structure","transport","huge|parking|tall","169x64x93","241162","mc-mod","good","ok","","extra","-park","extra:park","meta-word-in-name","name-elsewhere","parks","words→parks, image→ok","minor","огромный серый паркинг-короб; парка-сквера нет"
"commercial_multiplayer-survival-base-with-shop_mc-mod_x.schem","Multiplayer Survival Base with Shop","residential","medium","32x16x40","5540","mc-mod","partial","misfit","residential","extra","-shop","","non-real/fantasy","name-supports","","","mismatch","коричневый бункер-база без вывески; магазина не видно"
"towers_murchinson-modern-office-building-with-helip_mc-mod_x.schem","Murchinson Modern Office Building With Helipad","towers","large|modern|office|tall","45x160x67","199550","mc-mod","good","ok","","ok","","","","name-elsewhere","commercial","words→commercial, image→ok","ok","бледная офисная плита с вертолёткой на крыше, читается"
"public_mystcraft-inspired-library-structure_mc-mod_x.schem","Mystcraft-Inspired Library Structure","public","small","17x10x17","655","mc-mod","partial","ok","","extra","-library","missing:tower","empty|meta-word-in-name","name-supports","","","minor","серая коробка с лестницей; библиотеки не читается"
"public_mystical-church-structure_mc-mod_x.schem","Mystical Church Structure","public","church|large|tall","40x115x82","32604","mc-mod","good","ok","","ok","","","meta-word-in-name","name-supports","","","ok","белый ажурный храм со шпилем и крестом, читается"
"commercial_mythological-shopping-mall-with-water-featur_mc-mod_x.schem","Mythological Shopping Mall with Water Features","commercial","huge|shop|tall","91x94x91","46745","mc-mod","partial","ok","","ok","","","","name-supports","","","minor","круглая тёмная шайба с синими куполами; вода не читается"
"public_nierta-central-park-town-square_mc-mod_x.schem","Nierta Central Park Town Square","public","fountain|park|small|water","39x3x38","3048","mc-mod","good","ok","","missing","+fountain +water","","","name-elsewhere","parks","words→parks, image→ok","minor","плоская мощёная площадь с фонтаном в центре, читается"
"residential_nine-story-apartment-building-series_mc-mod_x.schem","Nine-Story Apartment Building Series","residential","apartment|medium|tall","25x53x47","22525","mc-mod","good","ok","","ok","","","","name-supports","","","ok","серая девятиэтажка-пластина с балконами, читается"
"bridges_nordic-style-small-bridge_mc-mod_x.schem","Nordic Style Small Bridge","bridges","bridge|tiny","18x9x8","418","mc-mod","good","ok","","extra","-shop","","","name-conflict","commercial","words→commercial, image→ok","minor","снежный мостик над водой; shop лишний"
"towers_octagonal-hotel-interior-design_mc-mod_x.schem","Octagonal Hotel Interior Design","commercial","hotel|medium","47x55x46","7833","mc-mod","partial","misfit","commercial","extra","-tall","","","name-elsewhere","commercial","","mismatch","плоская деревянная восьмигранка; не башня и не высотка"
"public_old-church-structure_mc-mod_x.schem","Old Church Structure","public","church|tiny","49x20x64","4252","mc-mod","good","ok","","extra","-medium +tiny","","meta-word-in-name","name-supports","","","minor","крошечная часовня на большом участке; medium не подходит"
"industrial_old-factory-hall-building_mc-mod_x.schem","Old Factory Hall Building","industrial","medium","28x19x37","3737","mc-mod","good","ok","","ok","","","","name-supports","","","ok","красно-серый цех с пилой крышей, читается"
"towers_olimpushd-tower-large-build_mc-mod_x.schem","OlimpusHD Tower &#8211; Large Build","towers","large|tall|tower","68x60x57","27056","mc-mod","partial","ok","","ok","","","meta-word-in-name","name-supports","","","minor","низкий офисный блок плитой; на башню тянет слабо"
"towers_olympus-tower-large-build_mc-mod_x.schem","Olympus Tower &#8211; Large Build","towers","large|tall|tower","43x75x45","8374","mc-mod","good","ok","","ok","","","meta-word-in-name","name-supports","","","ok","дерево-стеклянная башня с парящим навесом, читается"
"towers_one-world-trade-centre-skyscraper_mc-mod_x.schem","One World Trade Centre Skyscraper","towers","medium|tall|tower","30x115x33","20615","mc-mod","good","ok","","ok","","","","name-supports","","","ok","красно-серая клиновидная высотка в духе WTC, читается"
"towers_orange-tower-large-scale-block-structure_mc-mod_x.schem","Orange Tower &#8211; Large Scale Block Structure","decor","small","11x23x11","995","mc-mod","wrong","misfit","decor","extra","-tower","","meta-word-in-name|text","name-supports","","","mismatch","пиксель-фигурка человечка; ни башня, ни масштаб"
"transport_orbital-station_mc-mod_x.schem","Orbital Station","transport","large|station","60x31x115","11566","mc-mod","good","ok","","ok","","","","name-supports","","","ok","орбитальная станция с солнечными панелями, читается"
"parks_ornamental-garden-fountain_mc-mod_x.schem","Ornamental Garden Fountain","parks","fountain|medium|park|tall|water","37x61x45","5549","mc-mod","good","ok","","ok","","","","name-supports","","","ok","бело-синий ажурный фонтан на мощёной плазе, читается"
"parks_peaceful-fountain_mc-mod_x.schem","Peaceful Fountain","parks","fountain|large|park|tree|water","80x34x76","5374","mc-mod","partial","ok","","missing","+park +tree","","","name-elsewhere","decor","words→decor, image→ok","minor","разросшийся остров-парк с деревьями и фонтанами, шире имени"
"parks_peaceful-minecraft-garden-oasis-build_mc-mod_x.schem","Peaceful Minecraft Garden Oasis Build","parks","medium|park|tree|water","66x27x30","14270","mc-mod","partial","ok","","missing","+water +tree","","franchise|meta-word-in-name","name-supports","","","minor","ландшафт с рекой и лагерем; сада как постройки нет"
"commercial_pet-shop-building_mc-mod_x.schem","Pet Shop Building","commercial","medium|shop","35x28x29","3946","mc-mod","good","ok","","ok","","","","name-supports","","","ok","малый павильон-ларёк с красной лестницей, читается"
"towers_platinum-residential-tower-with-antenna_mc-mod_x.schem","Platinum Residential Tower with Antenna","towers","huge|tall|tower","48x324x47","128026","mc-mod","good","ok","","ok","","","","name-supports","","","ok","высоченная жилая башня со шпилем в духе Эмпайр, читается"
"public_police-car-vehicle_mc-mod_x.schem","Police Car Vehicle","vehicles","car|medium","36x32x88","9052","mc-mod","good","misfit","vehicles","ok","","","non-building-in-name|vehicle","name-conflict","vehicles","","mismatch","полицейский седан вид сверху; не общественное здание"
"public_police-vehicle_mc-mod_x.schem","Police Vehicle","vehicles","tiny","6x6x10","74","mc-mod","partial","misfit","vehicles","ok","","","vehicle","name-supports","","","mismatch","крошечная угловатая машинка; полиция не читается"
"residential_portuguese-style-house_mc-mod_x.schem","Portuguese Style House","residential","house|medium","19x27x38","5951","mc-mod","good","ok","","ok","","","","name-supports","","","ok","белый дом с красной крышей и террасами, читается"
"towers_prismarine-island-tower_mc-mod_x.schem","Prismarine Island Tower","towers","small|tower","17x31x17","1966","mc-mod","good","ok","","ok","","","","name-supports","","","ok","бело-красная островная башня, читается"
"residential_quad-steam-turbine-warehouse_mc-mod_x.schem","Quad Steam Turbine Warehouse","industrial","medium","30x7x147","11770","mc-mod","good","misfit","industrial","extra","-house","extra:house","","name-supports","","","mismatch","длинные серые цеха, к жилым домам не относится"
"public_quaint-library-structure_mc-mod_x.schem","Quaint Library Structure","public","medium","9x256x14","749","mc-mod","partial","ok","","extra","-library -tall","","meta-word-in-name","name-supports","","","minor","плоская коричневая коробка на подложке, библиотеки не видно"
"parks_quartz-pool-garden-feature_mc-mod_x.schem","Quartz Pool Garden Feature","parks","park|pool|small|water","13x9x20","580","mc-mod","good","ok","","ok","","","","name-supports","","","ok","кварцевый бассейн с колоннами на газоне, читается"
"residential_quartz-spruce-small-house_mc-mod_x.schem","Quartz Spruce Small House","residential","house|small","23x18x13","1694","mc-mod","good","ok","","extra","-shop -tree","","","name-conflict","commercial","words→commercial, image→ok","minor","современный серый дом, магазина и дерева не видно"
"towers_quickdeli-cargo-services-warehouse-and-offic_mc-mod_x.schem","QuickDeli Cargo Services Warehouse and Office","industrial","huge|office","161x21x177","57634","mc-mod","good","misfit","industrial","extra","-house -car","extra:house extra:car","non-building-in-name","name-elsewhere","residential","words→residential, image→industrial","mismatch","огромный складской комплекс, башней не является"
"transport_railway-station-building_mc-mod_x.schem","Railway Station Building","transport","small|station","25x22x20","2087","mc-mod","good","ok","","ok","","","","name-supports","","","ok","красно-белое здание с колоннами, похоже на вокзал"
"residential_rainbow-lighthouse_mc-mod_x.schem","Rainbow Lighthouse","towers","tiny|water","2x23x2","25","mc-mod","partial","misfit","towers","extra","-house","extra:house","empty","name-supports","","","mismatch","тонкий столб без радуги и воды, на дом не тянет"
"towers_red-bureaucratic-office-building_mc-mod_x.schem","Red Bureaucratic Office Building","towers","medium|office|tall","40x65x25","21639","mc-mod","partial","ok","","ok","","","","name-elsewhere","commercial","words→commercial, image→ok","minor","стеклянный офис, красного цвета почти нет"
"public_renaissance-church-structure_mc-mod_x.schem","Renaissance Church Structure","public","church|medium|tall","61x42x27","11064","mc-mod","good","ok","","ok","","","meta-word-in-name","name-supports","","","ok","бежевая церковь с круглой апсидой, читается"
"bridges_river-crossing-bridge_mc-mod_x.schem","River Crossing Bridge","bridges","bridge|small","61x9x8","865","mc-mod","good","ok","","ok","","","","name-supports","","","ok","длинный мост из сегментов, читается"
"public_rivertown-library-structure_mc-mod_x.schem","Rivertown Library Structure","public","library|medium|tall","39x41x53","12202","mc-mod","good","ok","","ok","","","meta-word-in-name","name-supports","","","ok","тёмное здание со сложной крышей, похоже на библиотеку"
"residential_rustic-cottage-house-3_mc-mod_x.schem","Rustic Cottage House","residential","house|small","23x12x30","1792","mc-mod","partial","ok","","ok","","","","name-supports","","","minor","ступенчатая коричневая крыша с водой, коттедж с натяжкой"
"residential_rustic-furnished-wooden-house_mc-mod_x.schem","Rustic Furnished Wooden House","residential","house|medium","29x15x35","3258","mc-mod","good","ok","","ok","","","","name-supports","","","ok","деревянный дом с прудом во дворе, читается"
"residential_rustic-modern-house-with-pool-and-barn_mc-mod_x.schem","Rustic Modern House with Pool and Barn","residential","house|medium|modern|pool|water","33x31x34","7198","mc-mod","good","ok","","ok","","","","name-supports","","","ok","деревянный дом с бассейном во дворе, читается"
"bridges_rustic-stone-bridge_mc-mod_x.schem","Rustic Stone Bridge","bridges","bridge|tiny","8x6x21","286","mc-mod","good","ok","","ok","","","","name-supports","","","ok","каменный мостик через воду с фонарями, читается"
"towers_rustic-wood-tower-build_mc-mod_x.schem","Rustic Wood Tower Build","towers","small|tall|tower","11x50x11","1434","mc-mod","good","ok","","ok","","","meta-word-in-name","name-supports","","","ok","высокая деревянная башня, читается"
"commercial_rustic-wooden-shop-medium-size_mc-mod_x.schem","Rustic Wooden Shop &#8211; Medium Size","commercial","large|shop","64x33x64","25504","mc-mod","good","ok","","ok","","","","name-supports","","","ok","большая деревянная лавка с навесами, читается"
"residential_sam-and-taurtis-roleplay-house_mc-mod_x.schem","Sam and Taurtis&#8217; Roleplay House","residential","house|small","10x23x9","800","mc-mod","partial","ok","","ok","","","","name-supports","","","minor","узкая голубая коробка с крышей, очень простенько"
"transport_sand-palace-station_mc-mod_x.schem","Sand Palace Station","transport","large|station","87x45x115","247767","mc-mod","good","ok","","extra","-tall","","duplicate-name","name-supports","","","minor","огромный станционный комплекс у воды, высоты нет"
"towers_sandstone-hotel_mc-mod_x.schem","Sandstone Hotel","towers","hotel|large|tall","50x54x45","16158","mc-mod","good","ok","","ok","","","","name-elsewhere","commercial","words→commercial, image→ok","ok","песочный отель со щипцовыми крышами, читается"
"towers_sandstone-office-tower-126k-blocks_mc-mod_x.schem","Sandstone Office Tower &#8211; 126k Blocks","towers","large|office|tall|tower","56x97x56","126155","mc-mod","good","ok","","ok","","","","name-supports","","","ok","коричневая офисная башня, читается"
"bridges_scalable-long-bridge_mc-mod_x.schem","Scalable Long Bridge","bridges","bridge|large|tall","102x72x41","7697","mc-mod","good","ok","","ok","","","","name-supports","","","ok","вантовый мост на высоких опорах, читается"
"towers_seaside-lighthouse-tower_mc-mod_x.schem","Seaside Lighthouse Tower","towers","house|huge|tall|tower|water","51x176x61","76555","mc-mod","good","ok","","ok","","extra:house","","name-conflict","waterfront","words→waterfront, image→ok","ok","маяк на скале в воде, читается"
"residential_seaside-multi-story-house_mc-mod_x.schem","Seaside Multi-Story House","residential","house|medium","49x35x31","10289","mc-mod","good","ok","","ok","","","","name-supports","","","ok","большой многоэтажный дом у воды, читается"
"residential_secluded-cove-house-with-shops_mc-mod_x.schem","Secluded Cove House With Shops","residential","house|huge|shop","129x45x128","505687","mc-mod","good","ok","","extra","-tall","","","name-supports","","","minor","огромная бухта с постройками, высоты почти нет"
"commercial_shady-oaks-hotel-townhouse_mc-mod_x.schem","Shady Oaks Hotel Townhouse","commercial","house|medium","38x17x45","5605","mc-mod","partial","ok","","extra","-hotel -tree","extra:house","","name-conflict","residential","words→residential, image→ok","minor","красный дом-сарай с забором, отеля и дубов не видно"
"towers_shard-tower-tall-unfurnished-structure_mc-mod_x.schem","Shard Tower &#8211; Tall Unfurnished Structure","towers","large|tall|tower","44x185x44","31644","mc-mod","good","ok","","ok","","","meta-word-in-name","name-supports","","","ok","красная острая башня, читается"
"residential_shop-house-building_mc-mod_x.schem","Shop House Building","commercial","shop","27x20x25","2350","mc-mod","partial","misfit","commercial","extra","-house -small","","","name-supports","","","mismatch","красный офисный блок, на жилой дом не похож"
"residential_shop-house-for-sale_mc-mod_x.schem","Shop House for Sale","commercial","shop","14x16x29","2735","mc-mod","partial","misfit","commercial","extra","-house -small","","","name-supports","","","mismatch","светлый торговый бокс, жилой дом не читается"
"residential_shop-or-house-design_mc-mod_x.schem","Shop or House Design","residential","house|medium|shop","31x23x32","3503","mc-mod","good","ok","","ok","","","","name-supports","","","ok","маленький дом с лестницей, читается"
"towers_simple-defense-tower_mc-mod_x.schem","Simple Defense Tower","towers","tiny|tower","8x14x9","433","mc-mod","good","ok","","ok","","","","name-supports","","","ok","серая зубчатая башенка, читается"
"industrial_simple-factory-shed_mc-mod_x.schem","Simple Factory Shed","industrial","medium","34x21x53","4709","mc-mod","good","ok","","ok","","","","name-supports","","","ok","простой цех-ангар под крышей, читается"
"public_simple-minecraft-church-building_mc-mod_x.schem","Simple Minecraft Church Building","public","church|medium","39x38x59","8431","mc-mod","good","ok","","ok","","","franchise","name-supports","","","ok","серая церковь с коричневыми крышами, читается"
"residential_simple-small-house_mc-mod_x.schem","Simple Small House","residential","house|medium","11x256x11","629","mc-mod","partial","ok","","extra","-shop -tall","","","name-conflict","commercial","words→commercial, image→ok","minor","коричневый кубик на подложке, простенько и без магазина"
"bridges_simple-stone-bridge_mc-mod_x.schem","Simple Stone Bridge","bridges","bridge|small","5x8x41","657","mc-mod","good","ok","","extra","-tiny +small","","","name-supports","","","minor","длинный каменный мост, на крошечный не тянет"
"bridges_simple-stone-river-bridge_mc-mod_x.schem","Simple Stone River Bridge","bridges","bridge|small","6x11x49","758","mc-mod","good","ok","","ok","","","","name-supports","","","ok","каменный мост с жёлтыми блоками, читается"
"transport_simple-train-station_mc-mod_x.schem","Simple Train Station","transport","tiny","6x11x16","432","mc-mod","partial","ok","","extra","-station","","","name-supports","","","mismatch","серая коробка без признаков станции"
"residential_simple-yellow-house_mc-mod_x.schem","Simple Yellow House","residential","house|tiny","11x11x16","751","mc-mod","partial","ok","","ok","","","","name-supports","","","minor","деревянный домик, жёлтого почти нет"
"roads_six-lane-highway_mc-mod_x.schem","Six Lane Highway","roads","road|small","27x3x30","1680","mc-mod","good","ok","","ok","","","","name-supports","","","ok","две красные полосы с разметкой и серыми бордюрами, шоссе читается"
"towers_six-story-hotel-with-furnished-rooms_mc-mod_x.schem","Six Story Hotel With Furnished Rooms","towers","hotel|small","20x31x17","4297","mc-mod","partial","ok","","ok","","","","name-elsewhere","commercial","words→commercial, image→ok","minor","бежевый корпус с балконами и тёмной крышей, этажей меньше шести"
"transport_six-story-parking-garage_mc-mod_x.schem","Six Story Parking Garage","transport","large|parking","59x27x91","33082","mc-mod","good","ok","","extra","-park","extra:park","","name-elsewhere","parks","words→parks, image→ok","minor","серая многоярусная парковка с разметкой, зелени нет"
"towers_skyscraper-city-building_mc-mod_x.schem","Skyscraper City Building","towers","medium|tall|tower","13x115x13","5844","mc-mod","good","ok","","ok","","","","name-supports","","","ok","высокая светло-голубая башня со шпилем в духе эмпайр-стейт"
"towers_skyscraper_mc-mod_x.schem","Iron Quartz Skyscraper Near Build Limit","towers","huge|tall|tower","12x240x12","19856","mc-mod","partial","ok","","extra","-medium +huge","","meta-word-in-name","name-supports","","","minor","неестественно тонкий белый столб до неба, ширина не читается"
"residential_small-apartment-building_mc-mod_x.schem","Small Apartment Building","residential","apartment|small","23x18x23","3735","mc-mod","good","ok","","extra","-shop","","","name-conflict","commercial","words→commercial, image→ok","minor","круглый дом с балконами и лоджиями, витрин нет"
"residential_small-asian-style-house_mc-mod_x.schem","Small Asian Style House","residential","house|small","26x12x19","636","mc-mod","partial","ok","","extra","-shop","","","name-conflict","commercial","words→commercial, image→ok","minor","ступенчатая серая крыша пагоды на голубой плите, стен нет"
"commercial_small-carwash-station_mc-mod_x.schem","Small Carwash Station","commercial","station|tiny","13x7x9","395","mc-mod","partial","ok","","extra","-car -shop","extra:car","non-building-in-name","name-supports","","","minor","стеклянный павильон с коричневыми проёмами, машин и мойки нет"
"commercial_small-chapel-structure_mc-mod_x.schem","Small Chapel Structure","public","church|small","19x21x20","971","mc-mod","good","misfit","public","extra","-shop","","meta-word-in-name","name-supports","","","mismatch","серый замок-часовня с жёлтыми окнами, не торговля"
"commercial_small-church_mc-mod_x.schem","Small Church","public","church|tall","23x115x29","29481","mc-mod","partial","misfit","public","extra","-shop -medium","","","name-supports","","","mismatch","серая башня со мхом и рваным верхом, церковность не читается"
"commercial_small-concrete-bus-stop-schematic_mc-mod_x.schem","Small Concrete Bus Stop Schematic","transport","small|station","15x6x25","235","mc-mod","good","misfit","transport","missing","+station -shop","","meta-word-in-name|non-building-in-name","name-supports","","","mismatch","длинный бетонный навес с лавками, остановка читается"
"commercial_small-desert-cactus-fountain_mc-mod_x.schem","Small Desert Cactus Fountain","parks","fountain|small|water","13x12x13","448","mc-mod","partial","misfit","parks","extra","-shop","","","name-supports","","","mismatch","каменный фонтан с водой, кактуса не видно; не торговля"
"commercial_small-double-modern-church-with-interior_mc-mod_x.schem","Small Double Modern Church With Interior","public","church|modern","56x46x50","3606","mc-mod","partial","misfit","public","extra","-shop -large -tall","","","name-supports","","","mismatch","два крошечных серых домика в поле, церквей не видно"
"commercial_small-driving-school_mc-mod_x.schem","Small Driving School","commercial","medium|school","41x6x76","5448","mc-mod","good","ok","","extra","-shop","","","name-supports","","","minor","овальный трек с трибунами и корпусами, школа вождения читается"
"commercial_small-faction-base-for-hardcore-players_mc-mod_x.schem","Small Faction Base for Hardcore Players","residential","small","16x13x16","1358","mc-mod","good","misfit","residential","extra","-shop","","","name-supports","","","mismatch","стена-компаунд с водой внутри, база клана, не магазин"
"commercial_small-factory-shell-template_mc-mod_x.schem","Small Factory Shell Template","industrial","tiny","13x7x9","432","mc-mod","good","misfit","industrial","extra","-shop","","meta-word-in-name","name-supports","","","mismatch","красно-коричневый цех-коробка, промышленное, не торговля"
"residential_small-fancy-wooden-house_mc-mod_x.schem","Small Fancy Wooden House","residential","house|small","14x11x13","613","mc-mod","good","ok","","extra","-shop","","","name-conflict","commercial","words→commercial, image→ok","minor","угловой коричневый сруб со светящимися окнами, уютный"
"commercial_small-garden-fountain-3_mc-mod_x.schem","Small Garden Fountain","parks","fountain|park|tiny|water","7x9x7","188","mc-mod","good","misfit","parks","extra","-shop","","","name-supports","","","mismatch","квадратный фонтан-беседка с водой, садовый, не торговля"
"residential_small-house-with-garden-path_mc-mod_x.schem","Small House with Garden Path","residential","house|large|park|tall","50x56x49","62455","mc-mod","partial","ok","","extra","-shop","","","name-conflict","commercial","words→commercial, image→ok","minor","дом с двором на крыше земляного куба с подвалом"
"commercial_small-minecraft-church-building_mc-mod_x.schem","Small Minecraft Church Building","public","church|medium","19x34x34","2840","mc-mod","good","misfit","public","extra","-shop","","franchise","name-supports","","","mismatch","белая часовня с крестом и голубыми окнами, не торговля"
"commercial_small-miscellaneous-structure-2_mc-mod_x.schem","Small Miscellaneous Structure","commercial","huge|tall","78x185x72","338124","mc-mod","wrong","ok","","extra","-road -shop","","meta-word-in-name","name-supports","","","mismatch","гигантский скальный комплекс с дворами, ни разу не small"
"towers_small-office-building_mc-mod_x.schem","Small Office Building","towers","medium|office|tall","10x256x17","974","mc-mod","partial","ok","","extra","-shop","","","name-elsewhere","commercial","words→commercial, image→ok","minor","вид сверху на коричневую коробку, высота 256 не читается"
"commercial_small-open-cafe-design_mc-mod_x.schem","Small Open Cafe Design","commercial","medium|tall","10x256x9","511","mc-mod","partial","ok","","extra","-shop","","","name-supports","","","minor","вид сверху на павильон со стеклом, кафе не подтверждается"
"commercial_small-police-car-schematic_mc-mod_x.schem","Small Police Car Schematic","vehicles","car|medium","22x21x56","3393","mc-mod","good","misfit","vehicles","extra","-shop","","meta-word-in-name|non-building-in-name|vehicle","name-supports","","","mismatch","бело-серый патрульный автомобиль, не торговое здание"
"residential_small-schoolhouse-with-blackboard_mc-mod_x.schem","Small Schoolhouse With Blackboard","public","house|school|tiny","12x5x8","293","mc-mod","partial","misfit","public","extra","-shop","extra:house","","name-conflict","commercial","words→commercial, image→public","mismatch","коричневая коробка со стеклянной крышей, доски не видно"
"commercial_small-shop-building_mc-mod_x.schem","Small Shop Building","public","small","21x25x19","1665","mc-mod","wrong","misfit","public","extra","-shop","","","name-supports","","","mismatch","каменное здание с белым шпилем — церковь, а не магазин"
"commercial_small-shopping-mall_mc-mod_x.schem","Small Shopping Mall","commercial","medium|shop","43x18x50","12966","mc-mod","good","ok","","ok","","","","name-supports","","","ok","крестообразный павильон с колоннадой и светлой крышей"
"bridges_small-skybridge-design_mc-mod_x.schem","Small Skybridge Design","bridges","bridge|tiny","10x9x17","274","mc-mod","partial","ok","","extra","-shop","","","name-conflict","commercial","words→commercial, image→ok","minor","низкие каменные пролёты над водой, не skybridge"
"commercial_small-spade-shop_mc-mod_x.schem","Small Spade Shop","commercial","medium|tall","25x61x20","14656","mc-mod","partial","ok","","extra","-shop","","","name-supports","","","minor","земляной куб с освещённым интерьером, лопаты и лавки нет"
"commercial_small-terracotta-vase-decoration_mc-mod_x.schem","Small Terracotta Vase Decoration","decor","small","18x28x18","1019","mc-mod","good","misfit","decor","extra","-shop","","","name-supports","","","mismatch","коричневый терракотовый кувшин с орнаментом, декор"
"commercial_small-underground-faction-shop_mc-mod_x.schem","Small Underground Faction Shop","commercial","medium","40x13x29","12323","mc-mod","partial","ok","","extra","-shop","","","name-supports","","","minor","плоская серая крыша, подземелье скрыто, лавки не видно"
"residential_small-waterfront-house_mc-mod_x.schem","Small Waterfront House","residential","house|small|water","33x12x23","2372","mc-mod","good","ok","","missing","+water -shop","","","name-conflict","commercial","words→commercial, image→ok","minor","деревянный домик-причал на синей воде со сваями"
"commercial_small-wooden-shop-with-multiple-entrances_mc-mod_x.schem","Small Wooden Shop with Multiple Entrances","commercial","medium","43x14x43","3938","mc-mod","partial","ok","","extra","-shop","","","name-supports","","","minor","светлый крест-павильон, дерево и входы не читаются"
"residential_soviet-style-apartment-building_mc-mod_x.schem","Soviet Style Apartment Building","residential","apartment|small","30x14x19","3376","mc-mod","good","ok","","ok","","","","name-supports","","","ok","серая блочная пятиэтажка с плоской крышей, узнаваемо"
"residential_spacious-mansion-with-park_mc-mod_x.schem","Spacious Mansion With Park","residential","house|large|park|tall","125x43x77","41957","mc-mod","good","ok","","ok","","","","name-supports","","","ok","особняк с садом, прудом и аллеями, парк читается"
"parks_spawn-fountain-garden_mc-mod_x.schem","Spawn Fountain Garden","parks","fountain|tiny|water","21x1x21","433","mc-mod","partial","ok","","extra","-park","","","name-supports","","","minor","серая площадь с мелким фонтаном, зелени и сада нет"
"public_st-pancras-old-church-exterior-replica_mc-mod_x.schem","St. Pancras Old Church Exterior Replica","public","church|medium","80x34x27","2802","mc-mod","good","ok","","ok","","","","name-supports","","","ok","длинная церковь с коричневой крышей и башней, реплика читается"
"roads_standard-railroad-station_mc-mod_x.schem","Standard Railroad Station","transport","station|tiny","11x8x11","401","mc-mod","partial","misfit","transport","extra","-road","extra:road","","name-supports","","","mismatch","красный сарай с серой крышей, рельсов не видно"
"bridges_stone-and-wood-survival-bridge_mc-mod_x.schem","Stone and Wood Survival Bridge","bridges","bridge|tiny","7x8x29","317","mc-mod","good","ok","","ok","","","","name-supports","","","ok","ледяной мост с деревянными вставками через пролёт"
"public_stone-church-building_mc-mod_x.schem","Stone Church Building","public","church|large|tall","65x80x64","17302","mc-mod","good","ok","","ok","","","","name-supports","","","ok","белый двухбашенный храм с тёмными окнами, крупный"
"residential_storage-warehouse-building_mc-mod_x.schem","Storage Warehouse Building","industrial","huge","110x25x307","68573","mc-mod","good","misfit","industrial","extra","-house","extra:house","","name-supports","","","mismatch","длинный складской ангар со светлой крышей; к жилью не относится"
"residential_storage-warehouse-structure_mc-mod_x.schem","Storage Warehouse Structure","industrial","medium","81x22x66","15379","mc-mod","good","misfit","industrial","extra","-house","extra:house","meta-word-in-name","name-supports","","","mismatch","тёмный складской корпус с фонарями в крыше; жилой тег лишний"
"bridges_subway-tunnel-structure_mc-mod_x.schem","Subway Tunnel Structure","transport","tiny","7x5x18","450","mc-mod","good","misfit","transport","ok","","missing:bridge","meta-word-in-name","name-elsewhere","transport","","mismatch","короткий серый тоннельный сегмент с путями; это не мост"
"residential_survival-mansion-2-story-build_mc-mod_x.schem","Survival Mansion 2-Story Build","residential","house|small","22x10x25","2534","mc-mod","partial","ok","","ok","","","meta-word-in-name","name-supports","","","minor","коричневый двухэтажный домик; на особняк не тянет"
"bridges_suspended-bridge-minecraft-build_mc-mod_x.schem","Suspended Bridge Minecraft Build","bridges","bridge|tiny","10x8x20","409","mc-mod","good","ok","","ok","","","franchise|meta-word-in-name","name-supports","","","ok","маленький мост через воду с опорами; читается"
"bridges_suspension-cable-bridge_mc-mod_x.schem","Suspension Cable Bridge","bridges","bridge|small","53x18x13","1134","mc-mod","good","ok","","ok","","","","name-supports","","","ok","длинный каменный мост с фонарями; читается"
"commercial_tails-workshop-recreation_mc-mod_x.schem","Tails&#8217; Workshop Recreation","commercial","shop|small","15x13x18","928","mc-mod","good","ok","","ok","","extra:shop","franchise","name-supports","","","minor","компактная коричневая мастерская; герой Соника, франшиза"
"residential_tall-orange-quartz-apartment-building_mc-mod_x.schem","Tall Orange Quartz Apartment Building","residential","apartment|medium|tall","51x61x38","40424","mc-mod","partial","ok","","ok","","","","name-supports","","","minor","высокий светлый квартирный блок; оранжевого почти не видно"
"parks_technoblade-tribute-parkour-build_mc-mod_x.schem","Technoblade Tribute Parkour Build","decor","huge","94x83x66","9367","mc-mod","partial","misfit","decor","extra","-park -tall","extra:park","meta-word-in-name","name-supports","","","mismatch","фигура свиньи-трибьют и купол; парка и паркура не видно"
"residential_ten-story-apartment-building_mc-mod_x.schem","Ten Story Apartment Building","residential","apartment|large|tall","59x56x47","75671","mc-mod","good","ok","","ok","","","","name-supports","","","ok","тёмный десятиэтажный квартирный корпус; читается"
"public_the-hidden-library-from-the-book_mc-mod_x.schem","The Hidden Library From The Book","public","library|tiny","11x7x10","439","mc-mod","good","ok","","ok","","","","name-supports","","","ok","маленькая деревянная диорама-библиотека; читается"
"towers_tilted-office-building_mc-mod_x.schem","Tilted Office Building","commercial","huge|office","180x85x67","172199","mc-mod","partial","misfit","commercial","extra","-tall","","","name-elsewhere","commercial","","mismatch","длинный красный ступенчатый офис; невысокий, не башня"
"public_tnt-museum_mc-mod_x.schem","TNT Museum","public","medium","30x33x31","14260","mc-mod","partial","ok","","extra","-museum","","","name-supports","","","minor","серый куб на грунтовой платформе; музей не читается"
"transport_town-parking-lot_mc-mod_x.schem","Town Parking Lot","transport","parking|small","29x5x29","592","mc-mod","partial","ok","","extra","-park","extra:park","","name-elsewhere","parks","words→parks, image→ok","minor","серая плита на столбах без разметки; озеленения нет"
"roads_towny-road-system-cobblestone-construction_mc-mod_x.schem","Towny Road System &#8211; Cobblestone Construction","roads","medium|road","80x12x80","7006","mc-mod","good","ok","","ok","","","","name-supports","","","ok","кольцевая брусчатая развязка с газонами; читается"
"commercial_traditional-brick-home-with-garage_mc-mod_x.schem","Traditional Brick Home With Garage","residential","house|medium|parking","61x35x52","14732","mc-mod","good","misfit","residential","ok","","extra:parking","","name-elsewhere","residential","","mismatch","кирпичный дом с гаражом и участком; не коммерция"
"commercial_traditional-british-pub-building_mc-mod_x.schem","Traditional British Pub Building","commercial","small","10x19x18","873","mc-mod","good","ok","","ok","","","","name-supports","","","ok","маленький паб с timber-фахверком и тёплыми окнами"
"transport_trainyard-automatic-refill-station_mc-mod_x.schem","Trainyard Automatic Refill Station","transport","medium|station","23x34x40","10977","mc-mod","good","ok","","ok","","","","name-supports","","","ok","индустриальный корпус депо с красными воротами; читается"
"commercial_tropical-mine-and-shop_mc-mod_x.schem","Tropical Mine and Shop","commercial","large|shop","65x33x103","69706","mc-mod","partial","ok","","ok","","","","name-supports","","","minor","серая коробка магазина с зеленью; шахты не видно"
"commercial_truck-stop-gas-station_mc-mod_x.schem","Truck Stop Gas Station","commercial","huge|station","132x13x314","15472","mc-mod","good","ok","","extra","-car","extra:car","non-building-in-name","name-elsewhere","transport","words→transport, image→ok","minor","длинная полоса заправки для фур; машин не видно"
"residential_two-story-house-with-attic-and-balcony_mc-mod_x.schem","Two Story House With Attic And Balcony","residential","house|small","13x20x17","995","mc-mod","good","ok","","ok","","","","name-supports","","","ok","коричневый дом с мансардой и жёлтыми балконами; читается"
"transport_two-story-warehouse-with-parking_mc-mod_x.schem","Two Story Warehouse With Parking","industrial","medium|parking","65x18x102","25747","mc-mod","good","misfit","industrial","extra","-house -park","extra:house extra:park","","name-elsewhere","residential","words→residential, image→industrial","mismatch","склад с большой парковкой; дом и парк лишние"
"transport_underground-metro-station-design_mc-mod_x.schem","Underground Metro Station Design","transport","small","25x15x32","5165","mc-mod","partial","ok","","extra","-station","","","name-supports","","","minor","глухой серый блок; станция не читается"
"transport_underground-metro-station-with-blue-train_mc-mod_x.schem","Underground Metro Station With Blue Train","transport","medium|station","31x26x41","16483","mc-mod","good","ok","","ok","","","","name-supports","","","ok","станция в разрезе с поездом; читается"
"towers_unfurnished-office-building-structure_mc-mod_x.schem","Unfurnished Office Building Structure","towers","medium|office|tall","40x67x43","18504","mc-mod","good","ok","","ok","","","meta-word-in-name","name-elsewhere","commercial","words→commercial, image→ok","ok","серая ар-деко офисная башня; читается"
"industrial_urban-compressed-air-factory_mc-mod_x.schem","Urban Compressed Air Factory","industrial","medium","38x29x87","12697","mc-mod","good","ok","","ok","","","","name-supports","","","ok","длинный ажурный цех со стеклянной крышей; читается"
"residential_urban-warehouse-storage-building-2_mc-mod_x.schem","Large Urban Warehouse Storage Building","industrial","large","145x24x69","25530","mc-mod","good","misfit","industrial","extra","-house","extra:house","","name-supports","","","mismatch","длинный склад с коричневой крышей; не жильё"
"residential_vehicle-warehouse-storage_mc-mod_x.schem","Vehicle Warehouse Storage","industrial","large","135x19x83","34041","mc-mod","good","misfit","industrial","extra","-house","extra:house","","name-supports","","","mismatch","большой серый склад-ангар; техники внутри не видно"
"residential_vibrant-yellow-modern-apartment-building_mc-mod_x.schem","Vibrant Yellow Modern Apartment Building","residential","apartment|modern|small","22x21x17","2314","mc-mod","partial","ok","","ok","","","","name-supports","","","minor","малый модерн-блок с балконами; жёлтого почти нет"
"roads_vienna-street-house-65-build_mc-mod_x.schem","Vienna Street House 65 Build","residential","house|medium|tall","22x42x22","4908","mc-mod","good","misfit","residential","extra","-road -tree","","meta-word-in-name","name-supports","","","mismatch","высокий бежевый таунхаус; дороги и дерева нет"
"roads_vienna-street-house-66_mc-mod_x.schem","Vienna Street House 66","residential","house|medium|tall","27x41x20","5867","mc-mod","good","misfit","residential","extra","-road -tree","","","name-supports","","","mismatch","красный высокий таунхаус; дороги и дерева нет"
"roads_vienna-street-house-68_mc-mod_x.schem","Vienna Street House 68","residential","house|medium|tall","24x41x17","5140","mc-mod","good","misfit","residential","extra","-road -tree","","","name-supports","","","mismatch","коричневый высокий таунхаус; дороги и дерева нет"
"roads_vienna-street-house-70-build_mc-mod_x.schem","Vienna Street House 70 Build","residential","house|medium|tall","27x42x19","6991","mc-mod","good","misfit","residential","extra","-road -tree","","meta-word-in-name","name-supports","","","mismatch","бело-коричневый таунхаус; дороги и дерева нет"
"roads_vienna-street-house-71_mc-mod_x.schem","Vienna Street House 71","industrial","medium|tall","14x49x54","8406","mc-mod","wrong","misfit","industrial","extra","-house -road -tree","","","name-supports","","","mismatch","фабричный корпус с трубами, а не дом; к дорогам не относится"
"roads_vienna-street-house-73_mc-mod_x.schem","Vienna Street House 73","residential","house|medium|tall","34x41x18","8301","mc-mod","good","misfit","residential","extra","-road -tree","","","name-supports","","","mismatch","коричневый таунхаус с эркерами; дороги и дерева нет"
"roads_vienna-street-house-74_mc-mod_x.schem","Vienna Street House 74","residential","house|medium|tall","36x42x20","8908","mc-mod","good","misfit","residential","extra","-road -tree","","","name-supports","","","mismatch","коричневый таунхаус на углу; дороги и дерева нет"
"roads_vienna-street-houses-2_mc-mod_x.schem","Vienna Street House With Jungle Planks","residential","house|medium","29x40x19","6086","mc-mod","good","misfit","residential","extra","-road -tree","","","name-supports","","","mismatch","серо-коричневый таунхаус; дороги и дерева нет"
"transport_vintage-train-station-building_mc-mod_x.schem","Vintage Train Station Building","transport","small|station","21x11x18","1218","mc-mod","good","ok","","ok","","","","name-supports","","","ok","малый вокзал с белой крышей и перроном; читается"
"residential_warehouse-13-storage-building_mc-mod_x.schem","Warehouse 13 Storage Building","industrial","huge","181x19x181","78026","mc-mod","good","misfit","industrial","extra","-house","extra:house","","name-supports","","","mismatch","огромный склад со стеклянной крышей; не жильё"
"residential_warehouse-with-movie-sets_mc-mod_x.schem","Warehouse With Movie Sets","industrial","huge","147x40x139","69931","mc-mod","partial","misfit","industrial","extra","-house","extra:house","","name-supports","","","mismatch","белые студийные ангары; декорации почти не читаются"
"towers_water-wall-skyscraper_mc-mod_x.schem","Water Wall Skyscraper","towers","medium|tall|tower","36x51x36","27001","mc-mod","good","ok","","ok","","","","name-supports","","","ok","синий монолит-башня с решёткой на крыше, читается"
"transport_western-train-station-structure_mc-mod_x.schem","Western Train Station Structure","transport","small|station","26x11x15","1086","mc-mod","good","ok","","ok","","","meta-word-in-name","name-supports","","","ok","низкая платформа-навес станции, читается"
"commercial_wii-island-hotel_mc-mod_x.schem","Wii Island Hotel","commercial","hotel|medium","41x24x52","5005","mc-mod","good","ok","","ok","","","","name-supports","","","ok","серый гостиничный корпус с бассейном и пляжем, читается"
"towers_willis-tower-overhaul-schematic_mc-mod_x.schem","Willis Tower Overhaul Schematic","towers","large|tall|tower","51x194x50","100695","mc-mod","good","ok","","ok","","","meta-word-in-name","name-supports","","","ok","ступенчатая кирпичная башня с антеннами, читается"
"towers_willis-tower-skyscraper-build_mc-mod_x.schem","Willis Tower Skyscraper Build","towers","huge|tall|tower","62x254x61","23439","mc-mod","good","ok","","ok","","","meta-word-in-name","name-supports","","","ok","красная высотка со шпилями, читается"
"bridges_wooden-bridge-design_mc-mod_x.schem","Wooden Bridge Design","bridges","bridge|small","9x10x32","606","mc-mod","good","ok","","ok","","","","name-supports","","","ok","длинный деревянный мост через воду, читается"
"bridges_wooden-bridge-with-fences_mc-mod_x.schem","Wooden Bridge with Fences","bridges","bridge|small","14x9x21","512","mc-mod","good","ok","","ok","","","","name-supports","","","ok","деревянный мостик с ограждением на траве, читается"
"towers_working-lighthouse-tower_mc-mod_x.schem","Working Lighthouse Tower","towers","medium|tall|tower","22x66x24","6520","mc-mod","good","ok","","extra","-house -water","extra:house","","name-supports","","","minor","серая маячная башня без домика и воды рядом"
"public_world-relics-museum-build_mc-mod_x.schem","World Relics Museum Build","public","huge|museum|tall","114x58x77","96360","mc-mod","good","ok","","ok","","","meta-word-in-name","name-supports","","","ok","парадный музейный корпус с внутренним двором, читается"
"public_yandere-high-school-electric-chair-room_mc-mod_x.schem","Yandere High School Electric Chair Room","public","tiny","8x5x9","289","mc-mod","partial","ok","","extra","-school","","franchise","name-supports","","","minor","серая коробка комнаты, стул не виден; школьного не заметно"
"commercial_yetis-alpine-shop_mc-mod_x.schem","Yeti&#8217;s Alpine Shop","towers","medium|tall","29x81x49","18437","mc-mod","wrong","misfit","towers","extra","-shop","","","name-supports","","","mismatch","высокая коричневая башня вместо магазина, к торговле не относится"
"parks_yin-yang-garden-fountain_mc-mod_x.schem","Yin Yang Garden Fountain","parks","fountain|medium|park|water","40x19x26","5719","mc-mod","good","ok","","ok","","","","name-supports","","","ok","синяя чаша фонтана в виде инь-ян, читается"
"towers_youcube-office-structure_mc-mod_x.schem","Youcube Office Structure","towers","medium|office|tall","21x41x28","5748","mc-mod","good","ok","","ok","","","meta-word-in-name","name-elsewhere","commercial","words→commercial, image→ok","ok","серый офисный корпус с красной буквой, читается"
"towers_zambias-tallest-skyscraper-findeco-house_mc-mod_x.schem","Zambia&#8217;s Tallest Skyscraper &#8211; Findeco House","towers","huge|tall|tower","80x112x96","118581","mc-mod","good","ok","","extra","-house","","","name-supports","","","minor","полосатая высотка с нижним корпусом, домика рядом нет"
"high-security-jail.schem","High Security Jail (default map)","public","huge|tall","131x54x119","88508","pre-existing","good","ok","","ok","","","meta-word-in-name","name-silent","","","ok","огороженный стенами тюремный комплекс, читается"
"modern_house_n_2.schem","Modern house N2","residential","house|medium|modern","30x23x31","2352","pre-existing","good","ok","","ok","","","","name-supports","","","ok","модерновый дом на сваях с террасой, читается"
"radeon-prison.schem","Radeon prison","public","large|tall","69x61x85","102272","pre-existing","good","ok","","ok","","","","name-supports","","","ok","тёмный блочный корпус тюрьмы с решётками, читается"
"decor_magenta-storage-container_mc-mod_1.21.8.schem","Magenta Storage Container","decor","tiny","7x6x19","398","mc-mod","partial","ok","","ok","","","","name-silent","","","minor","серый грузовой контейнер, пурпурного цвета не видно"
"decor_blue-container-outdoor-decoration_mc-mod_1.21.8.schem","Blue Container Outdoor Decoration","decor","tiny","7x6x19","406","mc-mod","good","ok","","ok","","","","name-silent","","","ok","сине-белый грузовой контейнер, читается"
"decor_pink-container-decoration_mc-mod_1.21.8.schem","Pink Container Decoration","decor","tiny","7x6x19","406","mc-mod","partial","ok","","ok","","","","name-silent","","","minor","серый контейнер, розового цвета не видно"
"intersections_modern-city-stoplight_mc-mod_x.schematic","Modern City Stoplight","intersections","tiny","3x9x3","65","mc-mod","partial","ok","","extra","-modern","","","name-supports","","","minor","серый столб-сигнал, головка светофора не читается"
"waterfront_automatic-ice-boat-crossing_mc-mod_x.schematic","Automatic Ice Boat Crossing","waterfront","medium","37x13x37","835","mc-mod","good","ok","","extra","-boat","","","name-elsewhere","intersections","words→intersections, image→ok","minor","ажурная ледяная трасса-переправа, лодки в кадре нет"
"roads_off-road-6x6-tanker-truck_mc-mod_x.schematic","Off-Road 6×6 Tanker Truck","vehicles","car|tiny","12x6x5","78","mc-mod","partial","misfit","vehicles","extra","-road","extra:car","non-building-in-name|vehicle","name-conflict","vehicles","","mismatch","разрозненные детали танкера-грузовика, дороги рядом нет"
"residential_toll-booth-structure_mc-mod_x.schematic","Toll Booth Structure","roads","huge|road","440x17x115","57768","mc-mod","good","misfit","roads","missing","+road","","meta-word-in-name","name-elsewhere","roads","","mismatch","длинное шоссе с будками проезда, к жилью не относится"
"roads_street-cleaning-tanker-truck_mc-mod_x.schematic","Street Cleaning Tanker Truck","vehicles","car|tiny","14x6x5","91","mc-mod","good","misfit","vehicles","extra","-road -tree","extra:car","non-building-in-name|vehicle","name-conflict","vehicles","","mismatch","цистерна-грузовик, дороги и дерева рядом нет"
"roads_street-lantern_mc-mod_x.schematic","Street Lantern","roads","tiny","1x3x1","3","mc-mod","good","ok","","extra","-road -tree","","almost-empty","name-supports","","","minor","малый уличный фонарь-столб, дороги и дерева нет"
"decor_fallout-3-billboard-structure_mc-mod_x.schematic","Fallout 3 Billboard Structure","decor","tiny","10x6x4","80","mc-mod","good","ok","","ok","","","franchise|meta-word-in-name","name-supports","","","minor","коричневый щит билборда, читается; отсылка к франшизе"
"vehicles_garbage-truck-with-front-loader_mc-mod_x.schematic","Garbage Truck with Front Loader","vehicles","car|tiny","11x4x7","41","mc-mod","partial","ok","","ok","","extra:car","non-building-in-name","name-supports","","","minor","разрозненные детали мусоровоза, читается с натяжкой"
"public_bedwars-bed-defence-structure_mc-mod_x.schematic","Bedwars Bed Defence Structure","decor","small","13x13x19","405","mc-mod","good","misfit","decor","ok","","","franchise|meta-word-in-name","name-silent","","","mismatch","синее ступенчатое укрепление из блоков, к общественным не относится"
"decor_large-advertisement-billboard-structure_mc-mod_x.schematic","Large Advertisement Billboard Structure","decor","medium|tall","49x41x13","2765","mc-mod","partial","ok","","ok","","","meta-word-in-name","name-supports","","","minor","голый ферменный каркас щита без рекламного полотна"
"vehicles_japanese-garbage-compactor-structure_mc-mod_x.schematic","Japanese Garbage Compactor Structure","industrial","tiny","5x4x8","49","mc-mod","partial","misfit","industrial","ok","","","meta-word-in-name","name-silent","","","mismatch","россыпь блоков пресса, на машину не похоже; ближе к цеху"
"industrial_industrial-warehouse-fence-and-gate_mc-mod_x.schematic","Industrial Warehouse Fence and Gate","industrial","tiny","1x5x49","245","mc-mod","good","ok","","extra","-house","extra:house","non-building-in-name","name-supports","","","minor","длинный складской забор, домика рядом нет"
"decor_meme-billboard-advertisement_mc-mod_x.schematic","Meme Billboard Advertisement","decor","medium|tall","49x41x13","5215","mc-mod","good","ok","","ok","","","","name-supports","","","ok","серый щит билборда на фермах, читается"
"public_automatic-trashcan-build_mc-mod_x.schematic","Automatic Trashcan Build","public","tiny","8x5x6","156","mc-mod","good","ok","","ok","","","meta-word-in-name","name-elsewhere","decor","words→decor, image→ok","ok","красно-белая урна-мусорка, читается"
"decor_fence-totem-structure_mc-mod_x.schematic","Fence Totem Structure","decor","small","17x17x16","302","mc-mod","good","ok","","ok","","","meta-word-in-name","name-silent","","","ok","крестообразный тотем из заборов, читается"
"vehicles_1994-nissan-dump-truck-vehicle_mc-mod_x.schematic","1994 Nissan Dump Truck Vehicle","vehicles","car|tiny","9x4x5","68","mc-mod","good","ok","","ok","","extra:car","non-building-in-name","name-supports","","","ok","бортовой самосвал с кабиной, читается"
"vehicles_super-motorcycle-design_mc-mod_x.schematic","Super Motorcycle Design","decor","huge","256x1x128","32727","mc-mod","good","misfit","decor","missing","-medium +huge","","text","name-supports","","","mismatch","плоский пиксель-арт мотоцикла на огромном полотне, не модель"
"vehicles_tow-truck-semi-trailer_mc-mod_x.schematic","Tow Truck Semi-Trailer","vehicles","car|tiny","5x4x13","88","mc-mod","good","ok","","ok","","extra:car","non-building-in-name","name-supports","","","ok","шасси эвакуатора с кабиной, читается"
"vehicles_aluminum-van-truck-6x6_mc-mod_x.schematic","Aluminum Van Truck 6×6","vehicles","car|tiny","11x6x5","53","mc-mod","partial","ok","","ok","","extra:car","non-building-in-name","name-supports","","","minor","детали фургона-грузовика разрознены, читается с натяжкой"
"vehicles_industrial-iron-car-vehicle_mc-mod_1.21.1.nbt","Industrial Iron Car Vehicle","vehicles","car|tiny","15x7x11","190","mc-mod","good","ok","","ok","","","non-building-in-name","name-supports","","","ok","белый угловатый автомобильчик, читается"
"vehicles_1995-isuzu-forward-crane-truck_mc-mod_x.schematic","1995 Isuzu Forward Crane Truck","vehicles","car|tiny","11x4x5","52","mc-mod","good","ok","","ok","","extra:car","non-building-in-name","name-supports","","","ok","серое шасси грузовика с краном и жёлтыми колёсами"
"vehicles_ten-wheeler-crane-tow-truck_mc-mod_x.schematic","Ten-Wheeler Crane Tow Truck","vehicles","car|tiny","10x4x5","42","mc-mod","good","ok","","ok","","extra:car","non-building-in-name","name-supports","","","ok","шасси эвакуатора с краном, кабина и колёса читаются"
"vehicles_fuso-fighter-wing-van-truck_mc-mod_x.schematic","Fuso Fighter Wing Van Truck","vehicles","car|tiny","5x5x13","47","mc-mod","good","ok","","ok","","extra:car","non-building-in-name","name-supports","","","ok","длинное шасси фургона с красной кабиной, читается"
"vehicles_car-carrier-truck-and-trailer_mc-mod_x.schematic","Car Carrier Truck and Trailer","vehicles","car|tiny","24x8x5","218","mc-mod","good","ok","","ok","","","non-building-in-name","name-supports","","","ok","длинный пустой автовоз-прицеп, читается"
"vehicles_1998-isuzu-freezer-truck_mc-mod_x.schematic","1998 Isuzu Freezer Truck","vehicles","car|tiny","5x5x13","43","mc-mod","good","ok","","ok","","extra:car","non-building-in-name","name-supports","","","ok","кабина рефрижератора с длинной рамой, читается"
"vehicles_heavy-duty-ambulance-vehicle_mc-mod_x.schematic","Heavy Duty Ambulance Vehicle","vehicles","car|tiny","5x5x10","97","mc-mod","good","ok","","missing","+car","","","name-supports","","","minor","фургон скорой с красными крестами; не хватает тега car"
"vehicles_japanese-van-with-8-wheels_mc-mod_x.schematic","Japanese Van with 8 Wheels","vehicles","car|tiny","5x5x15","50","mc-mod","good","ok","","ok","","extra:car","","name-supports","","","ok","длинное шасси фургона на восьми колёсах, читается"
"vehicles_fuso-fighter-dump-truck-vehicle_mc-mod_x.schematic","Fuso Fighter Dump Truck Vehicle","vehicles","car|tiny","5x5x8","54","mc-mod","good","ok","","ok","","extra:car","non-building-in-name","name-supports","","","ok","серый самосвал с жёлтыми фарами, читается"
"vehicles_fire-truck-with-manlift_mc-mod_x.schematic","Fire Truck with Manlift","vehicles","car|tiny","5x7x13","156","mc-mod","good","ok","","ok","","extra:car","non-building-in-name","name-supports","","","ok","пожарная машина с люлькой-подъёмником, читается"
"vehicles_decorated-10w-truck-van_mc-mod_x.schematic","Decorated 10W Truck Van","vehicles","car|tiny","17x5x5","70","mc-mod","good","ok","","ok","","extra:car","non-building-in-name","name-supports","","","ok","длинный голубой фургон на шасси, читается"
"vehicles_crane-truck-with-car-carrier_mc-mod_x.schematic","Crane Truck with Car Carrier","vehicles","car|tiny","5x4x14","91","mc-mod","good","ok","","ok","","","non-building-in-name","name-supports","","","ok","грузовик с краном и площадкой автовоза, читается"
"vehicles_fuso-fv411j-dump-truck-model_mc-mod_x.schematic","Fuso FV411J Dump Truck Model","vehicles","car|tiny","9x5x5","61","mc-mod","good","ok","","ok","","extra:car","non-building-in-name","name-supports","","","ok","бело-серый самосвал, кузов и кабина читаются"
"vehicles_decorated-12-wheel-refrigerated-van_mc-mod_x.schematic","Decorated 12-Wheel Refrigerated Van","vehicles","car|tiny","16x6x5","127","mc-mod","good","ok","","ok","","extra:car","","name-supports","","","ok","длинный прицеп-рефрижератор на колёсах, читается"
"vehicles_frog-driving-a-car_mc-mod_x.schematic","Frog Driving a Car","decor","car|tiny","16x15x1","152","mc-mod","partial","misfit","decor","ok","","","non-building-in-name|text","name-supports","","","mismatch","плоский пиксельный лягушонок, а не объёмная машина; пиксель-арт"
"vehicles_fuso-fighter-cargo-truck-detailed-build_mc-mod_x.schematic","Fuso Fighter Cargo Truck Detailed Build","vehicles","car|tiny","11x5x5","57","mc-mod","good","ok","","ok","","extra:car","meta-word-in-name|non-building-in-name","name-supports","","","ok","грузовой фургон с кабиной, читается"
"vehicles_decorated-japanese-refrigerated-van_mc-mod_x.schematic","Decorated Japanese Refrigerated Van","vehicles","car|tiny","16x6x5","99","mc-mod","good","ok","","ok","","extra:car","","name-supports","","","ok","рамный прицеп-рефрижератор, читается"
"vehicles_fallout-3-inspired-car-schematic_mc-mod_x.schematic","Fallout 3 Inspired Car Schematic","vehicles","car|tiny","5x3x13","75","mc-mod","good","ok","","ok","","missing:tower","franchise|meta-word-in-name|non-building-in-name","name-supports","","","minor","ржавая легковушка в духе Fallout, читается; франшиза"
"vehicles_tractor-with-cometto-trailer_mc-mod_x.schematic","Tractor With Cometto Trailer","vehicles","car|tiny","35x4x5","126","mc-mod","good","ok","","missing","+car","","","name-supports","","","minor","очень длинный трал с тягачом; не хватает тега car"
"vehicles_decorated-refrigerated-van_mc-mod_x.schematic","Decorated Refrigerated Van","vehicles","car|tiny","13x6x5","104","mc-mod","good","ok","","ok","","extra:car","","name-supports","","","ok","белый фургон-рефрижератор, читается"
"vehicles_fallout-3-style-car-no-engine_mc-mod_x.schematic","Fallout 3 Style Car (No Engine)","vehicles","car|tiny","12x3x5","68","mc-mod","good","ok","","ok","","","franchise|non-building-in-name","name-supports","","","minor","разбитая легковушка без двигателя в духе Fallout; франшиза"
"vehicles_aluminum-wing-van-truck-with-solar-radiator_mc-mod_x.schematic","Aluminum Wing Van Truck with Solar Radiator","vehicles","car|tiny","14x6x5","94","mc-mod","good","ok","","ok","","extra:car","non-building-in-name","name-supports","","","ok","белый фургон с красной полосой, читается"
"vehicles_fallout-3-car-replica_mc-mod_x.schematic","Fallout 3 Car Replica","vehicles","car|tiny","5x3x13","64","mc-mod","good","ok","","ok","","","franchise|non-building-in-name","name-supports","","","minor","серая легковушка-реплика в духе Fallout; франшиза"
"vehicles_cometto-self-propelled-trailer_mc-mod_x.schematic","Cometto Self-Propelled Trailer","vehicles","car|tiny","29x4x17","123","mc-mod","good","ok","","missing","+car","","","name-supports","","","minor","длинная многоосная платформа-трал; не хватает тега car"
"vehicles_secure-transport-van_mc-mod_x.schematic","Secure Transport Van","vehicles","car|tiny","13x4x5","58","mc-mod","good","ok","","ok","","extra:car","","name-supports","","","ok","серый инкассаторский фургон, читается"
"vehicles_thomas-and-friends-candy-car_mc-mod_x.schematic","Thomas and Friends Candy Car","vehicles","car|small","7x14x33","815","mc-mod","good","ok","","ok","","","franchise|non-building-in-name","name-supports","","","minor","коричневый вагон в стиле Томаса и друзей; франшиза"
"vehicles_heavy-duty-14-wheeler-dump-truck_mc-mod_x.schematic","Heavy Duty 14-Wheeler Dump Truck","vehicles","car|tiny","13x5x5","103","mc-mod","good","ok","","ok","","extra:car","non-building-in-name","name-supports","","","ok","голубой самосвал, кузов и кабина читаются"
"vehicles_refrigerated-double-cab-van_mc-mod_x.schematic","Refrigerated Double-Cab Van","vehicles","car|tiny","10x5x5","43","mc-mod","good","ok","","ok","","extra:car","","name-supports","","","ok","маленькая кабина фургона на шасси, читается"
"vehicles_concrete-pump-truck-with-derricks_mc-mod_x.schematic","Concrete Pump Truck with Derricks","vehicles","car|tiny","18x6x5","185","mc-mod","good","ok","","ok","","extra:car","non-building-in-name","name-supports","","","ok","тёмный бетононасос на шасси, читается"
"vehicles_10-wheeler-wing-van-truck-and-trailer_mc-mod_x.schematic","10-Wheeler Wing Van Truck and Trailer","vehicles","car|tiny","24x5x5","224","mc-mod","good","ok","","ok","","extra:car","non-building-in-name","name-supports","","","ok","голубые фургон и прицеп парой, читаются"
"vehicles_sdkfz-222-armored-car_mc-mod_x.schematic","Sdkfz 222 Armored Car","vehicles","car|tiny","8x8x16","226","mc-mod","good","ok","","ok","","","non-building-in-name","name-supports","","","ok","коричневый броневик на серой плите, читается"
"vehicles_heavy-crane-truck_mc-mod_x.schematic","Heavy Crane Truck","vehicles","car|large","51x10x9","788","mc-mod","good","ok","","missing","+large -small","extra:car","non-building-in-name","name-supports","","","minor","очень длинный кран на шасси; тег small маловат, нужен large"
"vehicles_fruehauf-empty-can-van-trailer_mc-mod_x.schematic","Fruehauf Empty Can Van Trailer","vehicles","car|tiny","17x6x5","236","mc-mod","good","ok","","ok","","extra:car","","name-supports","","","ok","голубой пустой фургон-прицеп, читается"
"vehicles_armored-snow-patrol-truck_mc-mod_x.schematic","Armored Snow Patrol Truck","vehicles","car|huge|tall","162x63x89","65318","mc-mod","good","ok","","ok","","extra:car","non-building-in-name","name-supports","","","ok","детальный камуфляжный броневик, читается"
"vehicles_9-block-long-van-box-truck-compartment_mc-mod_x.schematic","9 Block Long Van Box Truck Compartment","vehicles","car|tiny","5x5x10","39","mc-mod","good","ok","","ok","","extra:car","non-building-in-name","name-supports","","","ok","голубой грузовой отсек без кабины, как заявлено"
"vehicles_small-car-dealership-building_mc-mod_x.schematic","Small Car Dealership Building","commercial","shop|small","31x8x31","2861","mc-mod","good","misfit","commercial","extra","-boat -car","","non-building-in-name|vehicle","name-supports","","","mismatch","одноэтажный автосалон с витринами; это здание, а не машина"
"vehicles_heavy-tractor-head-and-van-trailer_mc-mod_x.schematic","Heavy Tractor Head and Van Trailer","vehicles","car|tiny","5x6x23","303","mc-mod","good","ok","","ok","","extra:car","","name-supports","","","ok","тягач с голубым полуприцепом, читается"
"vehicles_double-cab-pickup-truck_mc-mod_x.schematic","Double Cab Pickup Truck","vehicles","car|tiny","9x4x5","50","mc-mod","good","ok","","ok","","extra:car","non-building-in-name","name-supports","","","ok","маленький голубой пикап с кузовом, читается"
"vehicles_massive-haul-truck_mc-mod_x.schematic","Massive Haul Truck","vehicles","car|large|tall","25x26x45","9197","mc-mod","good","ok","","missing","+large +tall -medium","extra:car","non-building-in-name","name-supports","","","minor","гигантский карьерный самосвал; тег medium маловат"
"transport_acacia-spruce-small-aircraft-hangar_mc-mod_1.20.1.nbt","Acacia & Spruce Small Aircraft Hangar","transport","medium","70x11x26","2050","mc-mod","good","ok","","extra","-shop -tree","","","name-conflict","commercial","words→commercial, image→ok","minor","деревянный ангар для самолёта; shop и tree на кадре не видны"
"transport_small-garden-with-wither-platform_mc-mod_x.schematic","Small Garden With Wither Platform","transport","medium|park|shop","30x19x30","3131","mc-mod","good","ok","","ok","","","","name-conflict","commercial","words→commercial, image→ok","ok","сад с водоёмом, мостиками и тёмной платформой в центре, читается"
"transport_abandoned-town-with-subway-system_mc-mod_x.schematic","Abandoned Town with Subway System","residential","apartment|house|medium","64x20x70","37138","mc-mod","partial","misfit","residential","missing","+house +apartment","","","name-supports","","","mismatch","квартал с серым корпусом и красными домиками; метро и заброшенности не видно"
"transport_minecraft-airport-terminal-building_mc-mod_x.schematic","Minecraft Airport Terminal Building","transport","small|station","30x14x27","2904","mc-mod","good","ok","","ok","","","franchise","name-supports","","","ok","серый терминал с деревянным навесом и синими акцентами, читается"
"transport_fallout-3-red-rocket-gas-station_mc-mod_x.schematic","Fallout 3 Red Rocket Gas Station","transport","small|station","25x25x17","937","mc-mod","good","ok","","ok","","","franchise","name-supports","","","minor","полуразрушенный бетонный каркас заправки в духе Fallout, читается"
"transport_aircraft-hangar-structure_mc-mod_x.schematic","Aircraft Hangar Structure","transport","medium","36x24x40","10969","mc-mod","partial","ok","","ok","","","meta-word-in-name","name-supports","","","minor","громадный гладкий ангар-коробка без деталей, читается с натяжкой"
"transport_small-village-train-station_mc-mod_x.schematic","Small Village Train Station","transport","medium|station","20x27x29","8116","mc-mod","good","ok","","extra","-house -shop","","","name-supports","","","minor","перрон с деревянным навесом над путями; домика и лавки не видно"
"transport_subway-station-build_mc-mod_1.19.schem","Subway Station Build","transport","small|station","17x11x17","969","mc-mod","good","ok","","ok","","","meta-word-in-name","name-supports","","","ok","компактный серый павильон-вход метро, читается"
"transport_minecraft-airport-terminal-build_mc-mod_x.schematic","Minecraft Airport Terminal Build","transport","station|tiny","9x6x22","607","mc-mod","good","ok","","ok","","","franchise|meta-word-in-name","name-supports","","","ok","стеклянный зал терминала с телетрапами, читается"
"transport_modern-gas-station-with-shop-and-tankers_mc-mod_x.schematic","Modern Gas Station With Shop and Tankers","transport","large|modern|shop|station","76x17x119","21284","mc-mod","good","ok","","ok","","","","name-supports","","","ok","широкие навесы АЗС с колонками на большой площадке, читается"
"public_airfield-and-barracks-structure_mc-mod_x.schematic","Airfield and Barracks Structure","transport","medium","47x16x134","11553","mc-mod","good","misfit","transport","ok","","","meta-word-in-name","name-elsewhere","transport","","mismatch","ряд арочных ангаров вдоль полосы; к общественным не относится"
"transport_wooden-platform-for-ravines-and-cliffs_mc-mod_x.schematic","Wooden Platform for Ravines and Cliffs","transport","tiny","27x10x7","241","mc-mod","good","ok","","ok","","","","name-supports","","","ok","небольшой деревянный помост на сваях, читается"
"transport_small-gas-station-with-custom-blocks_mc-mod_x.schematic","Small Gas Station With Custom Blocks","transport","shop|small|station","16x6x30","612","mc-mod","good","ok","","ok","","","","name-conflict","commercial","words→commercial, image→ok","ok","красный киоск и плита навеса АЗС, читается"
"transport_obsidian-runway-build_mc-mod_x.schematic","Obsidian Runway Build","transport","small","135x2x13","1105","mc-mod","good","ok","","ok","","","meta-word-in-name","name-silent","","","ok","длинная тёмная полоса с огнями, читается"
"transport_long-cargo-platform_mc-mod_x.schematic","Long Cargo Platform","transport","tiny","3x4x7","26","mc-mod","partial","ok","","extra","-car","extra:car","non-building-in-name","name-supports","","","minor","крошечная плита из 26 блоков; ни длины, ни груза, ни машины"
"transport_modern-fueling-station_mc-mod_1.19.2.schem","Modern Fueling Station","transport","medium|modern|station","52x18x38","7253","mc-mod","good","ok","","ok","","","","name-supports","","","ok","здание заправки с парковкой и прудом, современное, читается"
"transport_castiamc-lobby-platform-build_mc-mod_x.schematic","CastiaMC Lobby Platform Build","decor","medium|tall","29x45x32","5992","mc-mod","wrong","misfit","decor","ok","","","meta-word-in-name|non-real/fantasy|text","name-supports","","","mismatch","парящее сердце-остров из блоков, а не лобби-платформа"
"transport_16x16-plains-train-station_mc-mod_1.21.1.nbt","16×16 Plains Train Station","transport","small|station","16x9x16","641","mc-mod","good","ok","","ok","","","","name-supports","","","ok","перрон с навесом и рельсами в прерии, читается"
"transport_ancient-mayan-depot-house_mc-mod_1.20.4.schem","Ancient Mayan Depot House","transport","house|small|station","15x16x16","313","mc-mod","good","ok","","ok","","extra:station","non-real/fantasy","name-elsewhere","residential","words→residential, image→ok","ok","ступенчатое депо в майяском духе, читается"
"transport_minecart-dropper-station_mc-mod_x.schematic","Minecart Dropper Station","transport","small|station","26x19x9","933","mc-mod","partial","ok","","extra","-car","extra:car","","name-supports","","","minor","серый механизм выгрузки вагонеток; на станцию тянет слабо"
"transport_modern-wi-fi-station-tower_mc-mod_x.schematic","Modern Wi-Fi Station Tower","transport","modern|small|station|tower","17x27x17","149","mc-mod","good","ok","","ok","","","","name-supports","","","ok","красная мачта с тарелками и опорами, читается"
"transport_customs-station-building_mc-mod_1.17.1.schem","Customs Station Building","transport","medium|station","37x27x21","8659","mc-mod","good","ok","","ok","","","","name-supports","","","ok","большой каменный корпус таможни под коричневой крышей, читается"
"transport_minecraft-fire-station-and-football-field_mc-mod_1.19.4.schem","Minecraft Fire Station and Football Field","public","medium|station","89x20x63","1745","mc-mod","partial","misfit","public","ok","","","empty|franchise","name-supports","","","mismatch","редкие мелкие фрагменты на тёмной плите; пожарка не транспорт"
"waterfront_small-fishing-boat-with-storage_mc-mod_x.schematic","Small Fishing Boat with Storage","waterfront","boat|small","22x16x33","3382","mc-mod","good","ok","","extra","-shop","","","name-elsewhere","commercial","words→commercial, image→ok","minor","рыбацкое судно у причала на воде; лавки не видно"
"waterfront_lostsea-ocean-village-with-ships_mc-mod_x.schematic","LostSea Ocean Village with Ships","waterfront","boat|house|huge","124x37x117","254470","mc-mod","good","ok","","ok","","","","name-elsewhere","residential","words→residential, image→ok","ok","остров с зеленью и кораблями вокруг, читается"
"waterfront_asian-style-dock_mc-mod_x.schematic","Asian Style Dock","waterfront","small|water","32x14x21","1177","mc-mod","partial","ok","","extra","-boat","extra:boat","","name-supports","","","minor","ступенчатая крыша причала над водой; лодки не видно"
"waterfront_trading-ship-small-creative-build_mc-mod_x.schematic","Trading Ship – Small Creative Build","waterfront","boat|large|tall","114x83x48","76528","mc-mod","good","ok","","extra","-shop","","meta-word-in-name","name-elsewhere","commercial","words→commercial, image→ok","minor","большой парусный галеон; торговли и лавки не видно"
"waterfront_diagonal-port-structure_mc-mod_x.schematic","Diagonal Port Structure","waterfront","medium|tall","43x45x48","9309","mc-mod","good","ok","","ok","","","meta-word-in-name","name-elsewhere","transport","words→transport, image→ok","ok","портовое здание на скалах у воды, читается"
"waterfront_axiumsa-luxury-liner-modern-yacht_mc-mod_x.schematic","AxiumSA Luxury Liner – Modern Yacht","waterfront","boat|medium|modern","21x23x69","9014","mc-mod","good","ok","","ok","","","","name-elsewhere","vehicles","words→vehicles, image→ok","ok","крупный белый круизный лайнер, современный, читается"
"waterfront_corvette-tuna-naval-cannon-ship_mc-mod_x.schematic","Corvette Tuna Naval Cannon Ship","waterfront","boat|small","28x12x17","667","mc-mod","good","ok","","ok","","","","name-elsewhere","vehicles","words→vehicles, image→ok","ok","малый серый боевой катер, читается"
"waterfront_moderate-size-dock-with-chests_mc-mod_x.schematic","Moderate Size Dock with Chests","waterfront","small|water","32x12x28","908","mc-mod","good","ok","","extra","-boat","extra:boat","","name-supports","","","minor","Г-образный причал-платформа; лодки рядом нет"
"waterfront_imposing-flying-ship-design_mc-mod_x.schematic","Imposing Flying Ship Design","waterfront","boat|large|tall","33x70x89","7851","mc-mod","good","ok","","ok","","","fantasy","name-elsewhere","vehicles","words→vehicles, image→ok","minor","летучий парусник с парусами; сказочно, но корабль читается"
"waterfront_coastal-port-village_mc-mod_x.schematic","Coastal Port Village","waterfront","house|small","22x18x17","3693","mc-mod","good","ok","","ok","","","","name-supports","","","ok","плотная прибрежная застройка на утёсе, читается"
"waterfront_gretjoy-boat-build_mc-mod_x.schematic","Gretjoy Boat Build","waterfront","boat|large|tall","75x52x51","4633","mc-mod","good","ok","","ok","","","meta-word-in-name","name-elsewhere","vehicles","words→vehicles, image→ok","ok","парусник с серыми парусами, читается"
"waterfront_german-train-ferry-preussen-1909-ship-recreation_mc-mod_x.schematic","German Train Ferry Preussen 1909 Ship Recreation","waterfront","boat|huge|tall","196x75x35","108570","mc-mod","good","ok","","ok","","","","name-elsewhere","vehicles","words→vehicles, image→ok","ok","белый железнодорожный паром с фермами, читается"
"waterfront_modern-port-town_mc-mod_1.15.2.schem","Modern Port Town","waterfront","medium|modern","54x34x32","11587","mc-mod","partial","ok","","ok","","","","name-elsewhere","transport","words→transport, image→ok","minor","один голубой сарай на набережной, а не портовый город"
"waterfront_luxury-yacht-quartz-block-design_mc-mod_x.schematic","Luxury Yacht – Quartz Block Design","waterfront","boat|small","7x14x22","427","mc-mod","good","ok","","ok","","","","name-elsewhere","vehicles","words→vehicles, image→ok","ok","малая белая яхта из кварца, читается"
"waterfront_oak-sailing-ship_mc-mod_x.schematic","Oak Sailing Ship","waterfront","boat|small","30x23x11","898","mc-mod","good","ok","","extra","-tree","","","name-elsewhere","vehicles","words→vehicles, image→ok","minor","малая деревянная шхуна; живого дерева рядом нет"
"waterfront_modern-vip-yacht_mc-mod_x.schematic","Modern VIP Yacht","waterfront","boat|medium|modern","77x23x15","12462","mc-mod","good","ok","","ok","","","","name-elsewhere","vehicles","words→vehicles, image→ok","ok","крупная белая ВИП-яхта, современная, читается"
"waterfront_fishermans-hut-with-boat_mc-mod_x.schematic","Fisherman’s Hut with Boat","waterfront","small","26x10x14","907","mc-mod","partial","ok","","extra","-boat","","","name-elsewhere","vehicles","words→vehicles, image→ok","minor","хижина с фонарями на воде; лодка не различима"
"waterfront_three-masted-sailing-ship_mc-mod_x.schematic","Three-Masted Sailing Ship","waterfront","boat|medium","13x26x49","2781","mc-mod","good","ok","","ok","","","","name-elsewhere","vehicles","words→vehicles, image→ok","ok","трёхмачтовый парусник на воде, читается"
"waterfront_sloop-boat_mc-mod_x.schematic","Sloop Boat","waterfront","boat|medium|tall","48x54x15","3547","mc-mod","good","ok","","ok","","","","name-elsewhere","vehicles","words→vehicles, image→ok","ok","парусный шлюп с мачтами и серыми парусами на воде, читается"
"waterfront_ancient-roman-galley-ship_mc-mod_x.schematic","Ancient Roman Galley Ship","waterfront","boat|medium","42x24x31","4689","mc-mod","good","ok","","ok","","","","name-elsewhere","vehicles","words→vehicles, image→ok","ok","галера с вёслами по бортам и парусом на синей подставке, читается"
"waterfront_small-fishing-trawler-boat_mc-mod_x.schematic","Small Fishing Trawler Boat","waterfront","boat|small","22x28x12","373","mc-mod","partial","ok","","extra","-shop","","","name-elsewhere","commercial","words→commercial, image→ok","minor","небольшое судно под серым навесом на стойках; лавки не видно"
"waterfront_chinese-junk-ship_mc-mod_x.schematic","Chinese Junk Ship","waterfront","boat|medium","17x31x49","4851","mc-mod","good","ok","","ok","","","","name-elsewhere","vehicles","words→vehicles, image→ok","ok","джонка с тремя мачтами и светлыми парусами на воде, читается"
"public_minecraft-vet-clinic-building_mc-mod_x.schematic","Minecraft Vet Clinic Building","public","hospital|medium","38x25x46","5541","mc-mod","good","ok","","ok","","","franchise","name-supports","","","ok","современный корпус с красной полосой и голубым бассейном, читается"
"vehicles_futuristic-police-space-vehicle_mc-mod_x.schematic","Futuristic Police Space Vehicle","vehicles","modern|small","11x9x24","589","mc-mod","good","ok","","ok","","extra:modern","","name-elsewhere","public","words→public, image→ok","ok","футуристичный красно-серый полицейский аппарат с кабиной, читается"
"public_small-town-hall_mc-mod_x.schematic","Small Town Hall","public","medium","56x40x24","22284","mc-mod","good","ok","","extra","-shop","","","name-conflict","commercial","words→commercial, image→ok","minor","представительный корпус с внутренним двором и террасами; лавок нет"
"public_stone-library-outpost_mc-mod_x.schematic","Stone Library Outpost","public","small","13x14x13","500","mc-mod","partial","ok","","extra","-library","","","name-supports","","","minor","глухой ступенчатый каменный куб без окон; библиотеки не видно"
"public_yandere-high-school-insane-rooms_mc-mod_x.schematic","Yandere High School: Insane Rooms","public","tiny","5x5x11","212","mc-mod","partial","ok","","extra","-school","","franchise","name-supports","","","minor","два красных отсека-камеры; школы вокруг не видно"
"public_fallout-drive-in-movie-theater_mc-mod_x.schematic","Fallout Drive-In Movie Theater","public","tiny","3x10x16","172","mc-mod","partial","ok","","ok","","","franchise","name-supports","","","minor","светлая стена-экран и две тёмные тумбы; площадки кино нет"
"public_small-prison-structure_mc-mod_x.schematic","Small Prison Structure","public","medium","89x11x30","12939","mc-mod","good","ok","","extra","-shop","","meta-word-in-name","name-conflict","commercial","words→commercial, image→ok","minor","длинный красный корпус с двором и рядами камер; лавок нет"
"vehicles_prison-transport-bus-for-police_mc-mod_x.schematic","Prison Transport Bus For Police","vehicles","tiny","13x6x5","123","mc-mod","good","ok","","ok","","","non-building-in-name","name-conflict","public","words→public, image→ok","ok","серый тюремный автобус с тёмными окнами и жёлтой дверью, читается"
"public_old-town-hall_mc-mod_x.schematic","Old Town Hall","public","large|tall","104x63x60","19059","mc-mod","good","ok","","ok","","","","name-supports","","","ok","историческая ратуша с башней под серой черепичной крышей, читается"
"public_enchanted-library-building_mc-mod_1.14.4.schematic","Enchanted Library Building","public","library|medium","39x36x39","12468","mc-mod","good","ok","","ok","","","","name-supports","","","ok","каменный купольный корпус с башенками, под библиотеку подходит"
"public_minecraft-theatre-stage-design_mc-mod_x.schematic","Minecraft Theatre Stage Design","public","medium","41x19x78","27769","mc-mod","good","ok","","ok","","","franchise","name-supports","","","ok","светлый театральный корпус с красными витражами и крыльцом, читается"
"public_prison-mining-outpost_mc-mod_x.schematic","Prison Mining Outpost","public","large","76x79x83","69011","mc-mod","partial","ok","","extra","-tall","","","name-supports","","","minor","кольцевой карьер со стенами и деревьями; тюрьмы не видно"
"public_courthouse-design_mc-mod_x.schematic","Courthouse Design","public","medium","49x28x42","9618","mc-mod","good","ok","","extra","-house","extra:house","","name-supports","","","minor","красно-белый суд с портиком и ступенями; не жилой дом"
"public_cozy-village-library_mc-mod_1.16.5.schem","Cozy Village Library","public","house|library|small","20x12x17","1412","mc-mod","good","ok","","ok","","","","name-supports","","","ok","уютный деревенский домик с черепичной крышей и крыльцом, читается"
"public_ancient-greek-theatre_mc-mod_x.schematic","Ancient Greek Theatre","public","large|tall","94x45x59","8761","mc-mod","good","ok","","ok","","","","name-supports","","","ok","полукруглые ряды античных трибун дугой, читаются"
"public_mastermind-prison-mine_mc-mod_x.schematic","Mastermind Prison Mine","public","huge","78x67x119","36117","mc-mod","wrong","ok","","extra","-tall","","","name-supports","","","mismatch","плоская серая плита сверху; ни шахты, ни тюрьмы не видно"
"public_server-town-hall-building_mc-mod_x.schematic","Server Town Hall Building","public","medium","32x32x32","7621","mc-mod","good","ok","","ok","","","","name-supports","","","ok","бело-красный классический корпус с крестовой крышей, читается"
"public_repaired-stronghold-with-libraries_mc-mod_1.20.1.schem","Repaired Stronghold With Libraries","public","large","118x26x139","29715","mc-mod","good","ok","","ok","","","","name-silent","","","ok","разветвлённые серые коридоры крепости на чёрном фоне, читаются"
"public_wooden-amphitheatre-structure_mc-mod_1.16.3.schem","Wooden Amphitheatre Structure","public","medium","63x25x70","8274","mc-mod","good","ok","","ok","","","meta-word-in-name","name-supports","","","ok","деревянная арена с рядами и световыми дорожками, читается"
"vehicles_prisoner-transport-truck-vehicle_mc-mod_x.schematic","Prisoner Transport Truck Vehicle","vehicles","car|tiny","5x4x9","74","mc-mod","good","ok","","ok","","extra:car","non-building-in-name","name-supports","","","ok","крошечный красно-серый автозак с жёлтыми фарами, читается"
"public_britain-s-got-talent-theatre-with-interior_mc-mod_1.16.5.schem","Britain’s Got Talent Theatre with Interior","public","large|tall","82x50x76","91212","mc-mod","partial","ok","","ok","","","franchise","name-supports","","","minor","глухая коричневая коробка без признаков театра и интерьера"
"public_simple-jail-structure_mc-mod_x.schematic","Simple Jail Structure","public","tiny","6x6x6","83","mc-mod","partial","ok","","ok","","","meta-word-in-name","name-silent","","","minor","крошечный двухцветный куб без решёток и двери; камер не видно"
"public_quartz-town-hall-versatile-design_mc-mod_x.schematic","Quartz Town Hall – Versatile Design","public","medium","46x17x30","4384","mc-mod","good","ok","","ok","","","","name-supports","","","ok","белый кварцевый зал с колоннадой и красной дорожкой, читается"
"public_ancient-mayan-amphitheater-structure_mc-mod_1.20.1.schem","Ancient Mayan Amphitheater Structure","public","medium","33x22x25","3063","mc-mod","good","ok","","ok","","","meta-word-in-name|non-real/fantasy","name-supports","","","ok","каменное кольцо арены с зелёным полем и факелами, читается"
"public_bedrock-prison-structure_mc-mod_1.16.4.schem","Bedrock Prison Structure","public","tiny","7x4x8","162","mc-mod","partial","ok","","ok","","","meta-word-in-name","name-supports","","","minor","малый красный бокс с двумя окнами; тюремного не видно"
"public_simple-town-hall-design_mc-mod_x.schematic","Simple Town Hall Design","public","medium","23x27x29","2787","mc-mod","good","ok","","ok","","","","name-supports","","","ok","деревянный зал со стеклянным коньком и фонарями, читается"
"public_covid-19-testing-town-hall-center_mc-mod_x.schematic","Covid 19 Testing Town Hall Center","public","small","14x15x16","679","mc-mod","good","ok","","ok","","","","name-supports","","","ok","малый серый павильон с голубой окантовкой, под пункт подходит"
"public_corner-cinema-and-houses_mc-mod_1.14.4.schem","Corner Cinema and Houses","public","house|medium","38x32x51","17310","mc-mod","good","ok","","ok","","","","name-supports","","","ok","угловой современный корпус со стеклянной крышей и балконами, читается"
"public_basic-city-hall-for-small-towns_mc-mod_1.15.2.schem","Basic City Hall for Small Towns","public","medium","32x28x30","6848","mc-mod","good","ok","","extra","-shop","","","name-conflict","commercial","words→commercial, image→ok","minor","нарядная мэрия с колоннами и фонарями; лавок нет"
"public_grand-performance-theatre_mc-mod_1.14.4.schem","Grand Performance Theatre","public","large|tall","80x66x67","40683","mc-mod","good","ok","","ok","","","","name-supports","","","ok","парадный коричневый театр с колоннами и лепниной, читается"
"vehicles_european-style-prison-bus_mc-mod_1.18.1.schem","European Style Prison Bus","vehicles","large","84x38x40","9177","mc-mod","wrong","ok","","ok","","","non-building-in-name","name-supports","","","mismatch","на превью ландшафт с дорогой и деревьями, автобуса не видно"
"public_hermitcraft-season-7-town-hall-replica_mc-mod_1.16.5.schem","Hermitcraft Season 7 Town Hall Replica","public","medium|tall","50x45x41","13652","mc-mod","good","ok","","ok","","","franchise","name-supports","","","ok","кирпичная ратуша с куполом и башней, читается"
"public_french-town-hall-building_mc-mod_1.16.5.schem","French Town Hall Building","public","medium","77x16x53","10101","mc-mod","good","ok","","ok","","","","name-supports","","","ok","современная мэрия с парковкой и газоном, читается"
"public_simple-courthouse-design-v2_mc-mod_1.16.5.schem","Simple Courthouse Design V2","public","medium","36x12x38","1566","mc-mod","partial","ok","","extra","-house","extra:house","meta-word-in-name","name-supports","","","minor","белый павильон с окнами в крыше; на суд и дом не тянет"
"public_town-hall-building-2_mc-mod_1.17.1.schem","Grand Town Hall","public","large|tall","76x51x38","16521","mc-mod","good","ok","","ok","","","","name-supports","","","ok","огромная нарядная ратуша с башнями и красной крышей, читается"
"public_village-town-hall-building_mc-mod_x.schematic","Village Town Hall Building","public","house|small","18x10x16","949","mc-mod","good","ok","","ok","","","","name-supports","","","ok","малый серый домик с красной отделкой и крыльцом, читается"
"industrial_diorite-stone-factory-2605-blocks_mc-mod_1.21.1.nbt","Diorite Stone Factory – 2605 Blocks","industrial","small","41x8x21","2036","mc-mod","good","ok","","ok","","","","name-supports","","","ok","серый цех с печами и конвейерами, название и размер читаются"
"industrial_industrial-warehouse-building_mc-mod_x.schematic","Industrial Warehouse Building","industrial","large","76x20x148","27864","mc-mod","good","ok","","extra","-house","extra:house","","name-supports","","","minor","большой стальной склад-ангар, на дом не тянет"
"towers_rustic-water-tower_mc-mod_1.16.3.schem","Rustic Water Tower","towers","small|tower","11x22x13","669","mc-mod","good","ok","","ok","","","","name-supports","","","ok","деревянная водонапорная башня на опорах, читается"
"industrial_fallout-3-style-grain-silo_mc-mod_x.schematic","Fallout 3 Style Grain Silo","industrial","small","13x22x13","556","mc-mod","good","ok","","ok","","","franchise","name-supports","","","ok","высокий деревянный силос с ледяной отделкой, читается"
"industrial_small-industrial-factory-structure_mc-mod_x.schematic","Small Industrial Factory Structure","industrial","small","22x32x19","1171","mc-mod","good","ok","","extra","-shop","","meta-word-in-name","name-supports","","","minor","цех со стеклянной крышей, витрины магазина не видно"
"industrial_granite-concrete-factory-8286-blocks_mc-mod_1.21.1.nbt","Granite Concrete Factory – 8286 Blocks","industrial","medium","29x14x55","7300","mc-mod","good","ok","","ok","","","","name-supports","","","ok","длинный бетонный корпус без окон, читается как цех"
"industrial_village-warehouse-structure_mc-mod_x.schematic","Village Warehouse Structure","industrial","house|small","31x18x18","2737","mc-mod","good","ok","","ok","","","meta-word-in-name","name-conflict","residential","words→residential, image→ok","ok","деревянный амбар с красной отделкой, читается"
"towers_solarpunk-quartz-tower_mc-mod_1.20.1.schem","Solarpunk Quartz Tower","towers","large|tall|tower","35x232x35","13562","mc-mod","good","ok","","ok","","","","name-supports","","","ok","белый шпиль высотой за двести блоков, читается"
"industrial_modern-water-mill-structure_mc-mod_x.schematic","Modern Water Mill Structure","industrial","small","17x37x17","1414","mc-mod","partial","ok","","extra","-modern","","meta-word-in-name","name-supports","","","minor","деревянный ветряк со стеклами, на modern не тянет"
"industrial_spacious-industrial-warehouse-building_mc-mod_x.schematic","Spacious Industrial Warehouse Building","industrial","huge","98x29x237","40448","mc-mod","good","ok","","extra","-house","extra:house","","name-supports","","","minor","длинный открытый каркас склада, читается"
"industrial_stone-brick-factory-building_mc-mod_1.20.1.nbt","Stone Brick Factory Building","industrial","small","16x11x28","1794","mc-mod","good","ok","","ok","","","","name-supports","","","ok","серая коробка с окнами и плоской крышей, читается"
"industrial_industrial-warehouse-storage-facility_mc-mod_x.schematic","Industrial Warehouse Storage Facility","industrial","large","100x24x155","31351","mc-mod","good","ok","","extra","-house","extra:house","","name-supports","","","minor","большая база хранения с рядами боксов, читается"
"industrial_minecraft-lumber-mill-structure_mc-mod_x.schematic","Minecraft Lumber Mill Structure","industrial","tiny","9x11x19","684","mc-mod","good","ok","","ok","","","franchise|meta-word-in-name","name-supports","","","ok","открытая деревянная лесопилка, читается"
"industrial_industrial-pipe-with-pressure-gauge_mc-mod_x.schematic","Industrial Pipe with Pressure Gauge","industrial","tiny","13x23x5","540","mc-mod","good","ok","","ok","","","","name-supports","","","ok","серая труба с вентилем, читается как узел"
"industrial_warehouse-7-industrial-building_mc-mod_x.schematic","Warehouse 7 Industrial Building","industrial","large","157x18x105","30693","mc-mod","good","ok","","extra","-house","extra:house","","name-supports","","","minor","огромный склад с красной подсветкой крыши, читается"
"bridges_industrial-style-bridge_mc-mod_x.schematic","Industrial Style Bridge","bridges","bridge|medium","85x19x13","2574","mc-mod","good","ok","","ok","","","","name-supports","","","ok","красный фермовый мост, читается"
"industrial_industrial-factory-hall_mc-mod_x.schematic","Industrial Factory Hall","industrial","medium|tall","29x58x62","7135","mc-mod","good","ok","","ok","","","","name-supports","","","ok","длинный цех с трубой, читается"
"industrial_create-mod-birch-lumber-mill-and-factory_mc-mod_1.21.1.nbt","Create Mod Birch Lumber Mill and Factory","industrial","small","16x22x16","1062","mc-mod","good","ok","","extra","-tree","","","name-supports","","","minor","серый цех с трубой, деревьев рядом нет"
"industrial_rustic-wood-workshop_mc-mod_x.schematic","Rustic Wood Workshop","decor","large|tall","69x87x70","65191","mc-mod","wrong","misfit","decor","extra","-shop","extra:shop","fantasy","name-supports","","","mismatch","летающий остров со стеклом вместо мастерской"
"industrial_abandoned-textile-mill-structure_mc-mod_x.schematic","Abandoned Textile Mill Structure","industrial","medium","44x24x57","41032","mc-mod","good","ok","","ok","","","meta-word-in-name","name-supports","","","ok","серый фабричный комплекс на грунте, читается"
"industrial_create-mod-basic-workshop_mc-mod_1.21.1.nbt","Create Mod Basic Workshop","industrial","shop|small","16x12x16","555","mc-mod","good","ok","","ok","","extra:shop","","name-supports","","","ok","маленькая хижина с ящиками, читается"
"industrial_create-mod-andesite-factory_mc-mod_1.21.1.nbt","Create Mod Andesite Factory","industrial","small","15x33x15","2034","mc-mod","partial","ok","","ok","","","","name-supports","","","minor","бежевый офисный блок, цеха снаружи не видно"
"industrial_mega-clothing-store-with-workshop_mc-mod_1.14.4.schem","Mega Clothing Store With Workshop","industrial","medium|shop|tall","33x41x21","8348","mc-mod","good","ok","","ok","","","","name-conflict","commercial","words→commercial, image→ok","ok","бело-коричневый корпус с витринами, читается"
"industrial_create-16x16-andesite-alloy-factory_mc-mod_1.21.1.nbt","Create 16×16 Andesite Alloy Factory","industrial","small","16x29x16","2243","mc-mod","partial","ok","","ok","","","","name-supports","","","minor","красно-серый высотный блок, на цех похож слабо"
"industrial_aik-foundry-structure_mc-mod_1.14.4.schem","AIK Foundry Structure","industrial","medium|tall","29x60x36","61258","mc-mod","partial","ok","","ok","","","meta-word-in-name","name-supports","","","minor","глухой бежевый куб, признаков литейни нет"
"industrial_factory-build-v3_mc-mod_1.20.1.nbt","Factory Build V3","industrial","large|tall","84x57x81","24644","mc-mod","good","ok","","ok","","","meta-word-in-name","name-supports","","","ok","коричневый промкомплекс с трубами, читается"
"industrial_advanced-syngas-industrial-complex_mc-mod_x.schematic","Advanced Syngas Industrial Complex","industrial","medium","89x18x47","18268","mc-mod","good","ok","","extra","-car","extra:car","","name-supports","","","minor","длинный светлый склад, машин рядом нет"
"industrial_create-mod-gravel-factory-16x16_mc-mod_1.21.1.nbt","Create Mod Gravel Factory 16×16","industrial","small","16x15x16","894","mc-mod","good","ok","","ok","","","","name-supports","","","ok","два серых корпуса с трубой, читается"
"industrial_create-mod-andesite-factory-16x16-taiga_mc-mod_1.21.1.nbt","Create Mod Andesite Factory 16×16 Taiga","industrial","small","16x33x16","2895","mc-mod","partial","ok","","ok","","","","name-supports","","","minor","тёмный дом-башня, на цех не похож"
"industrial_industrial-style-modern-house_mc-mod_1.14.4.schem","Industrial Style Modern House","residential","house|medium|modern|tall","30x42x31","9071","mc-mod","good","misfit","residential","ok","","","","name-supports","","","mismatch","серый современный дом-офис, промзоне не место"
"industrial_create-mod-andesite-factory-in-16x16-chunk_mc-mod_1.21.1.nbt","Create Mod Andesite Factory In 16×16 Chunk","industrial","small","15x34x15","2126","mc-mod","partial","ok","","ok","","","","name-supports","","","minor","серо-коричневый офисный блок, цеха не видно"
"industrial_industrial-style-house_mc-mod_1.14.4.schem","Industrial Style House","commercial","medium|tall","30x60x31","12542","mc-mod","partial","misfit","commercial","extra","-house","","","name-supports","","","mismatch","стеклянная офисная башня, а не дом"
"industrial_industrial-factory-building-4_mc-mod_1.14.4.schem","Stone Brick Industrial Factory","public","medium","20x27x34","4762","mc-mod","wrong","misfit","public","ok","","","","name-supports","","","mismatch","азиатский павильон с фонарями, а не фабрика"
"commercial_rustic-farmhouse-shop_mc-mod_x.schematic","Rustic Farmhouse & Shop","commercial","house|shop|small","33x15x28","2766","mc-mod","good","ok","","ok","","extra:house","non-building-in-name","name-supports","","","ok","дом с пирамидальной крышей и каналом, читается"
"residential_town-layout-with-plots-for-houses-and-markets_mc-mod_x.schematic","Town Layout with Plots for Houses and Markets","residential","large","130x11x144","4237","mc-mod","good","ok","","extra","-house -shop","","","name-supports","","","minor","пустая сетка улиц под застройку, домов пока нет"
"commercial_modern-mcdonalds-restaurant-with-exterior_mc-mod_x.schematic","Modern McDonald’s Restaurant With Exterior","commercial","medium|modern","35x21x44","2854","mc-mod","good","ok","","ok","","","franchise","name-supports","","","ok","голубой ресторан с парковкой, читается"
"commercial_union-bank-building_mc-mod_x.schematic","Union Bank Building","commercial","bank|huge|tall","85x173x45","610233","mc-mod","good","ok","","ok","","","","name-supports","","","ok","высокая голубая башня банка, читается"
"commercial_classical-greek-market_mc-mod_1.21.schem","Classical Greek Market","commercial","large|shop|tall","75x46x75","11314","mc-mod","good","ok","","ok","","","","name-supports","","","ok","греческий храм с колоннадой, читается как рынок"
"commercial_unique-treehouse-restaurant_mc-mod_x.schematic","Unique Treehouse Restaurant","commercial","house|small","15x8x17","961","mc-mod","wrong","ok","","extra","-tree","extra:house","","name-conflict","decor","words→decor, image→ok","mismatch","плоская коробка без дерева и домика на нём"
"commercial_the-x-mall_mc-mod_1.16.4.schem","The X Mall","commercial","shop|small","20x20x21","2488","mc-mod","good","ok","","ok","","","","name-supports","","","ok","белый куб с голубой вывеской, читается как молл"
"commercial_witchs-potion-shop-house_mc-mod_x.schematic","Witch’s Potion Shop House","commercial","house|small","17x21x21","1985","mc-mod","partial","ok","","extra","-shop","","fantasy|non-real/fantasy","name-supports","","","minor","деревянный домик с витражом читается, ведьмовского и лавки не видно"
"commercial_fallout-3-diner-restaurant-build_mc-mod_x.schematic","Fallout 3 Diner Restaurant Build","commercial","tiny","17x6x14","499","mc-mod","good","ok","","ok","","","franchise|meta-word-in-name","name-supports","","","minor","приземистый дайнер с плоской крышей, читается; отсылка к игре"
"commercial_gold-bank-vault-tower_mc-mod_x.schematic","Gold Bank Vault Tower","commercial","bank|small","16x15x11","1087","mc-mod","partial","ok","","extra","-tower","","","name-supports","","","minor","кубовидное хранилище, золота и башни не видно"
"commercial_modern-shopping-mall_mc-mod_1.14.4.schem","Modern Shopping Mall","commercial","medium|modern|tall","43x41x33","13257","mc-mod","partial","ok","","extra","-shop","","","name-supports","","","minor","стеклянный офисный блок с садом на крыше, скорее офис чем молл"
"commercial_birch-blacksmith-shop_mc-mod_x.schematic","Birch Blacksmith Shop","commercial","shop|tiny","7x6x10","276","mc-mod","partial","ok","","extra","-tree","","fantasy|non-real/fantasy","name-supports","","","minor","маленькая лавка с плоской крышей, кузни и березы не видно"
"commercial_seabubbles-cafe-building_mc-mod_x.schematic","Seabubbles Cafe Building","commercial","tiny","14x10x14","417","mc-mod","good","ok","","ok","","","","name-supports","","","ok","компактное кафе с красной крышей, читается"
"commercial_blacksmith-shop-structure_mc-mod_x.schematic","Blacksmith Shop Structure","commercial","shop|tiny","7x6x10","276","mc-mod","partial","ok","","ok","","","fantasy|meta-word-in-name|non-real/fantasy","name-supports","","","minor","маленькая лавка с красным карнизом, кузня не читается"
"commercial_joes-diner-restaurant_mc-mod_x.schematic","Joe’s Diner Restaurant","commercial","tiny","16x9x13","929","mc-mod","good","ok","","ok","","","","name-supports","","","ok","коричневый дайнер со столиками у входа, читается"
"commercial_brick-blacksmith-shop_mc-mod_x.schematic","Brick Blacksmith Shop","commercial","shop|tiny","7x6x10","276","mc-mod","partial","ok","","ok","","","fantasy|non-real/fantasy","name-supports","","","minor","маленькая лавка с красным цоколем, кузнечного не видно"
"commercial_modern-fast-food-restaurant_mc-mod_x.schematic","Modern Fast Food Restaurant","commercial","small","18x24x25","960","mc-mod","partial","ok","","extra","-modern","","","name-supports","","","minor","длинный деревянный корпус с трубой, на модерн не похож"
"commercial_blacksmith-shop-npc_mc-mod_x.schematic","Blacksmith Shop NPC","commercial","shop|tiny","7x6x10","276","mc-mod","partial","ok","","ok","","","fantasy|non-real/fantasy","name-supports","","","minor","та же маленькая лавка, персонажа и кузни не видно"
"commercial_mcdonalds-restaurant-with-play-area_mc-mod_x.schematic","McDonald’s Restaurant with Play Area","commercial","large","55x24x67","7239","mc-mod","partial","ok","","missing","+large -medium","","","name-supports","","","minor","крупный комплекс с оградой, вывесок и игрового двора не разобрать"
"commercial_blacksmith-shop-in-jungle-setting_mc-mod_x.schematic","Blacksmith Shop in Jungle Setting","commercial","shop|tiny","7x6x10","276","mc-mod","partial","ok","","ok","","","fantasy|non-real/fantasy","name-supports","","","minor","та же маленькая лавка, джунглей вокруг нет"
"commercial_spanish-italian-fusion-restaurant_mc-mod_x.schematic","Spanish Italian Fusion Restaurant","commercial","medium","35x30x36","3381","mc-mod","good","ok","","ok","","","","name-supports","","","ok","длинный ресторан со стеклом и башенкой, читается"
"commercial_oak-blacksmith-shop_mc-mod_x.schematic","Oak Blacksmith Shop","commercial","shop|tiny","7x6x10","276","mc-mod","partial","ok","","extra","-tree","","fantasy|non-real/fantasy","name-supports","","","minor","маленькая лавка без дуба и кузни, деревьев нет"
"commercial_mcdonalds-restaurant-building_mc-mod_x.schematic","McDonald’s Restaurant Building","commercial","medium","29x15x36","2794","mc-mod","good","ok","","ok","","","","name-supports","","","ok","белый корпус с мачтой-вывеской, на ресторан похож"
"commercial_blacksmith-shop-sandstone-design_mc-mod_x.schematic","Blacksmith Shop – Sandstone Design","commercial","shop|tiny","7x6x10","276","mc-mod","partial","ok","","ok","","","fantasy|non-real/fantasy","name-supports","","","minor","маленькая лавка с песочным навесом, кузня не читается"
"commercial_restaurant-bar-towers_mc-mod_1.14.2.schematic","Restaurant Bar Towers","commercial","medium|tall|tower","20x92x41","13680","mc-mod","good","ok","","ok","","","","name-supports","","","ok","две стеклянные высотки с подсветкой, читаются"
"commercial_spruce-blacksmith-shop_mc-mod_x.schematic","Spruce Blacksmith Shop","commercial","shop|tiny","7x6x10","276","mc-mod","partial","ok","","extra","-tree","","fantasy|non-real/fantasy","name-supports","","","minor","та же маленькая лавка, ели и кузни не видно"
"commercial_mcdonalds-restaurant_mc-mod_x.schematic","McDonalds Restaurant","commercial","small","18x16x28","3441","mc-mod","good","ok","","ok","","","","name-supports","","","ok","белый павильон с красной полосой, читается"
"commercial_blacksmith-shop-exterior_mc-mod_x.schematic","Blacksmith Shop Exterior","commercial","shop|tiny","7x6x10","276","mc-mod","partial","ok","","ok","","","fantasy|non-real/fantasy","name-supports","","","minor","маленькая лавка, виден лишь фасад без кузни"
"commercial_small-minecraft-bakery-shop_mc-mod_x.schematic","Small Minecraft Bakery Shop","commercial","shop|tiny","5x4x10","76","mc-mod","partial","ok","","ok","","","franchise","name-supports","","","minor","крошечный прилавок-навес, на пекарню похоже слабо"
"commercial_restaurant-building_mc-mod_x.schematic","Restaurant Building","commercial","medium|pool","35x36x27","1686","mc-mod","good","ok","","missing","+pool","","","name-supports","","","minor","террасный корпус с бассейном сбоку, бассейн в тегах пропущен"
"commercial_gucci-store_mc-mod_x.schematic","Gucci Store","commercial","shop|small","21x17x12","727","mc-mod","good","ok","","ok","","","","name-supports","","","ok","компактный светлый бутик с витриной, читается"
"towers_quartz-gold-modern-office-tower_mc-mod_x.schematic","Quartz Gold Modern Office Tower","towers","medium|modern|office|tall|tower","17x98x33","22594","mc-mod","partial","ok","","ok","","","","name-supports","","","minor","тонкая высокая плита, офиса и золота не разобрать"
"public_cobblestone-and-glass-portal-towers_mc-mod_x.schematic","Cobblestone and Glass Portal Towers","towers","large|tall|tower","74x71x92","28350","mc-mod","good","misfit","towers","ok","","","","name-elsewhere","towers","","mismatch","две башни из булыжника со стеклом, это башни а не общественное"
"towers_abandonedcraft-fortress-tower_mc-mod_x.schematic","Abandonedcraft Fortress Tower","towers","large|tall|tower","28x125x49","30854","mc-mod","partial","ok","","extra","-castle-like","","fantasy|non-real/fantasy","name-supports","","","minor","арочная высотка без крепостных черт, замкового нет"
"towers_big-bend-skyscraper-600m-tall_mc-mod_x.schematic","Big Bend Skyscraper 600m Tall","towers","huge|tall|tower","170x184x32","184334","mc-mod","good","ok","","ok","","","","name-supports","","","ok","арочный небоскреб-перемычка, узнаваем и читается"
"towers_desert-tower-with-enchanting-room_mc-mod_x.schematic","Desert Tower with Enchanting Room","towers","medium|tall|tower","33x56x26","4432","mc-mod","partial","ok","","ok","","","fantasy","name-supports","","","minor","коричневая шипастая башня с огнями, пустыни не видно"
"public_rustic-village-with-longhouse-and-towers_mc-mod_x.schematic","Rustic Village with Longhouse and Towers","residential","house|large|tower","68x28x75","21060","mc-mod","good","misfit","residential","ok","","","","name-elsewhere","residential","","mismatch","деревня с частоколом и домами, жилое а не общественное"
"public_desert-water-temple-with-symmetrical-towers_mc-mod_x.schematic","Desert Water Temple With Symmetrical Towers","public","large|tower|water","59x19x59","19943","mc-mod","good","ok","","missing","+water +large -medium","","","name-supports","","","minor","квадратный храм с бассейнами и башнями, вода и размер не в тегах"
"towers_block-showcase-tower-with-mini-biomes_mc-mod_x.schematic","Block Showcase Tower with Mini Biomes","decor","large","97x23x98","50275","mc-mod","wrong","misfit","decor","extra","-tower","","","name-supports","","","mismatch","плоская полосатая платформа, башни и биомов нет"
"towers_steampunk-skyscraper-model_mc-mod_1.19.3.schem","Steampunk Skyscraper Model","towers","huge|tall|tower","53x251x56","28420","mc-mod","good","ok","","ok","","","fantasy|non-real/fantasy","name-supports","","","minor","темная клепаная высотка, стимпанк читается"
"towers_crusader-style-small-tower_mc-mod_x.schematic","Crusader Style Small Tower","towers","small|tower","11x22x11","853","mc-mod","partial","ok","","extra","-shop","","fantasy","name-conflict","commercial","words→commercial, image→ok","minor","приземистый павильон с пирамидальной крышей, лавки нет"
"towers_steampunk-skyscraper-model-4_mc-mod_1.19.3.schem","Steampunk Skyscraper Model 4","towers","huge|tall|tower","44x251x50","35644","mc-mod","good","ok","","ok","","","fantasy|non-real/fantasy","name-supports","","","minor","темная башня с красным основанием, стимпанк читается"
"towers_stone-tower-with-automatic-lighting_mc-mod_x.schematic","Stone Tower with Automatic Lighting","towers","tiny|tower","7x16x7","332","mc-mod","good","ok","","ok","","","","name-supports","","","ok","каменная башенка с фонарем наверху, читается"
"towers_steampunk-skyscraper-model-5-tower_mc-mod_1.19.3.schem","Steampunk Skyscraper Model 5 Tower","towers","huge|tall|tower","48x273x47","51498","mc-mod","good","ok","","ok","","","fantasy|non-real/fantasy","name-supports","","","minor","круглая клепаная башня на синем цоколе, читается"
"towers_eiffel-tower_mc-mod_x.schematic","Eiffel Tower","towers","huge|tall|tower","65x193x65","23853","mc-mod","good","ok","","ok","","","","name-supports","","","ok","ажурная башня с подсветкой и флагом, узнаваема"
"towers_tower-trivia-game-show_mc-mod_x.schematic","Tower Trivia Game Show","commercial","medium","26x30x37","4816","mc-mod","partial","misfit","commercial","extra","-tower","","","name-supports","","","mismatch","низкий студийный блок с креслами, на башню не похож"
"towers_enchanted-end-stone-brick-tower_mc-mod_x.schematic","Enchanted End Stone Brick Tower","towers","medium|tall|tower","17x67x17","632","mc-mod","good","ok","","ok","","","fantasy|non-real/fantasy","name-supports","","","minor","светлая башня из эндер-камня с подсветкой, читается"
"towers_maxs-tower-outpost_mc-mod_x.schematic","Max’s Tower Outpost","towers","small|tower","13x16x13","622","mc-mod","good","ok","","ok","","","","name-supports","","","ok","компактная каменная сторожевая башня с зубцами, читается отлично"
"towers_big-ben-clock-tower-replica-oak-birch-build_mc-mod_x.schematic","Big Ben Clock Tower Replica – Oak & Birch Build","towers","medium|tall|tower","21x100x24","4676","mc-mod","good","ok","","extra","-tree","","meta-word-in-name","name-supports","","","minor","высокая коричневая часовая башня; деревьев рядом нет"
"residential_small-storage-house-2_mc-mod_x.schematic","Small Storage House","residential","house|small","7x256x7","320","mc-mod","good","ok","","extra","-shop -tall","","","name-conflict","commercial","words→commercial, image→ok","minor","крошечный кубический склад с окном и стеклянной крышей; магазина нет"
"residential_spacious-modern-mansion-estate_mc-mod_x.schematic","Spacious Modern Mansion Estate","residential","house|large|modern|pool","73x15x62","19612","mc-mod","good","ok","","extra","-medium +large +pool","","","name-supports","","","minor","огромный П-образный современный комплекс с бассейном; никакой не medium"
"residential_modern-quartz-and-dirt-residence_mc-mod_x.schematic","Modern Quartz and Dirt Residence","residential","house|modern|pool|small","39x11x31","5750","mc-mod","good","ok","","extra","-apartment +house +pool","","","name-supports","","","minor","белый модерновый дом с бассейном; скорее house, чем apartment"
"residential_medium-town-house-with-three-floors_mc-mod_x.schematic","Medium Town House with Three Floors","residential","house|medium","29x22x58","4023","mc-mod","good","ok","","ok","","","","name-supports","","","ok","трёхэтажный коричневый дом с грядками, читается хорошо"
"residential_medium-brick-cottage-house_mc-mod_x.schematic","Medium Brick Cottage House","residential","house|medium","41x23x47","6180","mc-mod","good","ok","","ok","","","","name-supports","","","ok","кирпичный дом с забором и садом, читается хорошо"
"residential_modern-house-design-with-soartex-textures_mc-mod_x.schematic","Modern House Design with Soartex Textures","residential","house|medium|modern","31x58x29","5279","mc-mod","good","ok","","extra","-tall","","non-building-in-name","name-supports","","","minor","модерновый дом с плоской крышей и окнами; высоким не выглядит"
"residential_small-decorative-town-house_mc-mod_x.schematic","Small Decorative Town House","residential","house|small","16x8x24","667","mc-mod","good","ok","","extra","-shop","","","name-conflict","commercial","words→commercial, image→ok","minor","белый компактный домик у воды; витрины магазина нет"
"residential_starter-cottage-oak-quartz_mc-mod_x.schematic","Starter Cottage – Oak & Quartz","residential","house|small","19x11x28","1889","mc-mod","good","ok","","extra","-tree","","","name-supports","","","minor","два маленьких домика с прудом; деревьев не видно"
"residential_large-estate-house_mc-mod_x.schematic","Large Estate House","residential","house|large","35x22x17","3562","mc-mod","good","ok","","extra","-small +large","","","name-supports","","","minor","крупный дом со ступенчатой крышей; тег small ошибочен"
"residential_furnished-brick-townhouse_mc-mod_x.schematic","Furnished Brick Townhouse","residential","house|medium","31x16x40","5821","mc-mod","good","ok","","ok","","extra:house","","name-supports","","","ok","ступенчатый кирпичный дом в несколько этажей, читается"
"residential_cozy-small-wooden-cottage_mc-mod_x.schematic","Cozy Small Wooden Cottage","residential","house|small","30x31x26","8643","mc-mod","good","ok","","extra","-shop -medium +small","","","name-conflict","commercial","words→commercial, image→ok","minor","заснеженный деревянный коттедж; магазина нет, он small"
"residential_snowy-small-house_mc-mod_x.schematic","Snowy Small House","residential","house|tiny","15x5x14","461","mc-mod","partial","ok","","extra","-shop","","","name-conflict","commercial","words→commercial, image→ok","minor","белый павильон с внутренним двором; на жилой дом похоже слабо"
"residential_spacious-modern-mansion-with-furnished-interior_mc-mod_x.schematic","Spacious Modern Mansion with Furnished Interior","residential","house|large|modern|tall","63x43x50","17048","mc-mod","good","ok","","ok","","","","name-supports","","","ok","просторный тёмный особняк с высокой крышей, читается"
"residential_contemporary-residence-schematic_mc-mod_x.schematic","Contemporary Residence Schematic","residential","house|modern|small","21x14x21","1243","mc-mod","good","ok","","extra","-apartment +house","","meta-word-in-name","name-supports","","","minor","ступенчатый коричневый дом; скорее house, чем apartment"
"residential_condensed-townhouse-compound-structure_mc-mod_x.schematic","Condensed Townhouse Compound Structure","residential","house|huge","251x20x203","208838","mc-mod","good","ok","","ok","","extra:house","meta-word-in-name","name-supports","","","ok","огромный квартал домов с бассейном, читается отлично"
"residential_rustic-log-cabin-house_mc-mod_x.schematic","Rustic Log Cabin House","residential","house|medium|tall","14x35x41","5570","mc-mod","partial","ok","","missing","+tall","","","name-supports","","","minor","высокий блочный дом, на уютную хижину похож слабо"
"residential_small-house-with-kitchen-and-shower_mc-mod_x.schematic","Small House With Kitchen and Shower","residential","house|small","41x76x52","14033","mc-mod","good","ok","","extra","-large -shop -tall +small","","","name-conflict","commercial","words→commercial, image→ok","minor","компактный домик со рвом; ни large, ни tall, ни shop"
"residential_large-three-story-mansion_mc-mod_x.schematic","Large Three-Story Mansion","residential","house|large|tall","62x69x62","34343","mc-mod","good","ok","","ok","","","","name-supports","","","ok","большой бело-красный особняк с бассейном, читается"
"residential_large-modern-villa-residence_mc-mod_x.schematic","Large Modern Villa Residence","residential","house|large|modern","45x12x31","2764","mc-mod","good","ok","","extra","-apartment -medium +large","","","name-supports","","","minor","раскидистая белая вилла; apartment и medium лишние"
"residential_cozy-town-house-with-hay-roof_mc-mod_x.schematic","Cozy Town House with Hay Roof","residential","house|small","19x12x13","1248","mc-mod","partial","ok","","ok","","","","name-supports","","","minor","открытый павильон на столбах; стен нет, крыша не похожа на солому"
"residential_birch-cottage-house-with-furnishings_mc-mod_x.schematic","Birch Cottage House with Furnishings","residential","house|small","30x19x19","2455","mc-mod","good","ok","","extra","-tree","","","name-supports","","","minor","деревянный коттедж с верандой; деревьев рядом нет"
"residential_cozy-hillside-house_mc-mod_x.schematic","Cozy Hillside House","residential","house|medium|tall","33x48x33","4652","mc-mod","partial","ok","","ok","","","","name-supports","","","minor","крупный фрагмент остроконечной крыши; дом целиком не читается"
"residential_small-villa-house-with-storage_mc-mod_x.schematic","Small Villa House with Storage","residential","house|medium","63x33x57","33062","mc-mod","good","ok","","extra","-shop","","","name-supports","","","minor","большой дом с высокой крышей; магазина не видно"
"residential_modern-villa-residence-dirt-white-concrete_mc-mod_x.schematic","Modern Villa Residence – Dirt & White Concrete","residential","apartment|house|medium|modern","55x25x33","24777","mc-mod","partial","ok","","ok","","","","name-supports","","","minor","плоская белая вилла с бассейном и двором, сверху читается слабо"
"residential_rustic-country-cottage_mc-mod_x.schematic","Rustic Country Cottage","residential","house|small","25x16x23","1565","mc-mod","good","ok","","ok","","","","name-supports","","","ok","деревенский домик на сваях со стеклянной крышей, читается"
"residential_rustic-3-story-mansion_mc-mod_x.schematic","Rustic 3-Story Mansion","residential","house|large|tall","39x57x55","18229","mc-mod","good","ok","","ok","","","","name-supports","","","ok","П-образный коричневый особняк с фонтаном, читается"
"residential_small-brick-townhouse-with-jack-o-lanterns_mc-mod_1.19.2.schem","Small Brick Townhouse With Jack-o-Lanterns","residential","house|small","13x24x22","2796","mc-mod","good","ok","","extra","-shop","extra:house","","name-supports","","","minor","красно-белый многоэтажный дом; магазина нет"
"residential_spruce-log-cabin-house_mc-mod_x.schematic","Spruce Log Cabin House","residential","house|medium","42x37x35","9829","mc-mod","good","ok","","extra","-tree","","","name-supports","","","minor","большой бревенчатый дом; деревьев рядом не видно"
"residential_asian-style-house-with-furnished-interior_mc-mod_x.schematic","Asian Style House with Furnished Interior","residential","house|medium","30x29x25","4487","mc-mod","good","ok","","ok","","","","name-supports","","","ok","дом в азиатском стиле с фонарями, читается"
"residential_modern-blue-villa_mc-mod_x.schematic","Modern Blue Villa","residential","house|medium|modern","58x30x56","12587","mc-mod","good","ok","","ok","","","","name-supports","","","ok","серый особняк с забором и садом, читается"
"public_new-york-style-townhouses-with-pool_mc-mod_1.19.4.schem","New York Style Townhouses With Pool","residential","house|medium|pool|water","48x25x47","11281","mc-mod","good","misfit","residential","ok","","extra:house","","name-elsewhere","residential","","mismatch","красные дома с бассейном и дорогой; не public, а жилые"
"residential_cozy-woodcutter-s-cottage_mc-mod_x.schematic","Cozy Woodcutter’s Cottage","residential","house|small","21x13x16","747","mc-mod","partial","ok","","ok","","","","name-supports","","","minor","крупный фрагмент бревенчатого сруба, общий вид не читается"
"residential_modern-two-story-house-over-pond_mc-mod_x.schematic","Modern Two-Story House Over Pond","residential","house|medium|modern|pool|water","62x23x63","45103","mc-mod","good","ok","","ok","","extra:pool","","name-supports","","","ok","белая вилла на пруду с фонарями, читается отлично"
"residential_modern-mansion-with-fire-safety-upgrades_mc-mod_x.schematic","Modern Mansion with Fire Safety Upgrades","residential","house|medium|modern","63x32x48","17046","mc-mod","good","ok","","ok","","","","name-supports","","","ok","крупный коричневый особняк с высокой крышей, читается"
"vehicles_snowy-house-and-vehicles_mc-mod_1.21.1.nbt","Snowy House and Vehicles","vehicles","car|house|medium","74x16x97","3328","mc-mod","good","ok","","missing","+car","","","name-elsewhere","residential","words→residential, image→ok","minor","современный дом с машинами вокруг; тег car отсутствует"
"parks_piston-fountain-small-garden-feature_mc-mod_x.schematic","Piston Fountain – Small Garden Feature","parks","fountain|park|tiny|water","7x11x7","230","mc-mod","good","ok","","extra","-shop","","","name-conflict","commercial","words→commercial, image→ok","minor","крошечный поршневой фонтан в каменной чаше, читается; магазин тут лишний"
"parks_mini-hedge-maze-with-cave-entrance_mc-mod_x.schematic","Mini Hedge Maze With Cave Entrance","parks","park|small|water","20x15x18","1625","mc-mod","good","ok","","missing","+park +water","","","name-elsewhere","decor","words→decor, image→ok","minor","живой лабиринт с водными дорожками, читается; не хватает тегов парка и воды"
"parks_small-town-square_mc-mod_x.schematic","Small Town Square","parks","huge|park|shop|tall","73x256x64","21597","mc-mod","partial","ok","","ok","","extra:park","","name-elsewhere","commercial","words→commercial, image→ok","minor","квартал домиков на зелёном поле; сама площадь выражена слабо"
"parks_rustic-farmhouse-with-garden-and-pond_mc-mod_x.schematic","Rustic Farmhouse with Garden and Pond","residential","house|medium|park|pool|water","37x29x52","11943","mc-mod","good","misfit","residential","ok","","extra:house extra:pool","non-building-in-name","name-supports","","","mismatch","деревенский дом с садом и фонарями; это жильё, а не парк"
"parks_sea-creature-park-megalodon-whale_mc-mod_x.schematic","Sea Creature Park Megalodon Whale","parks","medium|park","52x26x62","71810","mc-mod","wrong","ok","","ok","","","","name-supports","","","mismatch","два пустых бетонных бассейна, кита-мегалодона не видно"
"parks_small-garden-oasis_mc-mod_x.schematic","Small Garden Oasis","parks","medium|park|tall","35x46x24","2364","mc-mod","partial","ok","","extra","-shop","","","name-conflict","commercial","words→commercial, image→ok","minor","садик с грядками и высокой колонной; магазин лишний"
"parks_village-fountain_mc-mod_x.schematic","Village Fountain","parks","fountain|small|water","13x13x17","831","mc-mod","good","ok","","extra","-house","","","name-elsewhere","residential","words→residential, image→ok","minor","каменный фонтан с водопадами, читается; дома рядом нет"
"parks_soviet-style-city-square_mc-mod_x.schematic","Soviet Style City Square","parks","park|small","32x13x23","1296","mc-mod","partial","ok","","ok","","extra:park","","name-silent","","","minor","серый колонный павильон; советского и площади не видно"
"parks_two-cubes-modern-house-with-garden-pool_mc-mod_x.schematic","Two Cubes Modern House With Garden Pool","residential","house|modern|park|pool|small|water","20x17x18","1803","mc-mod","good","misfit","residential","ok","","","","name-supports","","","mismatch","белый куб-модерн с садом; жилой дом, а не парк"
"parks_park-ball-structure_mc-mod_x.schematic","Park Ball Structure","parks","medium|park","41x14x39","4096","mc-mod","good","ok","","ok","","","meta-word-in-name","name-supports","","","ok","кольцо зелени с красным центром, мяч читается"
"parks_creeper-head-fountain_mc-mod_x.schematic","Creeper Head Fountain","parks","fountain|small|water","14x15x14","813","mc-mod","partial","ok","","ok","","","","name-elsewhere","decor","words→decor, image→ok","minor","белый куб над водной чашей; морды крипера не видно"
"parks_simple-minecraft-tree_mc-mod_x.schematic","Simple Minecraft Tree","parks","tiny|tree","8x12x6","153","mc-mod","partial","ok","","ok","","","franchise","name-elsewhere","industrial","words→industrial, image→ok","minor","одинокий ствол без кроны; дерево угадывается слабо"
"parks_gothic-square-structure_mc-mod_1.20.1.schem","Gothic Square Structure","parks","fountain|large|park","91x29x91","14299","mc-mod","partial","ok","","missing","+fountain","extra:park","meta-word-in-name","name-silent","","","minor","круглая площадь с центральным монументом; готики не видно"
"parks_olive-garden-restaurant-salt-lake-city_mc-mod_1.16.5.schem","Olive Garden Restaurant Salt Lake City","commercial","shop|small","26x10x41","2843","mc-mod","good","misfit","commercial","missing","+shop -park","","","name-supports","","","mismatch","бежевый ресторанный корпус с парковкой; к паркам не относится"
"parks_playground-park-for-minecrafty-town_mc-mod_1.19.4.schem","Playground Park for Minecrafty Town","parks","park|small","18x9x16","122","mc-mod","partial","ok","","ok","","","franchise","name-supports","","","minor","абстрактные горки-лазалки в раме; площадка угадывается"
"parks_survival-sphere-house-and-garden_mc-mod_x.schematic","Survival Sphere House and Garden","parks","house|large|park|tall","70x50x69","27477","mc-mod","partial","ok","","ok","","","","name-supports","","","minor","стеклянная сфера-купол на траве; дома и сада внутри не видно"
"parks_spanish-moss-oak-tree_mc-mod_x.schematic","Spanish Moss Oak Tree","parks","small|tree","20x19x21","236","mc-mod","partial","ok","","ok","","","","name-elsewhere","decor","words→decor, image→ok","minor","голые коричневые ветви без листвы и мха"
"parks_cozy-brick-home-with-garden-and-storage_mc-mod_x.schematic","Cozy Brick Home with Garden and Storage","residential","house|medium","44x18x31","3871","mc-mod","partial","misfit","residential","extra","-park","","","name-supports","","","mismatch","длинный кирпичный корпус с окнами; жильё, а не парк"
"parks_medium-palm-tree-with-cocoa-pods_mc-mod_x.schematic","Medium Palm Tree With Cocoa Pods","parks","tiny|tree","10x14x10","36","mc-mod","partial","ok","","ok","","","","name-elsewhere","decor","words→decor, image→ok","minor","коричневый ствол со светлыми гроздьями; пальмовых листьев нет"
"parks_tropical-palm-tree_mc-mod_x.schematic","Tropical Palm Tree","parks","tiny|tree","7x9x4","38","mc-mod","partial","ok","","ok","","","empty","name-elsewhere","decor","words→decor, image→ok","minor","огрызок ствола из пары блоков без кроны"
"parks_rustic-garden-shed_mc-mod_x.schematic","Rustic Garden Shed","parks","tiny","12x8x7","124","mc-mod","wrong","ok","","extra","-park","","","name-supports","","","mismatch","коричневая ступенчатая глыба; сарай и сад не читаются"
"parks_small-oak-decorative-tree_mc-mod_x.schematic","Small Oak Decorative Tree","parks","tiny|tree","10x13x11","101","mc-mod","partial","ok","","extra","-shop","","","name-elsewhere","commercial","words→commercial, image→ok","minor","коричневый ствол без кроны; магазина нет"
"parks_small-tree-decoration_mc-mod_x.schematic","Small Tree Decoration","parks","tiny|tree","5x10x7","11","mc-mod","partial","ok","","extra","-shop","","almost-empty|empty","name-elsewhere","commercial","words→commercial, image→ok","minor","прутик-рогатка из пары блоков; декор едва читается"
"parks_3tris-modern-garden-structure_mc-mod_x.schematic","3Tri’s Modern Garden Structure","parks","medium|modern","47x37x50","5002","mc-mod","partial","ok","","extra","-park","","meta-word-in-name","name-supports","","","minor","три белые пилонные башни на плитке; сада не видно"
"parks_decorative-lantern-tree_mc-mod_x.schematic","Decorative Lantern Tree","parks","tiny|tree","10x11x11","65","mc-mod","good","ok","","ok","","","","name-elsewhere","decor","words→decor, image→ok","ok","кубическое дерево с фонарями, читается"
"parks_cozy-house-with-garden-and-garage_mc-mod_x.schematic","Cozy House with Garden and Garage","residential","house|tiny","13x12x10","977","mc-mod","partial","misfit","residential","extra","-park -parking","extra:parking","","name-supports","","","mismatch","видна лишь ступенчатая крыша домика; гаража и сада нет"
"parks_japanese-garden-house-spruce-dark-oak_mc-mod_x.schematic","Japanese Garden House – Spruce & Dark Oak","parks","house|medium|park|tree","54x23x56","8179","mc-mod","good","ok","","ok","","","","name-supports","","","ok","остров с японскими крышами и садом, читается"
"parks_massive-tree-structure_mc-mod_x.schematic","Massive Tree Structure","commercial","medium","39x11x48","4306","mc-mod","wrong","misfit","commercial","extra","-tree","","meta-word-in-name","name-elsewhere","decor","words→decor, image→commercial","mismatch","плоский складской корпус с фонарями; дерева нет вовсе"
"parks_large-romantic-tree_mc-mod_x.schematic","Large Romantic Tree","parks","medium|tall|tree","42x44x44","14885","mc-mod","good","ok","","ok","","","","name-elsewhere","decor","words→decor, image→ok","ok","белое дерево с фонарями на террасе, читается"
"parks_custom-birch-tree-decoration_mc-mod_x.schematic","Custom Birch Tree Decoration","parks","tiny|tree","8x25x8","39","mc-mod","partial","ok","","ok","","","","name-elsewhere","decor","words→decor, image→ok","minor","голый тёмный ствол; берёзы и листвы не видно"
"intersections_intersection-road_mcbuild_x.schem","Intersection Road","intersections","medium|road","171x1x171","29241","mcbuild","good","ok","","ok","","","","name-supports","","","ok","разметка перекрёстка на зелени, читается"
"intersections_sewer-template-intersection-shape_mcbuild_x.schem","Sewer Template Intersection Shape","intersections","","47x6x47","1923","mcbuild","good","ok","","extra","-small","","meta-word-in-name","name-supports","","","minor","иксообразный тоннельный узел; на small не тянет"
"intersections_drive-on-the-right-dual-simplex-minecart-track-intersectio_mcbuild_x.schem","Drive on the Right Dual Simplex Minecart Track Intersection","intersections","medium","33x34x67","26897","mcbuild","good","ok","","extra","-car","extra:car","","name-supports","","","minor","рельсовые развилки на плитах; машин тут нет"
"intersections_intersection_mcbuild_x.schem","Intersection","intersections","medium","65x10x65","4372","mcbuild","good","ok","","ok","","","","name-supports","","","ok","декоративный перекрёсток с фонарями, читается"
"intersections_stoplight_mcbuild_x.schem","Stoplight","intersections","tiny","3x9x3","65","mcbuild","good","ok","","ok","","","","name-supports","","","ok","голова светофора на тумбе, читается"
"roads_ride-road-build_buildschematics_x.schematic","Ride Road Build","decor","large|tall","186x82x10","13336","buildschematics","wrong","misfit","decor","extra","-road","","meta-word-in-name|text","name-supports","","","mismatch","проволочная надпись вместо дороги; это текст-арт"
"intersections_wild-west-crossroad_mcbuild_x.schem","Wild West Crossroad","commercial","large","68x30x69","12735","mcbuild","partial","misfit","commercial","extra","-road","extra:road","","name-supports","","","mismatch","вестерн-квартал домиков; перекрёстка не видно"
"roads_road-b-normal-two-way-street_mcbuild_x.schem","Road B (Normal two-way street)","roads","road|tiny","10x8x15","210","mcbuild","good","ok","","extra","-tree","","","name-supports","","","minor","прямой участок дороги с тротуарами и жёлтыми фонарями; деревьев не видно"
"roads_cobble-towny-road-system_mcbuild_x.schem","Cobble Towny Road System","roads","huge|road","80x12x80","7006","mcbuild","good","ok","","missing","+huge -medium","","","name-supports","","","minor","большая булыжная дорожная сетка с газонами и фонарями; явно крупнее medium"
"roads_decorative-street-lamp_mcbuild_x.schem","Decorative Street Lamp.","roads","small","17x7x34","266","mcbuild","good","ok","","extra","-tree -road","","","name-conflict","decor","words→decor, image→ok","minor","несколько декоративных фонарных столбов; ни дороги, ни деревьев нет"
"roads_terraced-shop-with-sidewalk_buildschematics_x.schematic","Terraced Shop with Sidewalk","commercial","medium|shop","29x23x33","4054","buildschematics","good","misfit","commercial","extra","-car","extra:car","","name-supports","","","mismatch","красное кирпичное торговое здание с тротуаром; это коммерция, не дорога"
"vehicles_bus-stop_mcbuild_x.schem","Bus Stop","transport","tiny","5x7x8","99","mcbuild","good","misfit","transport","ok","","","duplicate-name|non-building-in-name","name-supports","","","mismatch","маленький навес остановки со скамьёй; не техника, а транспортная инфраструктура"
"vehicles_bus-stop_mcbuild_x-2.schem","bus stop","transport","tiny","16x7x10","305","mcbuild","good","misfit","transport","ok","","","duplicate-name|non-building-in-name","name-supports","","","mismatch","навес остановки с лавками и урнами; относится к транспорту, не к технике"
"vehicles_bus-stop_mcbuild_x-3.schem","bus stop","transport","small","15x6x25","235","mcbuild","good","misfit","transport","ok","","","duplicate-name|non-building-in-name","name-supports","","","mismatch","длинная платформа остановки с навесом; категория скорее transport"
"transport_minecraft-airport-runway_buildschematics_x.nbt","Minecraft Airport Runway","transport","huge","283x2x13","7127","buildschematics","good","ok","","missing","+huge -small","","franchise","name-supports","","","minor","длинная серая полоса взлётки; размер явно не small"
"transport_airport_mcbuild_x.schem","Airport","transport","huge","81x35x229","160078","mcbuild","good","ok","","ok","","","","name-supports","","","ok","крупный аэровокзал с ангарами и перроном, читается"
"public_modern-hospital-building_buildschematics_x.schematic","Modern Hospital Building","public","hospital|modern|small","20x16x32","3452","buildschematics","good","ok","","ok","","","","name-supports","","","ok","белый корпус с красными крестами, больница читается"
"public_two-story-hospital-building_buildschematics_x.schematic","Two-Story Hospital Building","public","hospital|medium","63x17x35","11923","buildschematics","good","ok","","ok","","","","name-supports","","","ok","краснокирпичный двухэтажный корпус с парковкой, больница"
"public_huge-modern-hospital_mcbuild_x.schem","Huge Modern Hospital!","public","hospital|huge|modern|tall","65x103x78","58176","mcbuild","good","ok","","ok","","","","name-supports","","","ok","высокий белый больничный корпус, крупный и высокий"
"public_hospital_mcbuild_x.schem","Hospital","public","hospital|medium","34x20x31","6163","mcbuild","good","ok","","ok","","","","name-supports","","","ok","серая больница с красным крестом и вертолётной площадкой H"
"transport_police-station-with-jail_buildschematics_x.schematic","Police Station With Jail","public","large|station|tall","49x69x39","49777","buildschematics","partial","misfit","public","ok","","","","name-supports","","","mismatch","белый административный блок без вывесок; участок скорее public"
"transport_city-police-station-building_buildschematics_x.schematic","City Police Station Building","public","small|station","25x17x32","4132","buildschematics","partial","misfit","public","ok","","","","name-supports","","","mismatch","краснокирпичное здание с парковкой без вывески; участок неявный"
"transport_police-station-modern-police-station_mcbuild_x.schem","Police Station | Modern Police Station","public","medium|modern|station","26x38x41","5680","mcbuild","partial","misfit","public","ok","","","","name-supports","","","mismatch","серый современный офисный блок без вывески; к transport не относится"
"transport_police-station-complete-version_mcbuild_x.schem","Police Station - complete version","public","medium|station","42x19x29","8207","mcbuild","partial","misfit","public","ok","","","","name-supports","","","mismatch","стеклянное административное здание; вывески участка нет"
"transport_police-station_mcbuild_x.schem","Police Station","public","medium|station","45x14x45","6661","mcbuild","good","misfit","public","ok","","","","name-supports","","","mismatch","здание с крупной надписью POLICE и парковкой, читается"
"transport_fire-station-building_buildschematics_x.schematic","Fire Station Building","public","medium|station","45x40x45","5977","buildschematics","good","misfit","public","ok","","","","name-supports","","","mismatch","светлое депо с красными воротами и пожарной машиной, читается"
"transport_fire-station-house_buildschematics_x.schematic","Fire Station House","public","large|station","99x31x121","46228","buildschematics","partial","misfit","public","extra","-house","","","name-supports","","","mismatch","крупный комплекс с вертолётной площадкой; на жилой дом не похоже"
"transport_fire-station_mcbuild_x.schem","Fire Station","public","large|station","110x29x55","31610","mcbuild","partial","misfit","public","ok","","","duplicate-name","name-supports","","","mismatch","бежевый комплекс депо с плоскими крышами; пожарная специфика неявная"
"transport_fire-station_mcbuild_x-2.schem","Fire Station","public","medium|station","45x40x45","5967","mcbuild","good","misfit","public","ok","","","duplicate-name","name-supports","","","mismatch","то же светлое депо с машиной; похоже на дубликат соседнего объекта"
"public_equipped-firestation_mcbuild_x.schem","equipped-firestation","public","large|station","99x31x121","44475","mcbuild","partial","ok","","ok","","extra:station","","name-elsewhere","transport","words→transport, image→ok","minor","тот же крупный комплекс с площадкой; категория public здесь верная"
"transport_fire-station_mcbuild_x-3.schem","Fire station","public","medium|station|tall","20x69x27","7189","mcbuild","partial","misfit","public","ok","","","duplicate-name","name-supports","","","mismatch","узкая высокая башня-каланча; признаки депо неявные"
"public_sims-3-style-city-hall_buildschematics_x.schematic","Sims 3 Style City Hall","public","large|tall","67x52x40","14228","buildschematics","good","ok","","ok","","","franchise","name-supports","","","minor","белый классический сити-холл с башней; Sims в имени — франшиза"
"public_city-hall_mcbuild_x.schem","City Hall","public","medium","36x27x29","5783","mcbuild","good","ok","","ok","","","","name-supports","","","ok","классический холл с колоннами и стеклянной крышей, читается"
"public_town-hall_mcbuild_x.schem","Town hall","public","medium","32x32x32","7621","mcbuild","good","ok","","ok","","","","name-supports","","","ok","коричнево-красный таун-холл с мансардной крышей, читается"
"public_theater_mcbuild_x.schem","theater","public","medium","48x32x50","11175","mcbuild","partial","ok","","ok","","","duplicate-name","name-supports","","","minor","длинный современный серый корпус; театральная функция неявная"
"public_greek-theater_mcbuild_x.schem","Greek Theater","public","medium","31x25x62","7525","mcbuild","good","ok","","ok","","","","name-supports","","","ok","белая колоннада с золотом в греческом стиле, читается"
"public_theater_mcbuild_x-2.schem","Theater","public","large","60x37x96","104571","mcbuild","good","ok","","ok","","","duplicate-name","name-supports","","","ok","крупный театральный комплекс с внутренним двором, читается"
"public_shakespears-theater_mcbuild_x.schem","Shakespears theater","public","small","26x12x33","3778","mcbuild","good","ok","","ok","","","","name-supports","","","ok","коричневый корпус с открытым двором в духе театра Глобус"
"public_modern-twin-cinema-building_buildschematics_x.schematic","Modern Twin Cinema Building","public","medium|modern","42x12x32","2596","buildschematics","partial","ok","","ok","","","","name-supports","","","minor","современное здание со слоистой крышей; вывесок кинотеатра нет"
"public_multi-room-cinema-with-concessions_buildschematics_x.schematic","Multi-Room Cinema with Concessions","public","large|medium","36x13x107","26813","buildschematics","partial","ok","","missing","+large","","","name-supports","","","minor","видна лишь плоская крыша длинного корпуса; фасад не читается"
"public_6-room-cinema_mcbuild_x.schem","6 Room Cinema","public","large|medium","36x13x107","24390","mcbuild","partial","ok","","missing","+large","","","name-supports","","","minor","та же плоская крыша длинного корпуса, фасад не виден"
"public_twin-cinema-complex_mcbuild_x.schem","Twin Cinema Complex","public","medium","42x12x32","2687","mcbuild","partial","ok","","ok","","","","name-supports","","","minor","бежево-голубое современное здание; признаки кинотеатра неявные"
"public_cinema_mcbuild_x.schem","Cinema","public","medium","31x15x38","6498","mcbuild","partial","ok","","ok","","","","name-supports","","","minor","глухая красная коробка без окон и вывесок; кинотеатр не читается"
"industrial_128ksu-power-plant-structure_buildschematics_x.nbt","128KSU Power Plant Structure","industrial","small","17x10x15","327","buildschematics","good","ok","","ok","","","meta-word-in-name","name-supports","","","ok","малая серая техно-конструкция электростанции, читается"
"industrial_massive-steam-power-plant_buildschematics_x.nbt","Massive Steam Power Plant","industrial","medium","45x36x42","20332","buildschematics","good","ok","","ok","","","","name-supports","","","ok","тёмный индустриальный корпус с трубами и оборудованием, читается"
"industrial_pixelmon-maze-power-plant_buildschematics_x.schematic","Pixelmon Maze Power Plant","industrial","medium|tall","38x45x66","25170","buildschematics","good","ok","","ok","","","franchise","name-supports","","","minor","серый корпус с вентиляцией; Pixelmon в имени — франшиза"
"industrial_256-block-power-plant-structure_buildschematics_x.nbt","256-Block Power Plant Structure","industrial","small","17x11x28","1202","buildschematics","good","ok","","ok","","","meta-word-in-name","name-supports","","","ok","серая техно-конструкция с синими энерголиниями, читается"
"industrial_power-plant_mcbuild_x.schem","Power Plant","industrial","large|tall","81x58x81","45850","mcbuild","good","ok","","ok","","","","name-supports","","","ok","градирня и корпуса станции на острове, читается"
"industrial_pixelmon-power-plant_mcbuild_x.schem","Pixelmon Power Plant","industrial","medium|tall","38x45x66","24432","mcbuild","good","ok","","ok","","","","name-supports","","","ok","тёмный корпус с тремя полосатыми трубами, читается"
"industrial_fallout-3-substation-v1-zth_mcbuild_x.schem","fallout 3 substation v1- zth","industrial","small|station","26x9x19","1393","mcbuild","partial","ok","","ok","","extra:station","franchise|meta-word-in-name","name-elsewhere","transport","words→transport, image→ok","minor","красный корпус подстанции; префикс франшизы и мусор в имени лишние"
"industrial_fallout-3-substation-v2-zth_mcbuild_x.schem","fallout 3 substation v2- zth","industrial","small|station","25x10x20","1523","mcbuild","partial","ok","","ok","","extra:station","franchise|meta-word-in-name","name-elsewhere","transport","words→transport, image→ok","minor","серая подстанция из четырёх ячеек; франшиза и версия в имени лишние"
"towers_barn-with-water-tower_mcbuild_x.schem","Barn with Water Tower","towers","small|tower","17x16x24","1302","mcbuild","partial","ok","","ok","","","","name-supports","","","minor","деревянный сарай виден, а водонапорка едва читается"
"towers_modern-water-tower_mcbuild_x.schem","Modern water tower","towers","medium|modern|tall|tower","25x52x25","3287","mcbuild","good","ok","","ok","","","","name-supports","","","ok","белый сферический бак на ажурной опоре, читается"
"towers_water-tower-by-iedgy_mcbuild_x.schem","Water Tower by iEdgy","towers","castle-like|medium|tall|tower","36x57x36","5719","mcbuild","partial","ok","","missing","+castle-like","","fantasy","name-supports","","","minor","ажурная синяя башня без резервуара, скорее фэнтези"
"public_double-sided-sony-logo-billboard_buildschematics_x.schematic","Double-Sided Sony Logo Billboard","decor","small","64x19x11","3029","buildschematics","good","misfit","decor","ok","","","non-building-in-name|text","name-elsewhere","decor","","mismatch","щит с объёмными буквами бренда; это декор, а не общественное здание"
"public_quot-do-you-even-shift-bro-quot-billboard_mcbuild_x.schem","""Do you even shift bro"" billboard","decor","medium|tall","49x41x13","5167","mcbuild","good","misfit","decor","ok","","","text","name-elsewhere","decor","","mismatch","чёрный щит с пиксельной надписью; по сути декор"
"public_large-billboard_mcbuild_x.schem","Large Billboard","decor","medium|tall","49x41x13","2717","mcbuild","partial","misfit","decor","ok","","","","name-elsewhere","decor","","mismatch","пустая решётчатая конструкция без полотна; декор, не общественное"
"decor_fallout-3-billboard-zth_mcbuild_x.schem","fallout 3 billboard- zth","decor","tiny","10x6x4","80","mcbuild","partial","ok","","ok","","","franchise","name-supports","","","minor","крошечная пустая табличка без надписи; франшиза лишь в имени"
"public_workbench_mcbuild_x.schem","WorkBench","decor","small","16x17x16","2042","mcbuild","good","misfit","decor","ok","","","","name-elsewhere","decor","","mismatch","гигантский верстак-куб; декор, а не общественное здание"
"public_toyland-fisherprice-workbench_mcbuild_x.schem","Toyland-FisherPrice Workbench","decor","medium","31x31x23","2887","mcbuild","good","misfit","decor","ok","","","franchise","name-elsewhere","decor","","mismatch","игрушечный пластиковый верстак; бренд в имени, это декор"
"transport_small-gas-station-and-store_buildschematics_x.schematic","Small Gas Station and Store","transport","shop|small|station","59x7x31","3415","buildschematics","partial","ok","","ok","","","","name-conflict","commercial","words→commercial, image→ok","minor","навес и ряды колонок сверху; магазин не читается"
"transport_gas-station_mcbuild_x.schem","Gas station","transport","medium|station","48x11x39","4266","mcbuild","good","ok","","ok","","","","name-supports","","","ok","заправка с навесом и павильоном, читается"
"transport_gas-station-3_mcbuild_x.schem","Gas Station 3","transport","large|station","76x17x119","21101","mcbuild","good","ok","","ok","","","","name-supports","","","ok","большой навес с рядами колонок, читается"
"transport_petrol-gas-station_mcbuild_x.schem","Petrol/ Gas station","transport","medium|station","43x15x66","6551","mcbuild","good","ok","","ok","","","","name-supports","","","ok","компактная заправка с навесом и колонками, читается"
"transport_sheetz-gas-station_mcbuild_x.schem","Sheetz Gas Station","transport","large|shop|station","107x23x136","25050","mcbuild","good","ok","","missing","+shop","","","name-supports","","","minor","крупный комплекс с магазином и парковкой; магазину нужен тег"
"public_art-school-building_buildschematics_x.schematic","Art School Building","public","medium|school","38x38x40","13429","buildschematics","partial","ok","","ok","","","","name-supports","","","minor","светлый павильон с круглой крышей; школьного не видно"
"public_german-school-building_buildschematics_x.schematic","German School Building","public","medium|school","50x34x70","29526","buildschematics","good","ok","","ok","","","","name-supports","","","ok","кирпичный корпус с внутренним двором, читается"
"public_pixelmon-school-building_buildschematics_x.schematic","Pixelmon School Building","public","huge|school|tall","118x62x105","50968","buildschematics","good","ok","","ok","","","franchise","name-supports","","","minor","кампус с башней и фонтаном; префикс игры в имени лишний"
"public_school_mcbuild_x.schem","School","public","medium|school","74x23x70","19049","mcbuild","good","ok","","ok","","","","name-supports","","","ok","современные корпуса с двором, читается"
"public_secondary-school-le_mcbuild_x.schem","Secondary School  - LE","public","church|medium","26x33x29","3757","mcbuild","wrong","ok","","extra","-school +church","","","name-supports","","","mismatch","на кадре деревянная церковь с башней, а не школа"
"public_small-soccer-stadium-build_buildschematics_x.schem","Small Soccer Stadium Build","public","large|stadium","97x27x65","10258","buildschematics","good","ok","","extra","-shop","","meta-word-in-name","name-conflict","commercial","words→commercial, image→ok","minor","поле с трибунами читается; магазинов нет"
"public_apocalyptic-prison-mine_buildschematics_x.schematic","Apocalyptic Prison Mine","public","huge|tall","138x66x104","75301","buildschematics","good","ok","","ok","","","","name-supports","","","ok","огороженный комплекс с корпусами и двором, читается"
"public_small-prison-building_buildschematics_x.schematic","Small Prison Building","public","medium","63x9x43","9440","buildschematics","partial","ok","","extra","-shop","","","name-conflict","commercial","words→commercial, image→ok","minor","глухая белая коробка без тюремных признаков; магазинов нет"
"public_desert-prison-structure_buildschematics_x.schematic","Desert Prison Structure","public","large|tall","42x74x42","93856","buildschematics","partial","ok","","ok","","","meta-word-in-name","name-supports","","","minor","коричневый куб с декором; тюремного не видно"
"public_sand-prison_mcbuild_x.schem","Sand Prison","public","large|tall","42x74x42","93843","mcbuild","partial","ok","","ok","","","","name-supports","","","minor","бежевый куб с декором, повтор соседней модели; тюрьмы не видно"
"public_jail-prison_mcbuild_x.schem","Jail/Prison","public","small|tall","8x256x6","318","mcbuild","partial","ok","","ok","","","","name-supports","","","minor","серая крошечная камера; высота 256 в кадре не читается"
"industrial_storage-warehouse_buildschematics_x.nbt","Storage Warehouse","industrial","medium","35x19x40","3405","buildschematics","good","ok","","extra","-house","extra:house","","name-supports","","","minor","длинный склад-сарай с навесом; дом тут ни при чём"
"industrial_storage-warehouse-v1_buildschematics_x.nbt","Storage Warehouse V1","industrial","medium|shop","69x17x68","6860","buildschematics","partial","ok","","extra","-house +shop","extra:house","meta-word-in-name","name-supports","","","minor","складской двор с лотками; версия в имени лишняя, дома нет"
"industrial_large-warehouse_mcbuild_x.schem","Large Warehouse","industrial","huge","98x29x237","53370","mcbuild","good","ok","","extra","-house","extra:house","","name-supports","","","minor","длинный ангар с фонарём по коньку; тег дома лишний"
"industrial_warehouse_mcbuild_x.schem","Warehouse","industrial","medium","33x18x61","8329","mcbuild","good","ok","","extra","-house","extra:house","","name-supports","","","minor","полосатый складской корпус; тег дома лишний"
"industrial_warehouse-11_mcbuild_x.schem","Warehouse 11","industrial","huge","129x35x177","48318","mcbuild","good","ok","","extra","-house","extra:house","","name-supports","","","minor","огромный светлый ангар; тег дома лишний"
"transport_9-story-parking-garage_mcbuild_x.schem","9-story Parking Garage","transport","huge|parking|tall","169x64x93","215848","mcbuild","good","ok","","extra","-park","extra:park","","name-elsewhere","parks","words→parks, image→ok","minor","серая девятиэтажная парковка; парка рядом нет"
"transport_six-story-parking-lot_mcbuild_x.schem","Six-story parking lot","transport","large|parking","59x27x91","31629","mcbuild","good","ok","","extra","-park","extra:park","","name-elsewhere","parks","words→parks, image→ok","minor","открытый паркинг с разметкой; парка рядом нет"
"vehicles_ambulance_mcbuild_x.schem","Ambulance","vehicles","car|tiny","5x5x10","106","mcbuild","good","ok","","missing","+car","","","name-supports","","","minor","красно-белая санитарная машина; не хватает тега авто"
"transport_train-station_mcbuild_x-2.schem","Train station","transport","large|station","60x42x151","54443","mcbuild","good","ok","","extra","-tall","","duplicate-name","name-supports","","","minor","длинный классический вокзал; высотности не видно"
"transport_train-station-like-structure_mcbuild_x.schem","Train Station Like Structure","transport","medium|station|tall","17x41x37","2754","mcbuild","partial","ok","","ok","","","meta-word-in-name","name-supports","","","minor","зал со стеклянной крышей; оговорка в имени лишняя"
"transport_nice-village-train-station_mcbuild_x.schem","Nice village train station","transport","medium|station","20x27x29","8086","mcbuild","good","ok","","extra","-house","","","name-supports","","","minor","деревянный навес платформы; дома тут нет"
"transport_st-thomas-underground-train-station_mcbuild_x.schem","St Thomas Underground Train station","transport","large|station","88x43x43","73559","mcbuild","good","ok","","extra","-tall","","","name-supports","","","minor","стеклянный вокзальный павильон с путями и разрезом грунта; на высотку не тянет"
"roads_railway-tunnel_mcbuild_x.schem","Railway Tunnel","roads","tiny","15x7x11","651","mcbuild","good","ok","","ok","","","","name-supports","","","ok","серый бетонный тоннель с порталами и подсветкой, читается"
"roads_tunnel-lighting_mcbuild_x.schem","Tunnel lighting","roads","small","15x7x36","761","mcbuild","good","ok","","ok","","","","name-supports","","","ok","длинный тоннельный лоток с подсветкой и направляющими, читается"
"parks_chafariz-fonte-fountain-02_mcbuild_x.schem","Chafariz/Fonte - Fountain 02","parks","fountain|small|water","17x7x17","692","mcbuild","good","ok","","ok","","","","name-elsewhere","decor","words→decor, image→ok","ok","круглая синяя чаша фонтана с каменной окантовкой, читается"
"parks_4-sword-fountain_mcbuild_x.schem","4 Sword Fountain","parks","fountain|small|water","19x27x19","1178","mcbuild","good","ok","","ok","","","","name-elsewhere","decor","words→decor, image→ok","ok","высокий белый фонтан с синей чашей и шпилями, читается"
"waterfront_alexandria-s-lighthouse_mcbuild_x.schem","Alexandria's Lighthouse","waterfront","large|tall","51x151x51","34863","mcbuild","good","ok","","extra","-house -water","extra:house","","name-supports","","","minor","высокая ступенчатая башня маяка на черном фоне, воды не видно"
"waterfront_stone-lighthouse-with-working-fireplace_mcbuild_x.schem","Stone lighthouse - (with working fireplace)","waterfront","house|medium|water","27x38x19","7357","mcbuild","good","ok","","ok","","extra:house","","name-supports","","","ok","каменный домик маяка с фонарем на синем основании, читается"
"residential_modern-lakeside-townhouse_buildschematics_x.schematic","Modern Lakeside Townhouse","residential","house|medium|modern","42x21x45","9066","buildschematics","partial","ok","","ok","","extra:house","","name-supports","","","minor","современная плоская вилла с террасами; озера рядом не видно"
"residential_townhouse-7_mcbuild_x.schem","Townhouse 7","residential","house|small","14x19x17","1600","mcbuild","good","ok","","ok","","extra:house","","name-supports","","","ok","деревянный домик со стеклянной пристройкой, читается"
"towers_office-building_mcbuild_x.schem","Office Building","towers","large|office|tall","55x78x46","55013","mcbuild","good","ok","","ok","","","","name-elsewhere","commercial","words→commercial, image→ok","ok","среднеэтажный офисный блок со светлой крышей, читается"
"towers_ten-story-office-building_mcbuild_x.schem","ten story office building","towers","office|tall","60x117x126","92399","mcbuild","partial","ok","","extra","-huge","","","name-elsewhere","commercial","words→commercial, image→ok","minor","офисный корпус этажей на семь и круглый пристрой; не десять"
"intersections_drive-on-the-left-dual-simplex-minecart-track-intersection_mcbuild_x.schem","Drive on the Left Dual Simplex Minecart Track Intersection","intersections","medium","33x34x67","26943","mcbuild","good","ok","","extra","-car","extra:car","","name-supports","","","minor","платформа со сплетением рельс и редстоуна; вагонеток нет"
"intersections_4-way-intersection-redstone_mcbuild_x.schem","4 Way Intersection (Redstone)","decor","tiny","11x14x11","905","mcbuild","wrong","misfit","decor","ok","","","non-building-in-name","name-supports","","","mismatch","серая будка механизма без развилки, на перекресток не похоже"
"intersections_ancient-skyway-modified-t-junction_mcbuild_x.schem","Ancient Skyway Modified(T-Junction)","intersections","small","35x6x19","1006","mcbuild","good","ok","","ok","","","","name-supports","","","ok","V-образная эстакада с желтой окантовкой, развилка читается"
"roads_highway-part-1_mcbuild_x.schem","Highway Part 1","roads","road|small","43x10x21","1191","mcbuild","good","ok","","ok","","","","name-supports","","","ok","двухполосная эстакада на опорах, читается"
"roads_highway-part-2_mcbuild_x.schem","Highway Part 2","roads","medium|road","50x10x33","3214","mcbuild","good","ok","","ok","","","","name-supports","","","ok","крупная развязка с рампами и лестницами, читается"
"roads_highway-part-3_mcbuild_x.schem","Highway Part 3","roads","medium|road","48x9x59","4036","mcbuild","good","ok","","ok","","","","name-supports","","","ok","плоская развязка с белыми блоками, читается"
"roads_highway_mcbuild_x.schem","highway","roads","road|small","27x3x30","1680","mcbuild","good","ok","","ok","","","","name-supports","","","ok","красные полосы дорожного полотна крупным планом, читаются"
"intersections_railway-junction-train-station-base_buildschematics_x.nbt","Railway Junction Train Station Base","intersections","large","58x27x53","7301","buildschematics","good","ok","","extra","-station -medium +large","","","name-conflict","transport","words→transport, image→ok","minor","террасированный фундамент под станцию без построек, большой"