"timestamp","source","page_url","file_name","download_url","status","error","notes"
"2026-09-26T12:33:09.263Z","buildschematics","https://buildschematics.com/presets/apartment-building-06","residential_apartment-building-06_buildschematics_x.schem","https://dl2.9mcbox.com/dl2.php?file=Apartment-Building-06.schem","downloaded","","48x88x36, 31842 blocks"
"2026-09-26T12:33:09.263Z","buildschematics","https://buildschematics.com/presets/automated-andesite-alloy-factory","industrial_automated-andesite-alloy-factory_buildschematics_x.nbt","https://dl2.9mcbox.com/dl2.php?file=Automated-Andesite-Alloy-Factory.nbt","downloaded","","36x43x73, 11067 blocks"
"2026-09-26T12:33:09.263Z","buildschematics","https://buildschematics.com/presets/automatic-wooden-streetlight","decor_automatic-wooden-streetlight_buildschematics_x.schem","https://dl2.9mcbox.com/dl2.php?file=Automatic-Wooden-Streetlight.schematic","downloaded","","3x8x3, 32 blocks"
"2026-09-26T12:33:09.263Z","buildschematics","https://buildschematics.com/presets/axiumsa-medium-boat","vehicles_axiumsa-medium-boat_buildschematics_x.schem","https://dl2.9mcbox.com/dl2.php?file=AxiumSA-Medium-Boat.schematic","downloaded","","29x46x65, 2851 blocks"
"2026-09-26T12:33:09.263Z","buildschematics","https://buildschematics.com/presets/blacksmith-shop-house","commercial_blacksmith-shop-house_buildschematics_x.schem","https://dl2.9mcbox.com/dl2.php?file=Blacksmith-Shop-House.schematic","downloaded","","34x15x15, 2543 blocks"
"2026-09-26T12:33:09.263Z","buildschematics","https://buildschematics.com/presets/blue-house-minecraft-build","residential_blue-house-minecraft-build_buildschematics_262.schem","https://dl2.9mcbox.com/dl2.php?file=Blue-House-Minecraft-Build.schem","downloaded","","13x14x13, 796 blocks"
"2026-09-26T12:33:09.263Z","buildschematics","https://buildschematics.com/presets/brass-and-glass-worm-train-vehicle","transport_brass-and-glass-worm-train-vehicle_buildschematics_x.nbt","https://dl2.9mcbox.com/dl2.php?file=Brass-and-Glass-Worm-Train-Vehicle.nbt","downloaded","","7x6x35, 70 blocks"
"2026-09-26T12:33:09.263Z","buildschematics","https://buildschematics.com/presets/brick-factory-building-5037-blocks","industrial_brick-factory-building-5037-blocks_buildschematics_x.nbt","https://dl2.9mcbox.com/dl2.php?file=Brick-Factory-Building-5037-Blocks.nbt","downloaded","","24x29x35, 4851 blocks"
"2026-09-26T12:33:09.263Z","buildschematics","https://buildschematics.com/presets/cardiff-townhouse-multi-story-shop-and-residence","residential_cardiff-townhouse-multi-story-shop-and-resid_buildschematics_x.schem","https://dl2.9mcbox.com/dl2.php?file=Cardiff-Townhouse-Multi-Story-Shop-and-Residence.schematic","downloaded","","22x30x26, 5775 blocks"
"2026-09-26T12:33:09.263Z","buildschematics","https://www.mc-mod.net/schematics/catering-truck-for-airports/","vehicles_catering-truck-for-airports_buildschematics_x.schem","https://dl2.9minecraft.net/dl2storage800/Catering-Truck-for-Airports.schematic","review","","5x6x12, 103 blocks"
"2026-09-26T12:33:09.263Z","buildschematics","https://buildschematics.com/presets/champion-race-car","vehicles_champion-race-car_buildschematics_x.nbt","https://dl2.9mcbox.com/dl2.php?file=Champion-Race-Car.nbt","downloaded","","18x12x11, 240 blocks"
"2026-09-26T12:33:09.263Z","buildschematics","https://buildschematics.com/presets/city-gas-station","public_city-gas-station_buildschematics_x.schem","https://dl2.9mcbox.com/dl2.php?file=City-Gas-Station.schematic","downloaded","","48x11x39, 4306 blocks"
"2026-09-26T12:33:09.263Z","buildschematics","https://buildschematics.com/presets/city-hospital-with-elevator-10890-blocks","public_city-hospital-with-elevator-10890-blocks_buildschematics_x.nbt","https://dl2.9mcbox.com/dl2.php?file=City-Hospital-with-Elevator-10890-Blocks.nbt","downloaded","","45x20x27, 9709 blocks"
"2026-09-26T12:33:09.263Z","buildschematics","https://buildschematics.com/presets/cobbled-deepslate-4-way-train-intersection","intersections_cobbled-deepslate-4-way-train-intersection_buildschematics_x.nbt","https://dl2.9mcbox.com/dl2.php?file=Cobbled-Deepslate-4-Way-Train-Intersection.nbt","downloaded","","57x9x57, 1393 blocks"
"2026-09-26T12:33:09.263Z","buildschematics","https://buildschematics.com/presets/compact-japanese-kei-car","vehicles_compact-japanese-kei-car_buildschematics_x.schem","https://dl2.9mcbox.com/dl2.php?file=Compact-Japanese-Kei-Car.schematic","review","","5x3x2, 12 blocks"
"2026-09-26T12:33:09.263Z","buildschematics","https://buildschematics.com/presets/contemporary-residence-with-two-unfurnished-floors","residential_contemporary-residence-with-two-unfurnished-_buildschematics_x.schem","https://dl2.9mcbox.com/dl2.php?file=Contemporary-Residence-with-Two-Unfurnished-Floors.schematic","downloaded","","23x11x20, 2054 blocks"
"2026-09-26T12:33:09.263Z","buildschematics","https://buildschematics.com/presets/cozy-duplex-house-for-two-families","residential_cozy-duplex-house-for-two-families_buildschematics_x.schem","https://dl2.9mcbox.com/dl2.php?file=Cozy-Duplex-House-for-Two-Families.schematic","downloaded","","15x14x15, 1001 blocks"
"2026-09-26T12:33:09.263Z","buildschematics","https://buildschematics.com/presets/cozy-wooden-house-for-roleplay-servers","residential_cozy-wooden-house-for-roleplay-servers_buildschematics_x.schem","https://dl2.9mcbox.com/dl2.php?file=Cozy-Wooden-House-for-Roleplay-Servers.schematic","downloaded","","16x10x17, 764 blocks"
"2026-09-26T12:33:09.263Z","buildschematics","https://buildschematics.com/presets/deepslate-dual-train-station","public_deepslate-dual-train-station_buildschematics_x.nbt","https://dl2.9mcbox.com/dl2.php?file=Deepslate-Dual-Train-Station.nbt","downloaded","","33x9x36, 1475 blocks"
"2026-09-26T12:33:09.263Z","buildschematics","https://buildschematics.com/presets/desert-home-with-extra-rooms","residential_desert-home-with-extra-rooms_buildschematics_x.schem","https://dl2.9mcbox.com/dl2.php?file=Desert-Home-With-Extra-Rooms.schematic","downloaded","","12x8x20, 955 blocks"
"2026-09-26T12:33:09.263Z","buildschematics","https://buildschematics.com/presets/desert-oasis-treehouse-village","decor_desert-oasis-treehouse-village_buildschematics_x.schem","https://dl2.9mcbox.com/dl2.php?file=Desert-Oasis-Treehouse-Village.schematic","downloaded","","95x40x99, 19240 blocks"
"2026-09-26T12:33:09.263Z","buildschematics","https://buildschematics.com/presets/detailed-wood-villa-with-pool","residential_detailed-wood-villa-with-pool_buildschematics_x.schem","https://dl2.9mcbox.com/dl2.php?file=Detailed-Wood-Villa-with-Pool.schematic","downloaded","","22x20x25, 2487 blocks"
"2026-09-26T12:33:09.263Z","buildschematics","https://buildschematics.com/presets/double-cab-crane-truck","vehicles_double-cab-crane-truck_buildschematics_x.schem","https://dl2.9mcbox.com/dl2.php?file=Double-Cab-Crane-Truck.schematic","review","","5x4x13, 61 blocks"
"2026-09-26T12:33:09.263Z","buildschematics","https://buildschematics.com/presets/electric-passenger-train-coach-first-class","transport_electric-passenger-train-coach-first-class_buildschematics_x.nbt","https://dl2.9mcbox.com/dl2.php?file=Electric-Passenger-Train-Coach-First-Class.nbt","downloaded","","7x7x32, 317 blocks"
"2026-09-26T12:33:09.263Z","buildschematics","https://buildschematics.com/presets/elegant-mansion-with-garden","residential_elegant-mansion-with-garden_buildschematics_x.schem","https://dl2.9mcbox.com/dl2.php?file=Elegant-Mansion-With-Garden.schematic","downloaded","","20x15x47, 4516 blocks"
"2026-09-26T12:33:09.263Z","buildschematics","https://buildschematics.com/presets/elegant-quartz-bridge","bridges_elegant-quartz-bridge_buildschematics_x.schem","https://dl2.9mcbox.com/dl2.php?file=Elegant-Quartz-Bridge.schematic","downloaded","","7x25x114, 10292 blocks"
"2026-09-26T12:33:09.263Z","buildschematics","https://buildschematics.com/presets/enderman-bar","commercial_enderman-bar_buildschematics_x.schem","https://dl2.9mcbox.com/dl2.php?file=Enderman-Bar.schematic","downloaded","","47x8x43, 2646 blocks"
"2026-09-26T12:33:09.263Z","buildschematics","https://buildschematics.com/presets/factory-and-train-station-structure","transport_factory-and-train-station-structure_buildschematics_x.nbt","https://dl2.9mcbox.com/dl2.php?file=Factory-and-Train-Station-Structure.nbt","downloaded","","34x20x30, 2262 blocks"
"2026-09-26T12:33:09.263Z","buildschematics","https://www.mc-mod.net/schematics/fallout-3-broadcast-tower-structure/","industrial_fallout-3-broadcast-tower-structure_buildschematics_x.schem","https://dl2.9minecraft.net/dl2storage800/Fallout-3-Broadcast-Tower-Structure.schematic","downloaded","","7x40x7, 504 blocks"
"2026-09-26T12:33:09.263Z","buildschematics","https://buildschematics.com/presets/first-class-passenger-train-car","transport_first-class-passenger-train-car_buildschematics_x.nbt","https://dl2.9mcbox.com/dl2.php?file=First-Class-Passenger-Train-Car.nbt","downloaded","","35x7x7, 390 blocks"
"2026-09-26T12:33:09.263Z","buildschematics","https://buildschematics.com/presets/four-tier-garden-structure","parks_four-tier-garden-structure_buildschematics_x.schem","https://dl2.9mcbox.com/dl2.php?file=Four-Tier-Garden-Structure.schematic","downloaded","","36x69x37, 14348 blocks"
"2026-09-26T12:33:09.263Z","buildschematics","https://buildschematics.com/presets/futuristic-arcology-garden","parks_futuristic-arcology-garden_buildschematics_x.schem","https://dl2.9mcbox.com/dl2.php?file=Futuristic-Arcology-Garden.schematic","downloaded","","46x50x47, 7675 blocks"
"2026-09-26T12:33:09.263Z","buildschematics","https://buildschematics.com/presets/futuristic-industrial-complex","industrial_futuristic-industrial-complex_buildschematics_x.schem","https://dl2.9mcbox.com/dl2.php?file=Futuristic-Industrial-Complex.schematic","downloaded","","52x55x76, 11335 blocks"
"2026-09-26T12:33:09.263Z","buildschematics","https://www.mc-mod.net/schematics/futuristic-stadium-entrance-gate/","public_futuristic-stadium-entrance-gate_buildschematics_x.schem","https://dl2.9minecraft.net/dl2storage800/Futuristic-Stadium-Entrance-Gate.schematic","downloaded","","24x43x55, 9003 blocks"
"2026-09-26T12:33:09.263Z","buildschematics","https://buildschematics.com/presets/gothic-cathedral-structure-2","public_gothic-cathedral-structure-2_buildschematics_x.schem","https://dl2.9mcbox.com/dl2.php?file=Gothic-Cathedral-Structure.schematic","downloaded","","66x52x107, 29871 blocks"
"2026-09-26T12:33:09.263Z","buildschematics","https://buildschematics.com/presets/gothic-church-structure","public_gothic-church-structure_buildschematics_x.schem","https://dl2.9mcbox.com/dl2.php?file=Gothic-Church-Structure.schematic","downloaded","","25x31x22, 2032 blocks"
"2026-09-26T12:33:09.263Z","buildschematics","https://buildschematics.com/presets/gravel-crossroads-with-lighting","intersections_gravel-crossroads-with-lighting_buildschematics_x.nbt","https://dl2.9mcbox.com/dl2.php?file=Gravel-Crossroads-with-Lighting.nbt","downloaded","","21x7x21, 480 blocks"
"2026-09-26T12:33:09.263Z","buildschematics","https://buildschematics.com/presets/hawkseye-pavilion-event-stage","parks_hawkseye-pavilion-event-stage_buildschematics_x.schem","https://dl2.9mcbox.com/dl2.php?file=Hawkseye-Pavilion-Event-Stage.schematic","downloaded","","90x43x66, 37670 blocks"
"2026-09-26T12:33:09.263Z","buildschematics","https://www.mc-mod.net/schematics/heavy-duty-off-road-dump-truck/","vehicles_heavy-duty-off-road-dump-truck_buildschematics_x.schem","https://dl2.9minecraft.net/dl2storage800/Heavy-Duty-Off-Road-Dump-Truck.schematic","review","","18x7x7, 177 blocks"
"2026-09-26T12:33:09.263Z","buildschematics","https://buildschematics.com/presets/heavy-duty-tractor-trailer-with-self-loader-truck","vehicles_heavy-duty-tractor-trailer-with-self-loader-_buildschematics_x.schem","https://dl2.9mcbox.com/dl2.php?file=Heavy-Duty-Tractor-Trailer-with-Self-Loader-Truck.schematic","downloaded","","24x6x5, 177 blocks"
"2026-09-26T12:33:09.263Z","buildschematics","https://buildschematics.com/presets/hollywood-style-mansion","residential_hollywood-style-mansion_buildschematics_x.schem","https://dl2.9mcbox.com/dl2.php?file=Hollywood-Style-Mansion.schematic","downloaded","","100x24x92, 41510 blocks"
"2026-09-26T12:33:09.263Z","buildschematics","https://buildschematics.com/presets/industrial-factory-building","industrial_industrial-factory-building_buildschematics_x.nbt","https://dl2.9mcbox.com/dl2.php?file=Industrial-Factory-Building.nbt","downloaded","","61x23x42, 12060 blocks"
"2026-09-26T12:33:09.263Z","buildschematics","https://buildschematics.com/presets/industrial-iron-factory-structure","industrial_industrial-iron-factory-structure_buildschematics_x.schem","https://dl2.9mcbox.com/dl2.php?file=Industrial-Iron-Factory-Structure.schem","downloaded","","40x37x33, 17177 blocks"
"2026-09-26T12:33:09.263Z","buildschematics","https://buildschematics.com/presets/iron-stone-arch-bridge","bridges_iron-stone-arch-bridge_buildschematics_x.nbt","https://dl2.9mcbox.com/dl2.php?file=Iron-Stone-Arch-Bridge.nbt","downloaded","","125x49x28, 7526 blocks"
"2026-09-26T12:33:09.263Z","buildschematics","https://buildschematics.com/presets/ironworks-industrial-smelter","industrial_ironworks-industrial-smelter_buildschematics_x.schem","https://dl2.9mcbox.com/dl2.php?file=Ironworks-Industrial-Smelter.schematic","downloaded","","29x26x35, 4815 blocks"
"2026-09-26T12:33:09.263Z","buildschematics","https://buildschematics.com/presets/island-bridge","bridges_island-bridge_buildschematics_x.schem","https://dl2.9mcbox.com/dl2.php?file=Island-Bridge.schematic","downloaded","","43x61x293, 84041 blocks"
"2026-09-26T12:33:09.263Z","buildschematics","https://www.mc-mod.net/schematics/island-lighthouse-structure/","residential_island-lighthouse-structure_buildschematics_x.schem","https://dl2.9minecraft.net/dl2storage800/Island-Lighthouse-Structure.schematic","downloaded","","25x76x27, 21876 blocks"
"2026-09-26T12:33:09.263Z","buildschematics","https://buildschematics.com/presets/italian-gelato-shop-small-build","commercial_italian-gelato-shop-small-build_buildschematics_262.schem","https://dl2.9mcbox.com/dl2.php?file=Italian-Gelato-Shop-Small-Build.schem","downloaded","","36x30x29, 1475 blocks"
"2026-09-26T12:33:09.263Z","buildschematics","https://buildschematics.com/presets/japanese-electric-train-coach-schematic","transport_japanese-electric-train-coach-schematic_buildschematics_x.nbt","https://dl2.9mcbox.com/dl2.php?file=Japanese-Electric-Train-Coach-Schematic.nbt","downloaded","","7x7x26, 278 blocks"
"2026-09-26T12:33:09.263Z","buildschematics","https://buildschematics.com/presets/jungle-wood-house-with-furniture","residential_jungle-wood-house-with-furniture_buildschematics_x.schem","https://dl2.9mcbox.com/dl2.php?file=Jungle-Wood-House-with-Furniture.schematic","downloaded","","90x39x90, 86647 blocks"
"2026-09-26T12:33:09.263Z","buildschematics","https://buildschematics.com/presets/kami-house-minecraft-build","residential_kami-house-minecraft-build_buildschematics_x.schem","https://dl2.9mcbox.com/dl2.php?file=Kami-House-Minecraft-Build.schematic","downloaded","","37x36x35, 4692 blocks"
"2026-09-26T12:33:09.263Z","buildschematics","https://buildschematics.com/presets/krusty-krab-restaurant-spongebob-build","commercial_krusty-krab-restaurant-spongebob-build_buildschematics_x.nbt","https://dl2.9mcbox.com/dl2.php?file=Krusty-Krab-Restaurant-SpongeBob-Build.nbt","downloaded","","122x43x102, 17844 blocks"
"2026-09-26T12:33:09.263Z","buildschematics","https://buildschematics.com/presets/large-modern-house","residential_large-modern-house_buildschematics_x.schem","https://dl2.9mcbox.com/dl2.php?file=Large-Modern-House.schematic","downloaded","","53x32x73, 41584 blocks"
"2026-09-26T12:33:09.263Z","buildschematics","https://buildschematics.com/presets/large-woodland-manor-house","residential_large-woodland-manor-house_buildschematics_x.schem","https://dl2.9mcbox.com/dl2.php?file=Large-Woodland-Manor-House.schematic","downloaded","","53x21x48, 18838 blocks"
"2026-09-26T12:33:09.263Z","buildschematics","https://buildschematics.com/presets/luxury-yacht-small-boat-design","waterfront_luxury-yacht-small-boat-design_buildschematics_x.schem","https://dl2.9mcbox.com/dl2.php?file=Luxury-Yacht-Small-Boat-Design.schematic","downloaded","","46x14x11, 1696 blocks"
"2026-09-26T12:33:09.263Z","buildschematics","https://buildschematics.com/presets/luxury-yacht","vehicles_luxury-yacht_buildschematics_x.schem","https://dl2.9mcbox.com/dl2.php?file=Luxury-Yacht.schematic","downloaded","","54x16x18, 2634 blocks"
"2026-09-26T12:33:09.263Z","buildschematics","https://buildschematics.com/presets/magical-tree-structure","decor_magical-tree-structure_buildschematics_x.schem","https://dl2.9mcbox.com/dl2.php?file=Magical-Tree-Structure.schematic","downloaded","","7x11x7, 84 blocks"
"2026-09-26T12:33:09.263Z","buildschematics","https://buildschematics.com/presets/medium-apartment-building","residential_medium-apartment-building_buildschematics_x.schem","https://dl2.9mcbox.com/dl2.php?file=Medium-Apartment-Building.schematic","downloaded","","19x64x35, 15114 blocks"
"2026-09-26T12:33:09.263Z","buildschematics","https://buildschematics.com/presets/medium-lighthouse-tower","waterfront_medium-lighthouse-tower_buildschematics_x.schem","https://dl2.9mcbox.com/dl2.php?file=Medium-Lighthouse-Tower.schematic","downloaded","","32x93x26, 6377 blocks"
"2026-09-26T12:33:09.263Z","buildschematics","https://buildschematics.com/presets/medium-townhouse-structure","residential_medium-townhouse-structure_buildschematics_x.schem","https://dl2.9mcbox.com/dl2.php?file=Medium-Townhouse-Structure.schematic","downloaded","","21x37x39, 11326 blocks"
"2026-09-26T12:33:09.263Z","buildschematics","https://buildschematics.com/presets/medium-yacht-boat","waterfront_medium-yacht-boat_buildschematics_x.schem","https://dl2.9mcbox.com/dl2.php?file=Medium-Yacht-Boat.schematic","downloaded","","20x20x61, 4725 blocks"
"2026-09-26T12:33:09.263Z","buildschematics","https://buildschematics.com/presets/mega-tower-with-working-elevators","industrial_mega-tower-with-working-elevators_buildschematics_x.schem","https://dl2.9mcbox.com/dl2.php?file=Mega-Tower-With-Working-Elevators.schematic","downloaded","","51x254x44, 117512 blocks"
"2026-09-26T12:33:09.263Z","buildschematics","https://buildschematics.com/presets/modern-apartment-building-03","residential_modern-apartment-building-03_buildschematics_x.schem","https://dl2.9mcbox.com/dl2.php?file=Modern-Apartment-Building-03.schem","downloaded","","24x40x49, 15744 blocks"
"2026-09-26T12:33:09.263Z","buildschematics","https://buildschematics.com/presets/modern-apartment-shops-and-housing","residential_modern-apartment-shops-and-housing_buildschematics_x.schem","https://dl2.9mcbox.com/dl2.php?file=Modern-Apartment-Shops-and-Housing.schematic","downloaded","","30x44x30, 14739 blocks"
"2026-09-26T12:33:09.263Z","buildschematics","https://www.mc-mod.net/schematics/modern-apartment-tower-10-floors/","towers_modern-apartment-tower-10-floors_buildschematics_x.schem","https://dl2.9minecraft.net/dl2storage800/Modern-Apartment-Tower.schematic","downloaded","","58x63x57, 29903 blocks"
"2026-09-26T12:33:09.263Z","buildschematics","https://buildschematics.com/presets/modern-burger-cafe-with-elevator","commercial_modern-burger-cafe-with-elevator_buildschematics_x.schem","https://dl2.9mcbox.com/dl2.php?file=Modern-Burger-Cafe-With-Elevator.schematic","downloaded","","21x27x24, 6552 blocks"
"2026-09-26T12:33:09.263Z","buildschematics","https://buildschematics.com/presets/modern-city-apartment-tower","residential_modern-city-apartment-tower_buildschematics_x.schem","https://dl2.9mcbox.com/dl2.php?file=Modern-City-Apartment-Tower.schematic","downloaded","","49x44x71, 30878 blocks"
"2026-09-26T12:33:09.263Z","buildschematics","https://buildschematics.com/presets/modern-dark-oak-residence","residential_modern-dark-oak-residence_buildschematics_x.schem","https://dl2.9mcbox.com/dl2.php?file=Modern-Dark-Oak-Residence.schematic","downloaded","","39x29x41, 19520 blocks"
"2026-09-26T12:33:09.263Z","buildschematics","https://buildschematics.com/presets/modern-duplex-house","residential_modern-duplex-house_buildschematics_x.schem","https://dl2.9mcbox.com/dl2.php?file=Modern-Duplex-House.schematic","downloaded","","32x19x16, 2723 blocks"
"2026-09-26T12:33:09.263Z","buildschematics","https://buildschematics.com/presets/modern-home-exterior","residential_modern-home-exterior_buildschematics_x.schem","https://dl2.9mcbox.com/dl2.php?file=Modern-Home-Exterior.schematic","downloaded","","52x22x30, 10218 blocks"
"2026-09-26T12:33:09.263Z","buildschematics","https://buildschematics.com/presets/modern-hotel-building-with-fountain","towers_modern-hotel-building-with-fountain_buildschematics_x.schem","https://dl2.9mcbox.com/dl2.php?file=Modern-Hotel-Building-With-Fountain.schematic","downloaded","","66x31x48, 17840 blocks"
"2026-09-26T12:33:09.263Z","buildschematics","https://buildschematics.com/presets/modern-office-tower-design","towers_modern-office-tower-design_buildschematics_x.schem","https://dl2.9mcbox.com/dl2.php?file=Modern-Office-Tower-Design.schematic","downloaded","","32x65x31, 16692 blocks"
"2026-09-26T12:33:09.263Z","buildschematics","https://buildschematics.com/presets/modern-retail-store","commercial_modern-retail-store_buildschematics_x.schem","https://dl2.9mcbox.com/dl2.php?file=Modern-Retail-Store.schematic","downloaded","","21x15x16, 1207 blocks"
"2026-09-26T12:33:09.263Z","buildschematics","https://www.mc-mod.net/schematics/modern-server-shop/","commercial_modern-server-shop_buildschematics_x.schem","https://dl2.9minecraft.net/dl2storage800/Modern-Server-Shop.schematic","downloaded","","36x18x36, 5602 blocks"
"2026-09-26T12:33:09.263Z","buildschematics","https://www.mc-mod.net/schematics/modern-shop-house/","commercial_modern-shop-house_buildschematics_x.schem","https://dl2.9minecraft.net/dl2storage800/Modern-Shop-House.schematic","downloaded","","27x51x27, 3282 blocks"
"2026-09-26T12:33:09.263Z","buildschematics","https://buildschematics.com/presets/modern-sphere-house-design","residential_modern-sphere-house-design_buildschematics_x.schem","https://dl2.9mcbox.com/dl2.php?file=Modern-Sphere-House-Design.schem","downloaded","","66x43x61, 19166 blocks"
"2026-09-26T12:33:09.263Z","buildschematics","https://buildschematics.com/presets/modern-street-with-five-houses","decor_modern-street-with-five-houses_buildschematics_x.schem","https://dl2.9mcbox.com/dl2.php?file=Modern-Street-With-Five-Houses.schematic","downloaded","","139x25x200, 83871 blocks"
"2026-09-26T12:33:09.263Z","buildschematics","https://buildschematics.com/presets/modern-three-story-house-2","residential_modern-three-story-house-2_buildschematics_x.schem","https://dl2.9mcbox.com/dl2.php?file=Modern-Three-Story-House.schematic","downloaded","","23x22x17, 1969 blocks"
"2026-09-26T12:33:09.263Z","buildschematics","https://buildschematics.com/presets/modern-townhouse-with-furniture","residential_modern-townhouse-with-furniture_buildschematics_x.schem","https://dl2.9mcbox.com/dl2.php?file=Modern-Townhouse-with-Furniture.schematic","downloaded","","43x25x46, 12213 blocks"
"2026-09-26T12:33:09.263Z","buildschematics","https://buildschematics.com/presets/modern-two-story-house-with-garage","residential_modern-two-story-house-with-garage_buildschematics_x.schem","https://dl2.9mcbox.com/dl2.php?file=Modern-Two-Story-House-With-Garage.schematic","downloaded","","36x29x52, 5820 blocks"
"2026-09-26T12:33:09.263Z","buildschematics","https://buildschematics.com/presets/modern-two-story-house-with-pond","residential_modern-two-story-house-with-pond_buildschematics_x.schem","https://dl2.9mcbox.com/dl2.php?file=Modern-Two-Story-House-With-Pond.schematic","downloaded","","19x11x19, 1933 blocks"
"2026-09-26T12:33:09.263Z","buildschematics","https://www.mc-mod.net/schematics/modern-urban-apartment-house/","residential_modern-urban-apartment-house_buildschematics_x.schem","https://dl2.9minecraft.net/dl2storage800/Modern-Urban-Apartment-House.schem","downloaded","","79x70x87, 40432 blocks"
"2026-09-26T12:33:09.263Z","buildschematics","https://buildschematics.com/presets/monorail-maglev-transportation-system","transport_monorail-maglev-transportation-system_buildschematics_x.nbt","https://dl2.9mcbox.com/dl2.php?file=Monorail-Maglev-Transportation-System.nbt","downloaded","","6x6x51, 263 blocks"
"2026-09-26T12:33:09.263Z","buildschematics","https://buildschematics.com/presets/narrow-gauge-train-with-caboose","transport_narrow-gauge-train-with-caboose_buildschematics_x.nbt","https://dl2.9mcbox.com/dl2.php?file=Narrow-Gauge-Train-With-Caboose.nbt","downloaded","","5x6x18, 86 blocks"
"2026-09-26T12:33:09.263Z","buildschematics","https://buildschematics.com/presets/passenger-train-carriage","transport_passenger-train-carriage_buildschematics_x.nbt","https://dl2.9mcbox.com/dl2.php?file=Passenger-Train-Carriage.nbt","downloaded","","5x6x21, 181 blocks"
"2026-09-26T12:33:09.263Z","buildschematics","https://buildschematics.com/presets/pennsylvania-railroad-coaling-tower","industrial_pennsylvania-railroad-coaling-tower_buildschematics_x.nbt","https://dl2.9mcbox.com/dl2.php?file=Pennsylvania-Railroad-Coaling-Tower.nbt","downloaded","","33x24x40, 5649 blocks"
"2026-09-26T12:33:09.263Z","buildschematics","https://buildschematics.com/presets/pokemart-shop","commercial_pokemart-shop_buildschematics_x.schem","https://dl2.9mcbox.com/dl2.php?file=PokeMart-Shop.schematic","downloaded","","15x9x10, 711 blocks"
"2026-09-26T12:33:09.263Z","buildschematics","https://buildschematics.com/presets/portland-style-townhouse-two-story-design","residential_portland-style-townhouse-two-story-design_buildschematics_x.schem","https://dl2.9mcbox.com/dl2.php?file=Portland-Style-Townhouse-Two-Story-Design.schematic","downloaded","","12x19x20, 2180 blocks"
"2026-09-26T12:33:09.263Z","buildschematics","https://buildschematics.com/presets/quartz-home","residential_quartz-home_buildschematics_x.schem","https://dl2.9mcbox.com/dl2.php?file=Quartz-Home.schematic","downloaded","","48x20x57, 8888 blocks"
"2026-09-26T12:33:09.263Z","buildschematics","https://www.mc-mod.net/schematics/realistic-highway-tunnel-for-minecraft/","roads_realistic-highway-tunnel-for-minecraft_buildschematics_x.schem","https://dl2.9minecraft.net/dl2storage800/Highway-tunnel.schem","downloaded","","51x25x382, 293201 blocks"
"2026-09-26T12:33:09.263Z","buildschematics","https://buildschematics.com/presets/red-japanese-house-2-minecraft-build","residential_red-japanese-house-2-minecraft-build_buildschematics_262.schem","https://dl2.9mcbox.com/dl2.php?file=Red-Japanese-House-2-Minecraft-Build.schem","downloaded","","21x34x45, 4378 blocks"
"2026-09-26T12:33:09.263Z","buildschematics","https://buildschematics.com/presets/ridable-german-ice-train","transport_ridable-german-ice-train_buildschematics_x.nbt","https://dl2.9mcbox.com/dl2.php?file=Ridable-German-ICE-Train.nbt","downloaded","","71x6x7, 1076 blocks"
"2026-09-26T12:33:09.263Z","buildschematics","https://buildschematics.com/presets/ridge-mansion-with-pool-and-tower","residential_ridge-mansion-with-pool-and-tower_buildschematics_x.schem","https://dl2.9mcbox.com/dl2.php?file=Ridge-Mansion-With-Pool-And-Tower.schem","downloaded","","80x57x179, 155086 blocks"
"2026-09-26T12:33:09.263Z","buildschematics","https://buildschematics.com/presets/riverside-log-cabin-with-dock","waterfront_riverside-log-cabin-with-dock_buildschematics_x.schem","https://dl2.9mcbox.com/dl2.php?file=Riverside-Log-Cabin-with-Dock.schematic","downloaded","","23x27x22, 3584 blocks"
"2026-09-26T12:33:09.263Z","buildschematics","https://buildschematics.com/presets/row-house-facade-design","residential_row-house-facade-design_buildschematics_x.schem","https://dl2.9mcbox.com/dl2.php?file=Row-House-Facade-Design.schematic","downloaded","","36x21x36, 5633 blocks"
"2026-09-26T12:33:09.263Z","buildschematics","https://www.mc-mod.net/schematics/rustic-log-cabin-shop/","commercial_rustic-log-cabin-shop_buildschematics_x.schem","https://dl2.9minecraft.net/dl2storage800/Rustic-Log-Cabin-Shop.schematic","downloaded","","11x8x15, 652 blocks"
"2026-09-26T12:33:09.263Z","buildschematics","https://buildschematics.com/presets/rustic-overgrown-church","public_rustic-overgrown-church_buildschematics_x.schem","https://dl2.9mcbox.com/dl2.php?file=Rustic-Overgrown-Church.schematic","downloaded","","22x21x23, 1487 blocks"
"2026-09-26T12:33:09.263Z","buildschematics","https://buildschematics.com/presets/rustic-wooden-train-station","public_rustic-wooden-train-station_buildschematics_x.schem","https://dl2.9mcbox.com/dl2.php?file=Rustic-Wooden-Train-Station.schematic","downloaded","","27x15x26, 5928 blocks"
"2026-09-26T12:33:09.263Z","buildschematics","https://buildschematics.com/presets/sakura-tree-decoration","decor_sakura-tree-decoration_buildschematics_x.schem","https://dl2.9mcbox.com/dl2.php?file=Sakura-Tree-Decoration.schematic","downloaded","","92x91x95, 42053 blocks"
"2026-09-26T12:33:09.263Z","buildschematics","https://buildschematics.com/presets/sandstone-cliffside-mansion-with-boat-dock","transport_sandstone-cliffside-mansion-with-boat-dock_buildschematics_x.schem","https://dl2.9mcbox.com/dl2.php?file=Sandstone-Cliffside-Mansion-with-Boat-Dock.schematic","downloaded","","163x36x110, 216123 blocks"
"2026-09-26T12:33:09.263Z","buildschematics","https://buildschematics.com/presets/sandstone-library-building","public_sandstone-library-building_buildschematics_x.schem","https://dl2.9mcbox.com/dl2.php?file=Sandstone-Library-Building.schematic","downloaded","","15x20x34, 3681 blocks"
"2026-09-26T12:33:09.263Z","buildschematics","https://buildschematics.com/presets/sao-paulo-central-train-station-structure","public_sao-paulo-central-train-station-structure_buildschematics_x.schem","https://dl2.9mcbox.com/dl2.php?file=Sao-Paulo-Central-Train-Station-Structure.schematic","downloaded","","69x77x68, 40838 blocks"
"2026-09-26T12:33:09.263Z","buildschematics","https://buildschematics.com/presets/sazayama-prefecture-decoration-tree-big-7","decor_sazayama-prefecture-decoration-tree-big-7_buildschematics_x.schem","https://dl2.9mcbox.com/dl2.php?file=Big-Decoration-Tree.schem","downloaded","","8x29x6, 14 blocks"
"2026-09-26T12:33:09.263Z","buildschematics","https://buildschematics.com/presets/sazayama-prefecture-decoration-tree-big-9","decor_sazayama-prefecture-decoration-tree-big-9_buildschematics_x.schem","https://dl2.9mcbox.com/dl2.php?file=Big-Decoration-Block.schem","downloaded","","11x26x11, 52 blocks"
"2026-09-26T12:33:09.263Z","buildschematics","https://buildschematics.com/presets/sazayama-prefecture-decoration-tree-cherry-1","decor_sazayama-prefecture-decoration-tree-cherry-1_buildschematics_x.schem","https://dl2.9mcbox.com/dl2.php?file=Cherry-Tree-Decoration.schem","downloaded","","24x18x21, 102 blocks"
"2026-09-26T12:33:09.263Z","buildschematics","https://buildschematics.com/presets/sazayama-prefecture-decoration-tree-normal-7","decor_sazayama-prefecture-decoration-tree-normal-7_buildschematics_x.schem","https://dl2.9mcbox.com/dl2.php?file=Normal-Build-Decoration-Asset-Pack.schem","downloaded","","5x15x3, 19 blocks"
"2026-09-26T12:33:09.263Z","buildschematics","https://buildschematics.com/presets/sazayama-prefecture-decoration-tree-palm-2","decor_sazayama-prefecture-decoration-tree-palm-2_buildschematics_x.schem","https://dl2.9mcbox.com/dl2.php?file=Palm-Tree-Decoration.schem","downloaded","","5x11x5, 27 blocks"
"2026-09-26T12:33:09.263Z","buildschematics","https://buildschematics.com/presets/shakespearean-theater-structure","public_shakespearean-theater-structure_buildschematics_x.schem","https://dl2.9mcbox.com/dl2.php?file=Shakespearean-Theater-Structure.schematic","downloaded","","26x12x33, 3778 blocks"
"2026-09-26T12:33:09.263Z","buildschematics","https://buildschematics.com/presets/shopping-mall-elevator-with-floor-selection","commercial_shopping-mall-elevator-with-floor-selection_buildschematics_x.schem","https://dl2.9mcbox.com/dl2.php?file=Shopping-Mall-Elevator-with-Floor-Selection.schematic","downloaded","","28x30x23, 7321 blocks"
"2026-09-26T12:33:09.263Z","buildschematics","https://buildschematics.com/presets/simple-beginner-treehouse","decor_simple-beginner-treehouse_buildschematics_262.schem","https://dl2.9mcbox.com/dl2.php?file=Simple-Beginner-Treehouse.schem","downloaded","","22x31x18, 4612 blocks"
"2026-09-26T12:33:09.263Z","buildschematics","https://buildschematics.com/presets/single-cart-metro-train","transport_single-cart-metro-train_buildschematics_x.nbt","https://dl2.9mcbox.com/dl2.php?file=Single-Cart-Metro-Train.nbt","downloaded","","14x5x5, 92 blocks"
"2026-09-26T12:33:09.263Z","buildschematics","https://buildschematics.com/presets/small-apartment-building-exterior","residential_small-apartment-building-exterior_buildschematics_x.schem","https://dl2.9mcbox.com/dl2.php?file=Small-Apartment-Building-Exterior.schematic","downloaded","","15x14x15, 1560 blocks"
"2026-09-26T12:33:09.263Z","buildschematics","https://buildschematics.com/presets/small-arabian-house","residential_small-arabian-house_buildschematics_x.schem","https://dl2.9mcbox.com/dl2.php?file=Small-Arabian-House.schematic","downloaded","","8x6x7, 208 blocks"
"2026-09-26T12:33:09.263Z","buildschematics","https://buildschematics.com/presets/small-furnished-apartment-building","residential_small-furnished-apartment-building_buildschematics_x.schem","https://dl2.9mcbox.com/dl2.php?file=Small-Furnished-Apartment-Building.schematic","downloaded","","26x19x8, 1950 blocks"
"2026-09-26T12:33:09.263Z","buildschematics","https://buildschematics.com/presets/small-grain-elevator-structure","industrial_small-grain-elevator-structure_buildschematics_x.schem","https://dl2.9mcbox.com/dl2.php?file=Small-Grain-Elevator-Structure.schematic","downloaded","","26x67x72, 10390 blocks"
"2026-09-26T12:33:09.263Z","buildschematics","https://buildschematics.com/presets/small-hotel-with-garden","commercial_small-hotel-with-garden_buildschematics_x.schem","https://dl2.9mcbox.com/dl2.php?file=Small-Hotel-With-Garden.schematic","downloaded","","23x18x8, 1154 blocks"
"2026-09-26T12:33:09.263Z","buildschematics","https://buildschematics.com/presets/small-lighthouse-tower","waterfront_small-lighthouse-tower_buildschematics_x.schem","https://dl2.9mcbox.com/dl2.php?file=Small-Lighthouse-Tower.schematic","downloaded","","24x45x23, 2798 blocks"
"2026-09-26T12:33:09.263Z","buildschematics","https://buildschematics.com/presets/small-modern-house-2","residential_small-modern-house-2_buildschematics_x.schem","https://dl2.9mcbox.com/dl2.php?file=Small-Modern-House.schematic","downloaded","","23x14x25, 1525 blocks"
"2026-09-26T12:33:09.263Z","buildschematics","https://buildschematics.com/presets/small-modern-train-station","public_small-modern-train-station_buildschematics_x.schem","https://dl2.9mcbox.com/dl2.php?file=Small-Modern-Train-Station.schematic","downloaded","","34x40x33, 10394 blocks"
"2026-09-26T12:33:09.263Z","buildschematics","https://buildschematics.com/presets/small-motorboat-vehicle","waterfront_small-motorboat-vehicle_buildschematics_x.nbt","https://dl2.9mcbox.com/dl2.php?file=Small-Motorboat-Vehicle.nbt","downloaded","","8x3x5, 35 blocks"
"2026-09-26T12:33:09.263Z","buildschematics","https://buildschematics.com/presets/small-rustic-log-cabin-house","residential_small-rustic-log-cabin-house_buildschematics_x.schem","https://dl2.9mcbox.com/dl2.php?file=Small-Rustic-Log-Cabin-House.schematic","downloaded","","18x14x41, 3882 blocks"
"2026-09-26T12:33:09.263Z","buildschematics","https://buildschematics.com/presets/small-single-track-railway-bridge","bridges_small-single-track-railway-bridge_buildschematics_x.schem","https://dl2.9mcbox.com/dl2.php?file=Small-Single-Track-Railway-Bridge.schematic","downloaded","","5x9x29, 397 blocks"
"2026-09-26T12:33:09.263Z","buildschematics","https://buildschematics.com/presets/small-terraced-houses-with-garage","residential_small-terraced-houses-with-garage_buildschematics_x.schem","https://dl2.9mcbox.com/dl2.php?file=Small-Terraced-Houses-with-Garage.schematic","downloaded","","263x34x54, 72829 blocks"
"2026-09-26T12:33:09.263Z","buildschematics","https://buildschematics.com/presets/small-town-cafe-building","commercial_small-town-cafe-building_buildschematics_x.schem","https://dl2.9mcbox.com/dl2.php?file=Small-Town-Cafe-Building.schematic","downloaded","","18x11x14, 1525 blocks"
"2026-09-26T12:33:09.263Z","buildschematics","https://buildschematics.com/presets/small-wooden-boat-dock","transport_small-wooden-boat-dock_buildschematics_x.schem","https://dl2.9mcbox.com/dl2.php?file=Small-Wooden-Boat-Dock.schematic","downloaded","","16x9x22, 560 blocks"
"2026-09-26T12:33:09.263Z","buildschematics","https://buildschematics.com/presets/small-yacht-for-one-or-two","waterfront_small-yacht-for-one-or-two_buildschematics_x.schem","https://dl2.9mcbox.com/dl2.php?file=Small-Yacht-for-One-or-Two.schematic","downloaded","","58x32x23, 1097 blocks"
"2026-09-26T12:33:09.263Z","buildschematics","https://buildschematics.com/presets/spacious-modern-mansion","residential_spacious-modern-mansion_buildschematics_x.schem","https://dl2.9mcbox.com/dl2.php?file=Spacious-Modern-Mansion.schematic","downloaded","","34x17x36, 5354 blocks"
"2026-09-26T12:33:09.263Z","buildschematics","https://buildschematics.com/presets/speedboat-vehicle","vehicles_speedboat-vehicle_buildschematics_x.schem","https://dl2.9mcbox.com/dl2.php?file=Speedboat-Vehicle.schematic","downloaded","","7x4x24, 346 blocks"
"2026-09-26T12:33:09.263Z","buildschematics","https://buildschematics.com/presets/square-earth-build-2","parks_square-earth-build-2_buildschematics_x.schem","https://dl2.9mcbox.com/dl2.php?file=Square-Earth-Build.schem","downloaded","","31x31x31, 16852 blocks"
"2026-09-26T12:33:09.263Z","buildschematics","https://buildschematics.com/presets/starter-house-and-workshop","residential_starter-house-and-workshop_buildschematics_x.nbt","https://dl2.9mcbox.com/dl2.php?file=Starter-House-and-Workshop.nbt","downloaded","","35x14x17, 1917 blocks"
"2026-09-26T12:33:09.263Z","buildschematics","https://buildschematics.com/presets/stone-factory-building-20315-blocks","industrial_stone-factory-building-20315-blocks_buildschematics_x.nbt","https://dl2.9mcbox.com/dl2.php?file=Stone-Factory-Building-20315-Blocks.nbt","downloaded","","66x29x108, 20315 blocks"
"2026-09-26T12:33:09.263Z","buildschematics","https://buildschematics.com/presets/teenager-club-house-design","residential_teenager-club-house-design_buildschematics_x.schem","https://dl2.9mcbox.com/dl2.php?file=Teenager-Club-House-Design.schematic","downloaded","","51x61x39, 17315 blocks"
"2026-09-26T12:33:09.263Z","buildschematics","https://buildschematics.com/presets/terraced-wooden-house","residential_terraced-wooden-house_buildschematics_x.schem","https://dl2.9mcbox.com/dl2.php?file=Terraced-Wooden-House.schematic","downloaded","","43x19x41, 6065 blocks"
"2026-09-26T12:33:09.263Z","buildschematics","https://www.mc-mod.net/schematics/to-the-moon-lighthouse-house/","waterfront_to-the-moon-lighthouse-house_buildschematics_x.schem","https://dl2.9minecraft.net/dl2storage800/To-The-Moon-Lighthouse-House.schematic","downloaded","","28x27x37, 10609 blocks"
"2026-09-26T12:33:09.263Z","buildschematics","https://www.mc-mod.net/schematics/town-hall-building-with-road/","roads_town-hall-building-with-road_buildschematics_x.schem","https://dl2.9minecraft.net/dl2storage800/Town-Hall-Building-With-Road.schem","downloaded","","131x28x121, 30230 blocks"
"2026-09-26T12:33:09.263Z","buildschematics","https://buildschematics.com/presets/transport-van-with-barrel-storage","vehicles_transport-van-with-barrel-storage_buildschematics_x.nbt","https://dl2.9mcbox.com/dl2.php?file=Transport-Van-with-Barrel-Storage.nbt","downloaded","","9x5x5, 58 blocks"
"2026-09-26T12:33:09.263Z","buildschematics","https://buildschematics.com/presets/tudor-blacksmith-shop","commercial_tudor-blacksmith-shop_buildschematics_x.schem","https://dl2.9mcbox.com/dl2.php?file=Tudor-Blacksmith-Shop.schematic","downloaded","","22x18x17, 1028 blocks"
"2026-09-26T12:33:09.263Z","buildschematics","https://buildschematics.com/presets/tudor-house-with-hayloft-and-stables","residential_tudor-house-with-hayloft-and-stables_buildschematics_x.schem","https://dl2.9mcbox.com/dl2.php?file=Tudor-House-with-Hayloft-and-Stables.schematic","downloaded","","21x17x26, 1936 blocks"
"2026-09-26T12:33:09.263Z","buildschematics","https://buildschematics.com/presets/twin-towers-gate-with-auto-night-protection","towers_twin-towers-gate-with-auto-night-protection_buildschematics_x.schem","https://dl2.9mcbox.com/dl2.php?file=Twin-Towers-Gate-with-Auto-Night-Protection.schematic","downloaded","","20x14x7, 868 blocks"
"2026-09-26T12:33:09.263Z","buildschematics","https://buildschematics.com/presets/united-we-craft-server-tower","towers_united-we-craft-server-tower_buildschematics_x.schem","https://dl2.9mcbox.com/dl2.php?file=United-We-Craft-Server-Tower.schematic","downloaded","","41x126x34, 33808 blocks"
"2026-09-26T12:33:09.263Z","buildschematics","https://buildschematics.com/presets/vertical-modular-garage-system","transport_vertical-modular-garage-system_buildschematics_x.nbt","https://dl2.9mcbox.com/dl2.php?file=Vertical-Modular-Garage-System.nbt","downloaded","","20x33x45, 967 blocks"
"2026-09-26T12:33:09.263Z","buildschematics","https://www.mc-mod.net/schematics/vienna-street-house-67/","roads_vienna-street-house-67_buildschematics_x.schem","https://dl2.9minecraft.net/dl2storage800/Vienna-Street-House-67.schem","downloaded","","29x41x20, 6565 blocks"
"2026-09-26T12:33:09.263Z","buildschematics","https://buildschematics.com/presets/william-andrews-apartment-building","residential_william-andrews-apartment-building_buildschematics_x.schem","https://dl2.9mcbox.com/dl2.php?file=William-Andrews-Apartment-Building.schematic","downloaded","","54x30x61, 21644 blocks"
"2026-09-26T12:33:09.263Z","buildschematics","https://buildschematics.com/presets/wishing-well-village-centerpiece","decor_wishing-well-village-centerpiece_buildschematics_x.schem","https://dl2.9mcbox.com/dl2.php?file=Wishing-Well-Village-Centerpiece.schematic","downloaded","","100x53x101, 46897 blocks"
"2026-09-26T12:33:09.263Z","buildschematics","https://buildschematics.com/presets/working-waterpark-with-slides","commercial_working-waterpark-with-slides_buildschematics_x.schem","https://dl2.9mcbox.com/dl2.php?file=Working-Waterpark-With-Slides.schematic","downloaded","","36x23x43, 12512 blocks"
"2026-09-26T12:33:09.263Z","buildschematics","https://www.mc-mod.net/schematics/yellow-and-red-lighthouse-structure/","waterfront_yellow-and-red-lighthouse-structure_buildschematics_x.schem","https://dl2.9minecraft.net/dl2storage800/Yellow-and-Red-Lighthouse-Structure.schematic","downloaded","","21x53x21, 2716 blocks"
"2026-09-26T12:33:09.263Z","mcbuild","https://mcbuild.org/schematics/10601:wooden-house","residential_wooden-house_mcbuild_x.schem","https://mcbuild.org/download/10601?format=schem","downloaded","","23x22x15, 1499 blocks"
"2026-09-26T12:33:09.263Z","mcbuild","https://mcbuild.org/schematics/10605:diagonal-shore-port","waterfront_diagonal-shore-port_mcbuild_x.schem","https://mcbuild.org/download/10605?format=schem","downloaded","","43x45x48, 9686 blocks"
"2026-09-26T12:33:09.263Z","mcbuild","https://mcbuild.org/schematics/11051:small-fountain","commercial_small-fountain_mcbuild_x.schem","https://mcbuild.org/download/11051?format=schem","downloaded","","11x10x11, 186 blocks"
"2026-09-26T12:33:09.263Z","mcbuild","https://mcbuild.org/schematics/11171:old-wooden-house","residential_old-wooden-house_mcbuild_x.schem","https://mcbuild.org/download/11171?format=schem","downloaded","","29x15x35, 3293 blocks"
"2026-09-26T12:33:09.263Z","mcbuild","https://mcbuild.org/schematics/11174:stonewood-bridge","bridges_stonewood-bridge_mcbuild_x.schem","https://mcbuild.org/download/11174?format=schem","downloaded","","7x8x29, 317 blocks"
"2026-09-26T12:33:09.263Z","mcbuild","https://mcbuild.org/schematics/11182:cave-house","residential_cave-house_mcbuild_x.schem","https://mcbuild.org/download/11182?format=schem","downloaded","","36x32x46, 3321 blocks"
"2026-09-26T12:33:09.263Z","mcbuild","https://mcbuild.org/schematics/1120:modern-house-10","residential_modern-house-10_mcbuild_x.schem","https://mcbuild.org/download/1120?format=schem","downloaded","","54x24x59, 32799 blocks"
"2026-09-26T12:33:09.263Z","mcbuild","https://mcbuild.org/schematics/1121:modern-house-#11","residential_modern-house--11_mcbuild_x.schem","https://mcbuild.org/download/1121?format=schem","downloaded","","62x33x74, 45530 blocks"
"2026-09-26T12:33:09.263Z","mcbuild","https://mcbuild.org/schematics/11247:stone-bridge","bridges_stone-bridge_mcbuild_x.schem","https://mcbuild.org/download/11247?format=schem","downloaded","","5x8x41, 652 blocks"
"2026-09-26T12:33:09.263Z","mcbuild","https://mcbuild.org/schematics/11252:treehouse","residential_treehouse_mcbuild_x.schem","https://mcbuild.org/download/11252?format=schem","downloaded","","20x26x21, 1485 blocks"
"2026-09-26T12:33:09.263Z","mcbuild","https://mcbuild.org/schematics/11282:teahouse","residential_teahouse_mcbuild_x.schem","https://mcbuild.org/download/11282?format=schem","downloaded","","18x16x47, 2036 blocks"
"2026-09-26T12:33:09.263Z","mcbuild","https://mcbuild.org/schematics/11323:lakehouse","residential_lakehouse_mcbuild_x.schem","https://mcbuild.org/download/11323?format=schem","downloaded","","37x26x49, 9758 blocks"
"2026-09-26T12:33:09.263Z","mcbuild","https://mcbuild.org/schematics/11375:tree-(lanterns)","decor_tree--lanterns-_mcbuild_x.schem","https://mcbuild.org/download/11375?format=schem","downloaded","","10x11x11, 34 blocks"
"2026-09-26T12:33:09.263Z","mcbuild","https://mcbuild.org/schematics/11635:traditional-spruce-house","residential_traditional-spruce-house_mcbuild_x.schem","https://mcbuild.org/download/11635?format=schem","downloaded","","21x16x17, 2781 blocks"
"2026-09-26T12:33:09.263Z","mcbuild","https://mcbuild.org/schematics/11681:asian-4-storey-pagoda-nr3","commercial_asian-4-storey-pagoda-nr3_mcbuild_x.schem","https://mcbuild.org/download/11681?format=schem","downloaded","","44x54x43, 2244 blocks"
"2026-09-26T12:33:09.263Z","mcbuild","https://mcbuild.org/schematics/12151:rustic-modern-home","residential_rustic-modern-home_mcbuild_x.schem","https://mcbuild.org/download/12151?format=schem","downloaded","","33x31x34, 7442 blocks"
"2026-09-26T12:33:09.263Z","mcbuild","https://mcbuild.org/schematics/12250:asian-hotel","commercial_asian-hotel_mcbuild_x.schem","https://mcbuild.org/download/12250?format=schem","downloaded","","37x22x54, 9646 blocks"
"2026-09-26T12:33:09.263Z","mcbuild","https://mcbuild.org/schematics/12322:dark-oak-house","residential_dark-oak-house_mcbuild_x.schem","https://mcbuild.org/download/12322?format=schem","downloaded","","25x39x15, 1994 blocks"
"2026-09-26T12:33:09.263Z","mcbuild","https://mcbuild.org/schematics/12757:contemporary-home","residential_contemporary-home_mcbuild_x.schem","https://mcbuild.org/download/12757?format=schem","downloaded","","81x34x53, 13666 blocks"
"2026-09-26T12:33:09.263Z","mcbuild","https://mcbuild.org/schematics/13079:modern-house(green)-[update-from-2016]","residential_modern-house-green---update-from-2016-_mcbuild_x.schem","https://mcbuild.org/download/13079?format=schem","downloaded","","52x60x52, 29486 blocks"
"2026-09-26T12:33:09.263Z","mcbuild","https://mcbuild.org/schematics/13095:big-spruce-house","residential_big-spruce-house_mcbuild_x.schem","https://mcbuild.org/download/13095?format=schem","downloaded","","42x37x35, 10459 blocks"
"2026-09-26T12:33:09.263Z","mcbuild","https://mcbuild.org/schematics/13137:tower-gate-(zerohero1458)","towers_tower-gate--zerohero1458-_mcbuild_x.schem","https://mcbuild.org/download/13137?format=schem","downloaded","","23x49x13, 2451 blocks"
"2026-09-26T12:33:09.263Z","mcbuild","https://mcbuild.org/schematics/13152:spruce-village-pack---church","residential_spruce-village-pack---church_mcbuild_x.schem","https://mcbuild.org/download/13152?format=schem","downloaded","","16x26x11, 839 blocks"
"2026-09-26T12:33:09.263Z","mcbuild","https://mcbuild.org/schematics/13274:big-tree-[v.1.0]","decor_big-tree--v-1-0-_mcbuild_x.schem","https://mcbuild.org/download/13274?format=schem","downloaded","","47x49x44, 7406 blocks"
"2026-09-26T12:33:09.263Z","mcbuild","https://mcbuild.org/schematics/13294:nice-looking-house","residential_nice-looking-house_mcbuild_x.schem","https://mcbuild.org/download/13294?format=schem","downloaded","","20x18x19, 2960 blocks"
"2026-09-26T12:33:09.263Z","mcbuild","https://mcbuild.org/schematics/13298:minecraft---vet-clinic","public_minecraft---vet-clinic_mcbuild_x.schem","https://mcbuild.org/download/13298?format=schem","downloaded","","38x25x46, 6804 blocks"
"2026-09-26T12:33:09.263Z","mcbuild","https://mcbuild.org/schematics/13355:big-tree","decor_big-tree_mcbuild_x.schem","https://mcbuild.org/download/13355?format=schem","downloaded","","56x58x51, 2833 blocks"
"2026-09-26T12:33:09.263Z","mcbuild","https://mcbuild.org/schematics/13436:factory-2.0","industrial_factory-2-0_mcbuild_x.schem","https://mcbuild.org/download/13436?format=schem","downloaded","","68x48x75, 28457 blocks"
"2026-09-26T12:33:09.263Z","mcbuild","https://mcbuild.org/schematics/13691:mage-tower-from-jeracraft","towers_mage-tower-from-jeracraft_mcbuild_x.schem","https://mcbuild.org/download/13691?format=schem","downloaded","","29x73x29, 7088 blocks"
"2026-09-26T12:33:09.263Z","mcbuild","https://mcbuild.org/schematics/13703:ancient-oak-tree","decor_ancient-oak-tree_mcbuild_x.schem","https://mcbuild.org/download/13703?format=schem","downloaded","","21x14x18, 63 blocks"
"2026-09-26T12:33:09.263Z","mcbuild","https://mcbuild.org/schematics/13800:modern-house-1","residential_modern-house-1_mcbuild_x.schem","https://mcbuild.org/download/13800?format=schem","downloaded","","36x29x52, 6414 blocks"
"2026-09-26T12:33:09.263Z","mcbuild","https://mcbuild.org/schematics/13808:modern-house-2","residential_modern-house-2_mcbuild_x.schem","https://mcbuild.org/download/13808?format=schem","downloaded","","41x39x57, 5074 blocks"
"2026-09-26T12:33:09.263Z","mcbuild","https://mcbuild.org/schematics/13904:mediterranean-style-|-traditional-house","residential_mediterranean-style---traditional-house_mcbuild_x.schem","https://mcbuild.org/download/13904?format=schem","downloaded","","84x35x85, 29269 blocks"
"2026-09-26T12:33:09.263Z","mcbuild","https://mcbuild.org/schematics/1413:modern-apartment-building-|-1.6.2","residential_modern-apartment-building---1-6-2_mcbuild_x.schem","https://mcbuild.org/download/1413?format=schem","downloaded","","58x63x57, 29595 blocks"
"2026-09-26T12:33:09.263Z","mcbuild","https://mcbuild.org/schematics/14135:tree-in-minecraft","decor_tree-in-minecraft_mcbuild_x.schem","https://mcbuild.org/download/14135?format=schem","downloaded","","10x58x13, 43 blocks"
"2026-09-26T12:33:09.263Z","mcbuild","https://mcbuild.org/schematics/14713:wood-shop","commercial_wood-shop_mcbuild_x.schem","https://mcbuild.org/download/14713?format=schem","downloaded","","69x87x70, 65191 blocks"
"2026-09-26T12:33:09.263Z","mcbuild","https://mcbuild.org/schematics/15104:mansion","residential_mansion_mcbuild_x.schem","https://mcbuild.org/download/15104?format=schem","downloaded","","81x40x76, 56861 blocks"
"2026-09-26T12:33:09.263Z","mcbuild","https://mcbuild.org/schematics/15194:tower-with-clock","towers_tower-with-clock_mcbuild_x.schem","https://mcbuild.org/download/15194?format=schem","downloaded","","29x50x35, 4015 blocks"
"2026-09-26T12:33:09.263Z","mcbuild","https://mcbuild.org/schematics/15389:flying-witch-tower","towers_flying-witch-tower_mcbuild_x.schem","https://mcbuild.org/download/15389?format=schem","downloaded","","42x79x16, 4432 blocks"
"2026-09-26T12:33:09.263Z","mcbuild","https://mcbuild.org/schematics/15541:spawn-house","residential_spawn-house_mcbuild_x.schem","https://mcbuild.org/download/15541?format=schem","downloaded","","17x13x17, 1069 blocks"
"2026-09-26T12:33:09.263Z","mcbuild","https://mcbuild.org/schematics/15774:wood-modern-house","residential_wood-modern-house_mcbuild_x.schem","https://mcbuild.org/download/15774?format=schem","downloaded","","23x16x23, 1677 blocks"
"2026-09-26T12:33:09.263Z","mcbuild","https://mcbuild.org/schematics/15971:modern-apartment-building","residential_modern-apartment-building_mcbuild_x.schem","https://mcbuild.org/download/15971?format=schem","downloaded","","47x83x46, 29718 blocks"
"2026-09-26T12:33:09.263Z","mcbuild","https://mcbuild.org/schematics/16079:seaside-nordic-mansion","residential_seaside-nordic-mansion_mcbuild_x.schem","https://mcbuild.org/download/16079?format=schem","downloaded","","57x49x57, 7478 blocks"
"2026-09-26T12:33:09.263Z","mcbuild","https://mcbuild.org/schematics/16271:wood-house","residential_wood-house_mcbuild_x.schem","https://mcbuild.org/download/16271?format=schem","downloaded","","19x19x19, 1624 blocks"
"2026-09-26T12:33:09.263Z","mcbuild","https://mcbuild.org/schematics/16322:blue-modern-tower","towers_blue-modern-tower_mcbuild_x.schem","https://mcbuild.org/download/16322?format=schem","downloaded","","27x102x38, 12551 blocks"
"2026-09-26T12:33:09.263Z","mcbuild","https://mcbuild.org/schematics/16331:stylish-house","residential_stylish-house_mcbuild_x.schem","https://mcbuild.org/download/16331?format=schem","downloaded","","28x25x36, 8019 blocks"
"2026-09-26T12:33:09.263Z","mcbuild","https://mcbuild.org/schematics/16546:small-pond-1","commercial_small-pond-1_mcbuild_x.schem","https://mcbuild.org/download/16546?format=schem","downloaded","","16x12x14, 662 blocks"
"2026-09-26T12:33:09.263Z","mcbuild","https://mcbuild.org/schematics/16562:cherry-tree","decor_cherry-tree_mcbuild_x.schem","https://mcbuild.org/download/16562?format=schem","downloaded","","36x33x36, 3037 blocks"
"2026-09-26T12:33:09.263Z","mcbuild","https://mcbuild.org/schematics/16725:stark-tower","towers_stark-tower_mcbuild_x.schem","https://mcbuild.org/download/16725?format=schem","downloaded","","57x133x37, 24507 blocks"
"2026-09-26T12:33:09.263Z","mcbuild","https://mcbuild.org/schematics/16786:a-small-modern-house","residential_a-small-modern-house_mcbuild_x.schem","https://mcbuild.org/download/16786?format=schem","downloaded","","19x11x17, 1123 blocks"
"2026-09-26T12:33:09.263Z","mcbuild","https://mcbuild.org/schematics/17730:real-kfc-restaurant","commercial_real-kfc-restaurant_mcbuild_x.schem","https://mcbuild.org/download/17730?format=schem","downloaded","","84x11x49, 11920 blocks"
"2026-09-26T12:33:09.263Z","mcbuild","https://mcbuild.org/schematics/17858:jarl---viking-house-/-maison-de-jarl---viking","residential_jarl---viking-house---maison-de-jarl---vikin_mcbuild_x.schem","https://mcbuild.org/download/17858?format=schem","downloaded","","32x35x57, 4894 blocks"
"2026-09-26T12:33:09.263Z","mcbuild","https://mcbuild.org/schematics/18043:starting-house-(mansion)","residential_starting-house--mansion-_mcbuild_x.schem","https://mcbuild.org/download/18043?format=schem","downloaded","","33x23x33, 5961 blocks"
"2026-09-26T12:33:09.263Z","mcbuild","https://mcbuild.org/schematics/18240:simple-resource-warehouse","residential_simple-resource-warehouse_mcbuild_x.schem","https://mcbuild.org/download/18240?format=schem","downloaded","","17x10x13, 1032 blocks"
"2026-09-26T12:33:09.263Z","mcbuild","https://mcbuild.org/schematics/18295:big-minecraft-modern-house","residential_big-minecraft-modern-house_mcbuild_x.schem","https://mcbuild.org/download/18295?format=schem","downloaded","","68x17x85, 40078 blocks"
"2026-09-26T12:33:09.263Z","mcbuild","https://mcbuild.org/schematics/18504:market-with-the-villagers","residential_market-with-the-villagers_mcbuild_x.schem","https://mcbuild.org/download/18504?format=schem","downloaded","","28x22x15, 3915 blocks"
"2026-09-26T12:33:09.263Z","mcbuild","https://mcbuild.org/schematics/18516:stark-tower","towers_stark-tower_mcbuild_x-2.schem","https://mcbuild.org/download/18516?format=schem","downloaded","","57x133x37, 23343 blocks"
"2026-09-26T12:33:09.263Z","mcbuild","https://mcbuild.org/schematics/18524:modern-mansion","residential_modern-mansion_mcbuild_x.schem","https://mcbuild.org/download/18524?format=schem","downloaded","","140x27x112, 125163 blocks"
"2026-09-26T12:33:09.263Z","mcbuild","https://mcbuild.org/schematics/18527:blue-modern-tower","towers_blue-modern-tower_mcbuild_x-2.schem","https://mcbuild.org/download/18527?format=schem","downloaded","","27x102x38, 12551 blocks"
"2026-09-26T12:33:09.263Z","mcbuild","https://mcbuild.org/schematics/18536:lakehouse","residential_lakehouse_mcbuild_x-2.schem","https://mcbuild.org/download/18536?format=schem","downloaded","","37x26x49, 9758 blocks"
"2026-09-26T12:33:09.263Z","mcbuild","https://mcbuild.org/schematics/18537:iron-man's-mansion","residential_iron-man-s-mansion_mcbuild_x.schem","https://mcbuild.org/download/18537?format=schem","downloaded","","142x35x147, 35276 blocks"
"2026-09-26T12:33:09.263Z","mcbuild","https://mcbuild.org/schematics/18538:classic-modern-house","residential_classic-modern-house_mcbuild_x.schem","https://mcbuild.org/download/18538?format=schem","downloaded","","68x36x70, 87011 blocks"
"2026-09-26T12:33:09.263Z","mcbuild","https://mcbuild.org/schematics/18539:modern-apartment-building","residential_modern-apartment-building_mcbuild_x-2.schem","https://mcbuild.org/download/18539?format=schem","downloaded","","58x63x57, 29595 blocks"
"2026-09-26T12:33:09.263Z","mcbuild","https://mcbuild.org/schematics/18546:parkour-tower","towers_parkour-tower_mcbuild_x.schem","https://mcbuild.org/download/18546?format=schem","downloaded","","64x185x64, 51259 blocks"
"2026-09-26T12:33:09.263Z","mcbuild","https://mcbuild.org/schematics/18554:lighthouse","residential_lighthouse_mcbuild_x.schem","https://mcbuild.org/download/18554?format=schem","downloaded","","21x98x32, 8490 blocks"
"2026-09-26T12:33:09.263Z","mcbuild","https://mcbuild.org/schematics/18557:clock-tower","towers_clock-tower_mcbuild_x.schem","https://mcbuild.org/download/18557?format=schem","downloaded","","29x50x35, 4015 blocks"
"2026-09-26T12:33:09.263Z","mcbuild","https://mcbuild.org/schematics/18559:colonial-mansion","residential_colonial-mansion_mcbuild_x.schem","https://mcbuild.org/download/18559?format=schem","downloaded","","82x32x125, 44661 blocks"
"2026-09-26T12:33:09.263Z","mcbuild","https://mcbuild.org/schematics/18565:small-town","commercial_small-town_mcbuild_x.schem","https://mcbuild.org/download/18565?format=schem","downloaded","","68x28x75, 21060 blocks"
"2026-09-26T12:33:09.263Z","mcbuild","https://mcbuild.org/schematics/18568:skate-park","parks_skate-park_mcbuild_x.schem","https://mcbuild.org/download/18568?format=schem","downloaded","","86x33x109, 23072 blocks"
"2026-09-26T12:33:09.263Z","mcbuild","https://mcbuild.org/schematics/18572:factory-building","industrial_factory-building_mcbuild_x.schem","https://mcbuild.org/download/18572?format=schem","downloaded","","68x48x75, 28457 blocks"
"2026-09-26T12:33:09.263Z","mcbuild","https://mcbuild.org/schematics/18576:traditional-house","residential_traditional-house_mcbuild_x.schem","https://mcbuild.org/download/18576?format=schem","downloaded","","76x24x66, 15201 blocks"
"2026-09-26T12:33:09.263Z","mcbuild","https://mcbuild.org/schematics/18579:beach-house","residential_beach-house_mcbuild_x.schem","https://mcbuild.org/download/18579?format=schem","downloaded","","35x32x33, 5323 blocks"
"2026-09-26T12:33:09.263Z","mcbuild","https://mcbuild.org/schematics/18581:pokemon-stadium","public_pokemon-stadium_mcbuild_x.schem","https://mcbuild.org/download/18581?format=schem","downloaded","","94x70x125, 30136 blocks"
"2026-09-26T12:33:09.263Z","mcbuild","https://mcbuild.org/schematics/18582:dream-survival-house","residential_dream-survival-house_mcbuild_x.schem","https://mcbuild.org/download/18582?format=schem","downloaded","","29x17x18, 2764 blocks"
"2026-09-26T12:33:09.263Z","mcbuild","https://mcbuild.org/schematics/18583:harbor-village","residential_harbor-village_mcbuild_x.schem","https://mcbuild.org/download/18583?format=schem","downloaded","","87x51x62, 71594 blocks"
"2026-09-26T12:33:09.263Z","mcbuild","https://mcbuild.org/schematics/18587:furnished-yacht","waterfront_furnished-yacht_mcbuild_x.schem","https://mcbuild.org/download/18587?format=schem","downloaded","","39x43x169, 21400 blocks"
"2026-09-26T12:33:09.263Z","mcbuild","https://mcbuild.org/schematics/18593:large-yacht","waterfront_large-yacht_mcbuild_x.schem","https://mcbuild.org/download/18593?format=schem","downloaded","","76x19x19, 7330 blocks"
"2026-09-26T12:33:09.263Z","mcbuild","https://mcbuild.org/schematics/18597:giant-church","public_giant-church_mcbuild_x.schem","https://mcbuild.org/download/18597?format=schem","downloaded","","141x43x47, 116000 blocks"
"2026-09-26T12:33:09.263Z","mcbuild","https://mcbuild.org/schematics/18601:hobbit-home","residential_hobbit-home_mcbuild_x.schem","https://mcbuild.org/download/18601?format=schem","downloaded","","77x35x61, 57845 blocks"
"2026-09-26T12:33:09.263Z","mcbuild","https://mcbuild.org/schematics/18603:most-secured-house","residential_most-secured-house_mcbuild_x.schem","https://mcbuild.org/download/18603?format=schem","downloaded","","73x53x70, 26335 blocks"
"2026-09-26T12:33:09.263Z","mcbuild","https://mcbuild.org/schematics/18610:desert-city","decor_desert-city_mcbuild_x.schem","https://mcbuild.org/download/18610?format=schem","downloaded","","79x25x84, 30147 blocks"
"2026-09-26T12:33:09.263Z","mcbuild","https://mcbuild.org/schematics/18611:skyscraper","towers_skyscraper_mcbuild_x.schem","https://mcbuild.org/download/18611?format=schem","downloaded","","33x142x33, 53588 blocks"
"2026-09-26T12:33:09.263Z","mcbuild","https://mcbuild.org/schematics/18624:japanese-style-house","residential_japanese-style-house_mcbuild_x.schem","https://mcbuild.org/download/18624?format=schem","downloaded","","21x17x24, 2060 blocks"
"2026-09-26T12:33:09.263Z","mcbuild","https://mcbuild.org/schematics/18625:seaside-nordic-mansion","residential_seaside-nordic-mansion_mcbuild_x-2.schem","https://mcbuild.org/download/18625?format=schem","downloaded","","57x49x57, 7478 blocks"
"2026-09-26T12:33:09.263Z","mcbuild","https://mcbuild.org/schematics/18632:little-shop","commercial_little-shop_mcbuild_x.schem","https://mcbuild.org/download/18632?format=schem","downloaded","","15x27x13, 1618 blocks"
"2026-09-26T12:33:09.263Z","mcbuild","https://mcbuild.org/schematics/18636:apartment-building","residential_apartment-building_mcbuild_x.schem","https://mcbuild.org/download/18636?format=schem","downloaded","","22x55x38, 13000 blocks"
"2026-09-26T12:33:09.263Z","mcbuild","https://mcbuild.org/schematics/18638:small-cozy-house","residential_small-cozy-house_mcbuild_x.schem","https://mcbuild.org/download/18638?format=schem","downloaded","","21x12x13, 1577 blocks"
"2026-09-26T12:33:09.263Z","mcbuild","https://mcbuild.org/schematics/18639:assassins-creed-tower","towers_assassins-creed-tower_mcbuild_x.schem","https://mcbuild.org/download/18639?format=schem","downloaded","","64x124x64, 25846 blocks"
"2026-09-26T12:33:09.263Z","mcbuild","https://mcbuild.org/schematics/18641:twins-towers-gate","towers_twins-towers-gate_mcbuild_x.schem","https://mcbuild.org/download/18641?format=schem","downloaded","","10x20x18, 1087 blocks"
"2026-09-26T12:33:09.263Z","mcbuild","https://mcbuild.org/schematics/18644:hollywood-hills-mansion","residential_hollywood-hills-mansion_mcbuild_x.schem","https://mcbuild.org/download/18644?format=schem","downloaded","","78x26x41, 36388 blocks"
"2026-09-26T12:33:09.263Z","mcbuild","https://mcbuild.org/schematics/18646:santa's-workshop","commercial_santa-s-workshop_mcbuild_x.schem","https://mcbuild.org/download/18646?format=schem","downloaded","","90x44x30, 14095 blocks"
"2026-09-26T12:33:09.263Z","mcbuild","https://mcbuild.org/schematics/18647:modern-hotel","towers_modern-hotel_mcbuild_x.schem","https://mcbuild.org/download/18647?format=schem","downloaded","","80x46x106, 100538 blocks"
"2026-09-26T12:33:09.263Z","mcbuild","https://mcbuild.org/schematics/18650:beach-hotel","towers_beach-hotel_mcbuild_x.schem","https://mcbuild.org/download/18650?format=schem","downloaded","","35x102x42, 62453 blocks"
"2026-09-26T12:33:09.263Z","mcbuild","https://mcbuild.org/schematics/18657:train-station","transport_train-station_mcbuild_x.schem","https://mcbuild.org/download/18657?format=schem","downloaded","","17x41x37, 2754 blocks"
"2026-09-26T12:33:09.263Z","mcbuild","https://mcbuild.org/schematics/18658:modern-house-on-a-hilltop","residential_modern-house-on-a-hilltop_mcbuild_x.schem","https://mcbuild.org/download/18658?format=schem","downloaded","","91x38x97, 100157 blocks"
"2026-09-26T12:33:09.263Z","mcbuild","https://mcbuild.org/schematics/18663:hobbit-home","residential_hobbit-home_mcbuild_x-2.schem","https://mcbuild.org/download/18663?format=schem","downloaded","","77x35x61, 57845 blocks"
"2026-09-26T12:33:09.263Z","mcbuild","https://mcbuild.org/schematics/18666:raptor-paddock","waterfront_raptor-paddock_mcbuild_x.schem","https://mcbuild.org/download/18666?format=schem","downloaded","","61x31x76, 23426 blocks"
"2026-09-26T12:33:09.263Z","mcbuild","https://mcbuild.org/schematics/18669:villa","residential_villa_mcbuild_x.schem","https://mcbuild.org/download/18669?format=schem","downloaded","","112x44x158, 151577 blocks"
"2026-09-26T12:33:09.263Z","mcbuild","https://mcbuild.org/schematics/18672:resident-evil-4-church","public_resident-evil-4-church_mcbuild_x.schem","https://mcbuild.org/download/18672?format=schem","downloaded","","37x40x33, 4890 blocks"
"2026-09-26T12:33:09.263Z","mcbuild","https://mcbuild.org/schematics/18679:the-majestic-hotel","towers_the-majestic-hotel_mcbuild_x.schem","https://mcbuild.org/download/18679?format=schem","downloaded","","14x45x27, 4194 blocks"
"2026-09-26T12:33:09.263Z","mcbuild","https://mcbuild.org/schematics/18680:mansion-and-place","residential_mansion-and-place_mcbuild_x.schem","https://mcbuild.org/download/18680?format=schem","downloaded","","1x11x63, 375 blocks"
"2026-09-26T12:33:09.263Z","mcbuild","https://mcbuild.org/schematics/18688:saltillo-cathedral-tower","towers_saltillo-cathedral-tower_mcbuild_x.schem","https://mcbuild.org/download/18688?format=schem","downloaded","","37x152x37, 25546 blocks"
"2026-09-26T12:33:09.263Z","mcbuild","https://mcbuild.org/schematics/18689:rustic-mansion","residential_rustic-mansion_mcbuild_x.schem","https://mcbuild.org/download/18689?format=schem","downloaded","","37x23x50, 10066 blocks"
"2026-09-26T12:33:09.263Z","mcbuild","https://mcbuild.org/schematics/18695:apple-store","commercial_apple-store_mcbuild_x.schem","https://mcbuild.org/download/18695?format=schem","downloaded","","27x36x41, 9237 blocks"
"2026-09-26T12:33:09.263Z","mcbuild","https://mcbuild.org/schematics/18699:sydney-museum-of-modern-art","public_sydney-museum-of-modern-art_mcbuild_x.schem","https://mcbuild.org/download/18699?format=schem","downloaded","","105x55x58, 36697 blocks"
"2026-09-26T12:33:09.263Z","mcbuild","https://mcbuild.org/schematics/18703:supermario-parkour","parks_supermario-parkour_mcbuild_x.schem","https://mcbuild.org/download/18703?format=schem","downloaded","","73x10x4, 1699 blocks"
"2026-09-26T12:33:09.263Z","mcbuild","https://mcbuild.org/schematics/18704:sauron's-tower","towers_sauron-s-tower_mcbuild_x.schem","https://mcbuild.org/download/18704?format=schem","downloaded","","67x94x65, 5663 blocks"
"2026-09-26T12:33:09.263Z","mcbuild","https://mcbuild.org/schematics/18705:sand-palace-station","transport_sand-palace-station_mcbuild_x.schem","https://mcbuild.org/download/18705?format=schem","downloaded","","87x45x115, 247568 blocks"
"2026-09-26T12:33:09.263Z","mcbuild","https://mcbuild.org/schematics/190:supreme-house-asian-style","residential_supreme-house-asian-style_mcbuild_x.schem","https://mcbuild.org/download/190?format=schem","downloaded","","30x29x25, 4488 blocks"
"2026-09-26T12:33:09.263Z","mcbuild","https://mcbuild.org/schematics/211:modern-2-story-house-above-small-pond","residential_modern-2-story-house-above-small-pond_mcbuild_x.schem","https://mcbuild.org/download/211?format=schem","downloaded","","62x23x63, 45031 blocks"
"2026-09-26T12:33:09.263Z","mcbuild","https://mcbuild.org/schematics/214:rustic-small-town","commercial_rustic-small-town_mcbuild_x.schem","https://mcbuild.org/download/214?format=schem","downloaded","","68x28x75, 21060 blocks"
"2026-09-26T12:33:09.263Z","mcbuild","https://mcbuild.org/schematics/2305:georgian-house-#1-|-full-furnished-|-1.6.4","residential_georgian-house--1---full-furnished---1-6-4_mcbuild_x.schem","https://mcbuild.org/download/2305?format=schem","downloaded","","73x24x80, 16368 blocks"
"2026-09-26T12:33:09.263Z","mcbuild","https://mcbuild.org/schematics/2353:modern-house-ii","residential_modern-house-ii_mcbuild_x.schem","https://mcbuild.org/download/2353?format=schem","downloaded","","53x30x45, 13304 blocks"
"2026-09-26T12:33:09.263Z","mcbuild","https://mcbuild.org/schematics/2411:small-cozy-house","residential_small-cozy-house_mcbuild_x-2.schem","https://mcbuild.org/download/2411?format=schem","downloaded","","21x12x13, 1577 blocks"
"2026-09-26T12:33:09.263Z","mcbuild","https://mcbuild.org/schematics/2417:burger-shop","commercial_burger-shop_mcbuild_x.schem","https://mcbuild.org/download/2417?format=schem","downloaded","","33x19x38, 5032 blocks"
"2026-09-26T12:33:09.263Z","mcbuild","https://mcbuild.org/schematics/249:large-3-story-mansion","residential_large-3-story-mansion_mcbuild_x.schem","https://mcbuild.org/download/249?format=schem","downloaded","","62x69x62, 34152 blocks"
"2026-09-26T12:33:09.263Z","mcbuild","https://mcbuild.org/schematics/2545:stark-tower","towers_stark-tower_mcbuild_x-3.schem","https://mcbuild.org/download/2545?format=schem","downloaded","","101x208x49, 60638 blocks"
"2026-09-26T12:33:09.263Z","mcbuild","https://mcbuild.org/schematics/2632:suburban-house-#1-|-full-furnished-|-1.7.4","residential_suburban-house--1---full-furnished---1-7-4_mcbuild_x.schem","https://mcbuild.org/download/2632?format=schem","downloaded","","116x30x86, 70251 blocks"
"2026-09-26T12:33:09.263Z","mcbuild","https://mcbuild.org/schematics/2784:european-mansion-#1-|-by-goldeneye33","residential_european-mansion--1---by-goldeneye33_mcbuild_x.schem","https://mcbuild.org/download/2784?format=schem","downloaded","","156x29x151, 90613 blocks"
"2026-09-26T12:33:09.263Z","mcbuild","https://mcbuild.org/schematics/2876:modern-house-[d.i.y-interior]","residential_modern-house--d-i-y-interior-_mcbuild_x.schem","https://mcbuild.org/download/2876?format=schem","downloaded","","36x24x33, 6885 blocks"
"2026-09-26T12:33:09.263Z","mcbuild","https://mcbuild.org/schematics/2898:traditional-house","residential_traditional-house_mcbuild_x-2.schem","https://mcbuild.org/download/2898?format=schem","downloaded","","56x24x54, 9186 blocks"
"2026-09-26T12:33:09.263Z","mcbuild","https://mcbuild.org/schematics/2924:traditional-house-2","residential_traditional-house-2_mcbuild_x.schem","https://mcbuild.org/download/2924?format=schem","downloaded","","76x24x66, 15201 blocks"
"2026-09-26T12:33:09.263Z","mcbuild","https://mcbuild.org/schematics/2947:traditional-house-#4-|-by-goldeneye33","residential_traditional-house--4---by-goldeneye33_mcbuild_x.schem","https://mcbuild.org/download/2947?format=schem","downloaded","","98x28x87, 37822 blocks"
"2026-09-26T12:33:09.263Z","mcbuild","https://mcbuild.org/schematics/314:jungle-treehouse","residential_jungle-treehouse_mcbuild_x.schem","https://mcbuild.org/download/314?format=schem","downloaded","","33x36x26, 2680 blocks"
"2026-09-26T12:33:09.263Z","mcbuild","https://mcbuild.org/schematics/3171:modern-burger-shop","commercial_modern-burger-shop_mcbuild_x.schem","https://mcbuild.org/download/3171?format=schem","downloaded","","21x27x24, 6432 blocks"
"2026-09-26T12:33:09.263Z","mcbuild","https://mcbuild.org/schematics/3249:hollywood-style-mansion-|-by-goldeneye33","residential_hollywood-style-mansion---by-goldeneye33_mcbuild_x.schem","https://mcbuild.org/download/3249?format=schem","downloaded","","100x24x92, 40680 blocks"
"2026-09-26T12:33:09.263Z","mcbuild","https://mcbuild.org/schematics/3388:nordic-house-#2","residential_nordic-house--2_mcbuild_x.schem","https://mcbuild.org/download/3388?format=schem","downloaded","","35x27x41, 3711 blocks"
"2026-09-26T12:33:09.263Z","mcbuild","https://mcbuild.org/schematics/3393:japanese-pagoda-plus-tea-house","residential_japanese-pagoda-plus-tea-house_mcbuild_x.schem","https://mcbuild.org/download/3393?format=schem","downloaded","","45x56x66, 19331 blocks"
"2026-09-26T12:33:09.263Z","mcbuild","https://mcbuild.org/schematics/3508:futurist-modern-house-#2","residential_futurist-modern-house--2_mcbuild_x.schem","https://mcbuild.org/download/3508?format=schem","downloaded","","64x28x66, 27472 blocks"
"2026-09-26T12:33:09.263Z","mcbuild","https://mcbuild.org/schematics/3515:plantation-mansion-#1-|-architecture","residential_plantation-mansion--1---architecture_mcbuild_x.schem","https://mcbuild.org/download/3515?format=schem","downloaded","","83x27x90, 19522 blocks"
"2026-09-26T12:33:09.263Z","mcbuild","https://mcbuild.org/schematics/3555:office-building-|-architecture","towers_office-building---architecture_mcbuild_x.schem","https://mcbuild.org/download/3555?format=schem","downloaded","","43x58x37, 20722 blocks"
"2026-09-26T12:33:09.263Z","mcbuild","https://mcbuild.org/schematics/3582:european-mansion-2","residential_european-mansion-2_mcbuild_x.schem","https://mcbuild.org/download/3582?format=schem","downloaded","","84x26x80, 17708 blocks"
"2026-09-26T12:33:09.263Z","mcbuild","https://mcbuild.org/schematics/3691:futurist-modern-house/tower","towers_futurist-modern-house-tower_mcbuild_x.schem","https://mcbuild.org/download/3691?format=schem","downloaded","","39x37x49, 11171 blocks"
"2026-09-26T12:33:09.263Z","mcbuild","https://mcbuild.org/schematics/3701:modern-house","residential_modern-house_mcbuild_x.schem","https://mcbuild.org/download/3701?format=schem","downloaded","","61x26x52, 15740 blocks"
"2026-09-26T12:33:09.263Z","mcbuild","https://mcbuild.org/schematics/371:grand-central-park","parks_grand-central-park_mcbuild_x.schem","https://mcbuild.org/download/371?format=schem","downloaded","","142x49x126, 65443 blocks"
"2026-09-26T12:33:09.263Z","mcbuild","https://mcbuild.org/schematics/372:modern-grand-fountain","parks_modern-grand-fountain_mcbuild_x.schem","https://mcbuild.org/download/372?format=schem","downloaded","","33x48x33, 6103 blocks"
"2026-09-26T12:33:09.263Z","mcbuild","https://mcbuild.org/schematics/3849:modern/futuristic-city-building.","decor_modern-futuristic-city-building-_mcbuild_x.schem","https://mcbuild.org/download/3849?format=schem","downloaded","","73x64x49, 40684 blocks"
"2026-09-26T12:33:09.263Z","mcbuild","https://mcbuild.org/schematics/3975:big-tree","decor_big-tree_mcbuild_x-2.schem","https://mcbuild.org/download/3975?format=schem","downloaded","","45x44x44, 3020 blocks"
"2026-09-26T12:33:09.263Z","mcbuild","https://mcbuild.org/schematics/3981:colonial-mansion-1","residential_colonial-mansion-1_mcbuild_x.schem","https://mcbuild.org/download/3981?format=schem","downloaded","","82x32x125, 44661 blocks"
"2026-09-26T12:33:09.263Z","mcbuild","https://mcbuild.org/schematics/4029:tower-(complete)","towers_tower--complete-_mcbuild_x.schem","https://mcbuild.org/download/4029?format=schem","downloaded","","64x185x64, 51259 blocks"
"2026-09-26T12:33:09.263Z","mcbuild","https://mcbuild.org/schematics/4084:35x35-futuristic-house-plot","residential_35x35-futuristic-house-plot_mcbuild_x.schem","https://mcbuild.org/download/4084?format=schem","downloaded","","37x33x37, 13865 blocks"
"2026-09-26T12:33:09.263Z","mcbuild","https://mcbuild.org/schematics/4091:mansion-#3","residential_mansion--3_mcbuild_x.schem","https://mcbuild.org/download/4091?format=schem","downloaded","","169x40x142, 78334 blocks"
"2026-09-26T12:33:09.263Z","mcbuild","https://mcbuild.org/schematics/4332:twin-hotel-towers","towers_twin-hotel-towers_mcbuild_x.schem","https://mcbuild.org/download/4332?format=schem","downloaded","","102x145x78, 65869 blocks"
"2026-09-26T12:33:09.263Z","mcbuild","https://mcbuild.org/schematics/4370:modern-house","residential_modern-house_mcbuild_x-2.schem","https://mcbuild.org/download/4370?format=schem","downloaded","","121x24x124, 69453 blocks"
"2026-09-26T12:33:09.263Z","mcbuild","https://mcbuild.org/schematics/444:luxurious-cove-house","residential_luxurious-cove-house_mcbuild_x.schem","https://mcbuild.org/download/444?format=schem","downloaded","","129x45x128, 502679 blocks"
"2026-09-26T12:33:09.263Z","mcbuild","https://mcbuild.org/schematics/445:classic-modern-house","residential_classic-modern-house_mcbuild_x-2.schem","https://mcbuild.org/download/445?format=schem","downloaded","","68x36x70, 87011 blocks"
"2026-09-26T12:33:09.263Z","mcbuild","https://mcbuild.org/schematics/4514:final-house","residential_final-house_mcbuild_x.schem","https://mcbuild.org/download/4514?format=schem","downloaded","","53x30x60, 15387 blocks"
"2026-09-26T12:33:09.263Z","mcbuild","https://mcbuild.org/schematics/4584:traditional-mansion","residential_traditional-mansion_mcbuild_x.schem","https://mcbuild.org/download/4584?format=schem","downloaded","","177x34x141, 131065 blocks"
"2026-09-26T12:33:09.263Z","mcbuild","https://mcbuild.org/schematics/4641:modern-city-building","decor_modern-city-building_mcbuild_x.schem","https://mcbuild.org/download/4641?format=schem","downloaded","","45x98x56, 42995 blocks"
"2026-09-26T12:33:09.263Z","mcbuild","https://mcbuild.org/schematics/4875:exampleton-basic-village","residential_exampleton-basic-village_mcbuild_x.schem","https://mcbuild.org/download/4875?format=schem","downloaded","","145x29x143, 259590 blocks"
"2026-09-26T12:33:09.263Z","mcbuild","https://mcbuild.org/schematics/4949:modern-townhouse-2","residential_modern-townhouse-2_mcbuild_x.schem","https://mcbuild.org/download/4949?format=schem","downloaded","","32x20x40, 6907 blocks"
"2026-09-26T12:33:09.263Z","mcbuild","https://mcbuild.org/schematics/5020:modern-box-house","residential_modern-box-house_mcbuild_x.schem","https://mcbuild.org/download/5020?format=schem","downloaded","","55x33x45, 18009 blocks"
"2026-09-26T12:33:09.263Z","mcbuild","https://mcbuild.org/schematics/561:contemporary-survival-starter-house","residential_contemporary-survival-starter-house_mcbuild_x.schem","https://mcbuild.org/download/561?format=schem","downloaded","","10x28x10, 1625 blocks"
"2026-09-26T12:33:09.263Z","mcbuild","https://mcbuild.org/schematics/5704:modern-house","residential_modern-house_mcbuild_x-3.schem","https://mcbuild.org/download/5704?format=schem","downloaded","","60x18x77, 23115 blocks"
"2026-09-26T12:33:09.263Z","mcbuild","https://mcbuild.org/schematics/5705:japanese-style-house","residential_japanese-style-house_mcbuild_x-2.schem","https://mcbuild.org/download/5705?format=schem","downloaded","","21x17x24, 2060 blocks"
"2026-09-26T12:33:09.263Z","mcbuild","https://mcbuild.org/schematics/5706:japanese-style-house-(standard)","residential_japanese-style-house--standard-_mcbuild_x.schem","https://mcbuild.org/download/5706?format=schem","downloaded","","21x17x24, 2106 blocks"
"2026-09-26T12:33:09.263Z","mcbuild","https://mcbuild.org/schematics/5780:16x16-modern-house-1","residential_16x16-modern-house-1_mcbuild_x.schem","https://mcbuild.org/download/5780?format=schem","downloaded","","16x17x16, 1715 blocks"
"2026-09-26T12:33:09.263Z","mcbuild","https://mcbuild.org/schematics/5781:16x16-modern-house-2","residential_16x16-modern-house-2_mcbuild_x.schem","https://mcbuild.org/download/5781?format=schem","downloaded","","16x13x16, 1256 blocks"
"2026-09-26T12:33:09.263Z","mcbuild","https://mcbuild.org/schematics/5782:16x16-modern-house-3","residential_16x16-modern-house-3_mcbuild_x.schem","https://mcbuild.org/download/5782?format=schem","downloaded","","17x18x16, 1797 blocks"
"2026-09-26T12:33:09.263Z","mcbuild","https://mcbuild.org/schematics/5974:desert-city","decor_desert-city_mcbuild_x-2.schem","https://mcbuild.org/download/5974?format=schem","downloaded","","79x25x84, 30147 blocks"
"2026-09-26T12:33:09.263Z","mcbuild","https://mcbuild.org/schematics/6296:modern-mansion","residential_modern-mansion_mcbuild_x-2.schem","https://mcbuild.org/download/6296?format=schem","downloaded","","89x38x119, 65897 blocks"
"2026-09-26T12:33:09.263Z","mcbuild","https://mcbuild.org/schematics/6401:traditional-mansion-2","residential_traditional-mansion-2_mcbuild_x.schem","https://mcbuild.org/download/6401?format=schem","downloaded","","66x33x56, 27592 blocks"
"2026-09-26T12:33:09.263Z","mcbuild","https://mcbuild.org/schematics/6430:rustic-mansion/large-house","residential_rustic-mansion-large-house_mcbuild_x.schem","https://mcbuild.org/download/6430?format=schem","downloaded","","47x35x53, 11230 blocks"
"2026-09-26T12:33:09.263Z","mcbuild","https://mcbuild.org/schematics/6436:mansion","residential_mansion_mcbuild_x-2.schem","https://mcbuild.org/download/6436?format=schem","downloaded","","147x42x185, 226072 blocks"
"2026-09-26T12:33:09.263Z","mcbuild","https://mcbuild.org/schematics/6526:traditional-mansion","residential_traditional-mansion_mcbuild_x-2.schem","https://mcbuild.org/download/6526?format=schem","downloaded","","80x28x83, 36074 blocks"
"2026-09-26T12:33:09.263Z","mcbuild","https://mcbuild.org/schematics/6619:large-modern-house","residential_large-modern-house_mcbuild_x.schem","https://mcbuild.org/download/6619?format=schem","downloaded","","104x34x53, 55908 blocks"
"2026-09-26T12:33:09.263Z","mcbuild","https://mcbuild.org/schematics/679:cascade-city","decor_cascade-city_mcbuild_x.schem","https://mcbuild.org/download/679?format=schem","downloaded","","101x109x102, 84485 blocks"
"2026-09-26T12:33:09.263Z","mcbuild","https://mcbuild.org/schematics/6793:modern-house","residential_modern-house_mcbuild_x-4.schem","https://mcbuild.org/download/6793?format=schem","downloaded","","56x22x51, 26792 blocks"
"2026-09-26T12:33:09.263Z","mcbuild","https://mcbuild.org/schematics/6976:modern-house","residential_modern-house_mcbuild_x-5.schem","https://mcbuild.org/download/6976?format=schem","downloaded","","61x31x52, 13879 blocks"
"2026-09-26T12:33:09.263Z","mcbuild","https://mcbuild.org/schematics/6977:modern-house-3","residential_modern-house-3_mcbuild_x.schem","https://mcbuild.org/download/6977?format=schem","downloaded","","35x25x35, 6490 blocks"
"2026-09-26T12:33:09.263Z","mcbuild","https://mcbuild.org/schematics/7011:futuristic-house","residential_futuristic-house_mcbuild_x.schem","https://mcbuild.org/download/7011?format=schem","downloaded","","72x24x78, 35345 blocks"
"2026-09-26T12:33:09.263Z","mcbuild","https://mcbuild.org/schematics/7017:iron-man's-mansion","residential_iron-man-s-mansion_mcbuild_x-2.schem","https://mcbuild.org/download/7017?format=schem","downloaded","","142x35x147, 35276 blocks"
"2026-09-26T12:33:09.263Z","mcbuild","https://mcbuild.org/schematics/7026:modern-mansion","residential_modern-mansion_mcbuild_x-3.schem","https://mcbuild.org/download/7026?format=schem","downloaded","","140x27x112, 125163 blocks"
"2026-09-26T12:33:09.263Z","mcbuild","https://mcbuild.org/schematics/7051:epich-yacht-[fully-furnished]","waterfront_epich-yacht--fully-furnished-_mcbuild_x.schem","https://mcbuild.org/download/7051?format=schem","downloaded","","154x47x37, 78696 blocks"
"2026-09-26T12:33:09.263Z","mcbuild","https://mcbuild.org/schematics/7376:modern-house","residential_modern-house_mcbuild_x-6.schem","https://mcbuild.org/download/7376?format=schem","downloaded","","38x21x31, 7334 blocks"
"2026-09-26T12:33:09.263Z","mcbuild","https://mcbuild.org/schematics/7378:futuristic-house","residential_futuristic-house_mcbuild_x-2.schem","https://mcbuild.org/download/7378?format=schem","downloaded","","65x21x53, 15452 blocks"
"2026-09-26T12:33:09.263Z","mcbuild","https://mcbuild.org/schematics/7518:modern-house","residential_modern-house_mcbuild_x-7.schem","https://mcbuild.org/download/7518?format=schem","downloaded","","36x25x44, 9337 blocks"
"2026-09-26T12:33:09.263Z","mcbuild","https://mcbuild.org/schematics/7717:oakheart-house-ii","residential_oakheart-house-ii_mcbuild_x.schem","https://mcbuild.org/download/7717?format=schem","downloaded","","21x19x19, 1897 blocks"
"2026-09-26T12:33:09.263Z","mcbuild","https://mcbuild.org/schematics/7801:panda-express-restaurant","commercial_panda-express-restaurant_mcbuild_x.schem","https://mcbuild.org/download/7801?format=schem","downloaded","","61x17x51, 10960 blocks"
"2026-09-26T12:33:09.263Z","mcbuild","https://mcbuild.org/schematics/7827:large-traditional-modern-house","residential_large-traditional-modern-house_mcbuild_x.schem","https://mcbuild.org/download/7827?format=schem","downloaded","","48x21x52, 11365 blocks"
"2026-09-26T12:33:09.263Z","mcbuild","https://mcbuild.org/schematics/7863:town","waterfront_town_mcbuild_x.schem","https://mcbuild.org/download/7863?format=schem","downloaded","","114x56x118, 257044 blocks"
"2026-09-26T12:33:09.263Z","mcbuild","https://mcbuild.org/schematics/788:pokemon-stadium-super-smash-brawl","public_pokemon-stadium-super-smash-brawl_mcbuild_x.schem","https://mcbuild.org/download/788?format=schem","downloaded","","112x45x72, 39421 blocks"
"2026-09-26T12:33:09.263Z","mcbuild","https://mcbuild.org/schematics/7884:large-modern-house","residential_large-modern-house_mcbuild_x-2.schem","https://mcbuild.org/download/7884?format=schem","downloaded","","60x22x59, 18555 blocks"
"2026-09-26T12:33:09.263Z","mcbuild","https://mcbuild.org/schematics/7924:modern-house","residential_modern-house_mcbuild_x-8.schem","https://mcbuild.org/download/7924?format=schem","downloaded","","46x23x46, 10697 blocks"
"2026-09-26T12:33:09.263Z","mcbuild","https://mcbuild.org/schematics/7942:futuristic-mansion","residential_futuristic-mansion_mcbuild_x.schem","https://mcbuild.org/download/7942?format=schem","downloaded","","91x28x93, 78837 blocks"
"2026-09-26T12:33:09.263Z","mcbuild","https://mcbuild.org/schematics/7998:light-house-(with-working-lights)","residential_light-house--with-working-lights-_mcbuild_x.schem","https://mcbuild.org/download/7998?format=schem","downloaded","","31x54x32, 6248 blocks"
"2026-09-26T12:33:09.263Z","mcbuild","https://mcbuild.org/schematics/8007:alexandar-v-luxury-yacht","waterfront_alexandar-v-luxury-yacht_mcbuild_x.schem","https://mcbuild.org/download/8007?format=schem","downloaded","","46x25x9, 2441 blocks"
"2026-09-26T12:33:09.263Z","mcbuild","https://mcbuild.org/schematics/8042:modern-house","residential_modern-house_mcbuild_x-9.schem","https://mcbuild.org/download/8042?format=schem","downloaded","","43x28x67, 14362 blocks"
"2026-09-26T12:33:09.263Z","mcbuild","https://mcbuild.org/schematics/8322:small-modern-house","residential_small-modern-house_mcbuild_x.schem","https://mcbuild.org/download/8322?format=schem","downloaded","","28x24x41, 9976 blocks"
"2026-09-26T12:33:09.263Z","mcbuild","https://mcbuild.org/schematics/840:steampunk-bridge","bridges_steampunk-bridge_mcbuild_x.schem","https://mcbuild.org/download/840?format=schem","downloaded","","49x66x93, 19638 blocks"
"2026-09-26T12:33:09.263Z","mcbuild","https://mcbuild.org/schematics/8511:the-tower-of-the-orb","towers_the-tower-of-the-orb_mcbuild_x.schem","https://mcbuild.org/download/8511?format=schem","downloaded","","79x102x76, 25095 blocks"
"2026-09-26T12:33:09.263Z","mcbuild","https://mcbuild.org/schematics/8589:large-modern-house","residential_large-modern-house_mcbuild_x-3.schem","https://mcbuild.org/download/8589?format=schem","downloaded","","141x37x210, 111147 blocks"
"2026-09-26T12:33:09.263Z","mcbuild","https://mcbuild.org/schematics/8838:modern-house","residential_modern-house_mcbuild_x-10.schem","https://mcbuild.org/download/8838?format=schem","downloaded","","22x12x29, 2768 blocks"
"2026-09-26T12:33:09.263Z","mcbuild","https://mcbuild.org/schematics/8930:great-garden-detailed","parks_great-garden-detailed_mcbuild_x.schem","https://mcbuild.org/download/8930?format=schem","downloaded","","73x20x51, 5421 blocks"
"2026-09-26T12:33:09.263Z","mcbuild","https://mcbuild.org/schematics/9027:ancient-lightower","towers_ancient-lightower_mcbuild_x.schem","https://mcbuild.org/download/9027?format=schem","downloaded","","35x55x33, 11174 blocks"
"2026-09-26T12:33:09.263Z","mcbuild","https://mcbuild.org/schematics/9044:petronas-twin-towers,-kuala-lumpur,-malaysia","towers_petronas-twin-towers--kuala-lumpur--malaysia_mcbuild_x.schem","https://mcbuild.org/download/9044?format=schem","downloaded","","75x205x32, 52875 blocks"
"2026-09-26T12:33:09.263Z","mcbuild","https://mcbuild.org/schematics/905:mall-shop","commercial_mall-shop_mcbuild_x.schem","https://mcbuild.org/download/905?format=schem","downloaded","","36x55x59, 15877 blocks"
"2026-09-26T12:33:09.263Z","mcbuild","https://mcbuild.org/schematics/9124:sugar-can-factory","industrial_sugar-can-factory_mcbuild_x.schem","https://mcbuild.org/download/9124?format=schem","downloaded","","26x37x18, 3209 blocks"
"2026-09-26T12:33:09.263Z","mcbuild","https://mcbuild.org/schematics/9234:tower-of-the-blue-flame","towers_tower-of-the-blue-flame_mcbuild_x.schem","https://mcbuild.org/download/9234?format=schem","downloaded","","12x66x13, 1942 blocks"
"2026-09-26T12:33:09.263Z","mcbuild","https://mcbuild.org/schematics/935:beach-house","residential_beach-house_mcbuild_x-2.schem","https://mcbuild.org/download/935?format=schem","downloaded","","35x32x33, 5323 blocks"
"2026-09-26T12:33:09.263Z","mcbuild","https://mcbuild.org/schematics/9458:big-treehouse","residential_big-treehouse_mcbuild_x.schem","https://mcbuild.org/download/9458?format=schem","downloaded","","30x41x31, 2785 blocks"
"2026-09-26T12:33:09.263Z","mcbuild","https://mcbuild.org/schematics/9608:mansion","residential_mansion_mcbuild_x-3.schem","https://mcbuild.org/download/9608?format=schem","downloaded","","103x97x66, 42595 blocks"
"2026-09-26T12:33:09.263Z","mcbuild","https://mcbuild.org/schematics/9766:great-oak-tree-with-spanish-moss","decor_great-oak-tree-with-spanish-moss_mcbuild_x.schem","https://mcbuild.org/download/9766?format=schem","downloaded","","20x19x21, 232 blocks"
"2026-09-26T12:33:09.263Z","mc-mod","https://www.mc-mod.net/schematics/1950s-moses-lake-high-school-building/","public_1950s-moses-lake-high-school-building_mc-mod_x.schem","https://dl2.9minecraft.net/dl2storage800/1950s-Moses-Lake-High-School.schematic","downloaded","","194x28x175, 116186 blocks"
"2026-09-26T12:33:09.263Z","mc-mod","https://www.mc-mod.net/schematics/29-story-modern-parking-garage-structure/","transport_story-modern-parking-garage-structure_mc-mod_x.schem","https://dl2.9minecraft.net/dl2storage800/29-Story-Modern-Parking-Garage-Structure.schematic","downloaded","","81x177x71, 426226 blocks"
"2026-09-26T12:33:09.263Z","mc-mod","https://www.mc-mod.net/schematics/432-park-avenue-skyscraper-replica/","roads_park-avenue-skyscraper-replica_mc-mod_x.schem","https://dl2.9minecraft.net/dl2storage800/432-Park-Avenue-Skyscraper-Replica.schematic","downloaded","","25x202x25, 49086 blocks"
"2026-09-26T12:33:09.263Z","mc-mod","https://www.mc-mod.net/schematics/a-walkable-bridge/","bridges_a-walkable-bridge_mc-mod_x.schem","https://dl2.9minecraft.net/dl2storage800/A-Walkable-Bridge.schematic","downloaded","","31x94x111, 7568 blocks"
"2026-09-26T12:33:09.263Z","mc-mod","https://www.mc-mod.net/schematics/addexios-sausage-kiosk/","commercial_addexios-sausage-kiosk_mc-mod_x.schem","https://dl2.9minecraft.net/dl2storage800/Addexio-s-Sausage-Kiosk.schematic","downloaded","","14x9x6, 176 blocks"
"2026-09-26T12:33:09.263Z","mc-mod","https://www.mc-mod.net/schematics/age-of-empires-sentry-tower/","towers_age-of-empires-sentry-tower_mc-mod_x.schem","https://dl2.9minecraft.net/dl2storage800/Age-of-Empires-Sentry-Tower.schematic","downloaded","","22x14x17, 865 blocks"
"2026-09-26T12:33:09.263Z","mc-mod","https://www.mc-mod.net/schematics/aik-bank-building/","commercial_aik-bank-building_mc-mod_x.schem","https://dl2.9minecraft.net/dl2storage800/AIK-Bank-Building.schem","downloaded","","18x40x22, 15279 blocks"
"2026-09-26T12:33:09.263Z","mc-mod","https://www.mc-mod.net/schematics/aik-house-03-modern-residence/","residential_aik-house-03-modern-residence_mc-mod_x.schem","https://dl2.9minecraft.net/dl2storage800/Aik-House-03-Modern-Residence.schem","downloaded","","33x24x24, 5431 blocks"
"2026-09-26T12:33:09.263Z","mc-mod","https://www.mc-mod.net/schematics/aik-house-16-large-quartz-city-residence/","residential_aik-house-16-large-quartz-city-residence_mc-mod_x.schem","https://dl2.9minecraft.net/dl2storage800/City-House.schem","downloaded","","28x38x35, 11009 blocks"
"2026-09-26T12:33:09.263Z","mc-mod","https://www.mc-mod.net/schematics/aik-weaving-factory/","industrial_aik-weaving-factory_mc-mod_x.schem","https://dl2.9minecraft.net/dl2storage800/AIK-Weaving-Factory.schem","downloaded","","27x30x25, 6301 blocks"
"2026-09-26T12:33:09.263Z","mc-mod","https://www.mc-mod.net/schematics/airport-service-truck/","waterfront_airport-service-truck_mc-mod_x.schem","https://dl2.9minecraft.net/dl2storage800/Airport-Service-Truck.schematic","review","","6x5x17, 156 blocks"
"2026-09-26T12:33:09.263Z","mc-mod","https://www.mc-mod.net/schematics/ancient-fountain/","parks_ancient-fountain_mc-mod_x.schem","https://dl2.9minecraft.net/dl2storage800/Ancient-Fountain.schematic","downloaded","","9x12x9, 308 blocks"
"2026-09-26T12:33:09.263Z","mc-mod","https://www.mc-mod.net/schematics/ancient-greek-library-structure/","public_ancient-greek-library-structure_mc-mod_x.schem","https://dl2.9minecraft.net/dl2storage800/Ancient-Greek-Library-Structure.schematic","downloaded","","48x37x44, 19587 blocks"
"2026-09-26T12:33:09.263Z","mc-mod","https://www.mc-mod.net/schematics/ancient-stone-archway-bridge/","bridges_ancient-stone-archway-bridge_mc-mod_x.schem","https://dl2.9minecraft.net/dl2storage800/Ancient-Stone-Archway-Bridge.schem","downloaded","","15x29x47, 4227 blocks"
"2026-09-26T12:33:09.263Z","mc-mod","https://www.mc-mod.net/schematics/apartment-building-replica/","residential_apartment-building-replica_mc-mod_x.schem","https://dl2.9minecraft.net/dl2storage800/Apartment-Building-Replica.schematic","downloaded","","16x19x46, 6035 blocks"
"2026-09-26T12:33:09.263Z","mc-mod","https://www.mc-mod.net/schematics/apartment-building-under-construction/","residential_apartment-building-under-construction_mc-mod_x.schem","https://dl2.9minecraft.net/dl2storage800/Apartment-Building-Under-Construction.schematic","downloaded","","95x35x141, 48513 blocks"
"2026-09-26T12:33:09.263Z","mc-mod","https://www.mc-mod.net/schematics/apartment-building-with-colorful-block-design/","residential_apartment-building-with-colorful-block-desig_mc-mod_x.schem","https://dl2.9minecraft.net/dl2storage800/Apartment-Building-With-Colorful-Block-Design.schematic","downloaded","","19x29x30, 3316 blocks"
"2026-09-26T12:33:09.263Z","mc-mod","https://www.mc-mod.net/schematics/apartment-building-with-shop/","residential_apartment-building-with-shop_mc-mod_x.schem","https://dl2.9minecraft.net/dl2storage800/Apartment-Building-With-Shop.schematic","downloaded","","15x29x16, 1736 blocks"
"2026-09-26T12:33:09.263Z","mc-mod","https://www.mc-mod.net/schematics/asian-bridge/","bridges_asian-bridge_mc-mod_x.schem","https://dl2.9minecraft.net/dl2storage800/Asian-Bridge.schem","downloaded","","29x31x59, 5985 blocks"
"2026-09-26T12:33:09.263Z","mc-mod","https://www.mc-mod.net/schematics/asian-hotel-building/","commercial_asian-hotel-building_mc-mod_x.schem","https://dl2.9minecraft.net/dl2storage800/Asian-Hotel-Building.schematic","downloaded","","37x22x54, 9510 blocks"
"2026-09-26T12:33:09.263Z","mc-mod","https://www.mc-mod.net/schematics/asian-pagoda-tower-3/","towers_asian-pagoda-tower-3_mc-mod_x.schem","https://dl2.9minecraft.net/dl2storage800/Asian-Pagoda-Tower.schematic","downloaded","","57x50x45, 10395 blocks"
"2026-09-26T12:33:09.263Z","mc-mod","https://www.mc-mod.net/schematics/asus-professional-workstation-motherboard-schematic/","transport_asus-professional-workstation-motherboard-sc_mc-mod_x.schem","https://dl2.9minecraft.net/dl2storage800/ASUS-Professional-Workstation-Motherboard-Schematic.schematic","downloaded","","128x21x150, 54870 blocks"
"2026-09-26T12:33:09.263Z","mc-mod","https://www.mc-mod.net/schematics/automatic-nighttime-streetlight/","roads_automatic-nighttime-streetlight_mc-mod_x.schem","https://dl2.9minecraft.net/dl2storage800/Automatic-Nighttime-Streetlight.schematic","downloaded","","1x13x9, 20 blocks"
"2026-09-26T12:33:09.263Z","mc-mod","https://www.mc-mod.net/schematics/automotive-tuning-workshop/","commercial_automotive-tuning-workshop_mc-mod_x.schem","https://dl2.9minecraft.net/dl2storage800/Automotive-Tuning-Workshop.schematic","downloaded","","33x11x59, 10264 blocks"
"2026-09-26T12:33:09.263Z","mc-mod","https://www.mc-mod.net/schematics/avalon-manor-house/","residential_avalon-manor-house_mc-mod_x.schem","https://dl2.9minecraft.net/dl2storage800/Avalon-Manor-House.schematic","downloaded","","15x19x26, 1861 blocks"
"2026-09-26T12:33:09.263Z","mc-mod","https://www.mc-mod.net/schematics/avengers-tower-build/","towers_avengers-tower-build_mc-mod_x.schem","https://dl2.9minecraft.net/dl2storage800/Avengers-Tower-Build.schematic","review","","14x48x31, 1825 blocks"
"2026-09-26T12:33:09.263Z","mc-mod","https://www.mc-mod.net/schematics/average-decor-house/","residential_average-decor-house_mc-mod_x.schem","https://dl2.9minecraft.net/dl2storage800/Average-Decor-House.schematic","downloaded","","27x36x27, 3620 blocks"
"2026-09-26T12:33:09.263Z","mc-mod","https://www.mc-mod.net/schematics/bank-and-financial-building/","commercial_bank-and-financial-building_mc-mod_x.schem","https://dl2.9minecraft.net/dl2storage800/Bank-and-Financial-Building.schem","downloaded","","40x42x36, 9106 blocks"
"2026-09-26T12:33:09.263Z","mc-mod","https://www.mc-mod.net/schematics/baroque-quartz-villa-with-garden/","residential_baroque-quartz-villa-with-garden_mc-mod_x.schem","https://dl2.9minecraft.net/dl2storage800/Baroque-Quartz-Villa-With-Garden.schematic","downloaded","","33x33x33, 7687 blocks"
"2026-09-26T12:33:09.263Z","mc-mod","https://www.mc-mod.net/schematics/basalt-block-house/","residential_basalt-block-house_mc-mod_x.schem","https://dl2.9minecraft.net/dl2storage800/Basalt-Block-House.schem","downloaded","","11x14x17, 675 blocks"
"2026-09-26T12:33:09.263Z","mc-mod","https://www.mc-mod.net/schematics/baseball-stadium/","public_baseball-stadium_mc-mod_x.schem","https://dl2.9minecraft.net/dl2storage800/Baseball-Stadium.schematic","downloaded","","91x7x91, 9303 blocks"
"2026-09-26T12:33:09.263Z","mc-mod","https://www.mc-mod.net/schematics/basic-lighthouse-structure/","residential_basic-lighthouse-structure_mc-mod_x.schem","https://dl2.9minecraft.net/dl2storage800/Basic-Lighthouse-Structure.schematic","downloaded","","30x64x45, 17845 blocks"
"2026-09-26T12:33:09.263Z","mc-mod","https://www.mc-mod.net/schematics/beautiful-fountain/","parks_beautiful-fountain_mc-mod_x.schem","https://dl2.9minecraft.net/dl2storage800/Beautiful-Fountain.schematic","downloaded","","35x54x36, 4693 blocks"
"2026-09-26T12:33:09.263Z","mc-mod","https://www.mc-mod.net/schematics/big-house-11-modern-complex/","residential_big-house-11-modern-complex_mc-mod_x.schem","https://dl2.9minecraft.net/dl2storage800/Big-House-11-Modern-Complex.schem","downloaded","","30x51x84, 25806 blocks"
"2026-09-26T12:33:09.263Z","mc-mod","https://www.mc-mod.net/schematics/big-minion-house/","residential_big-minion-house_mc-mod_x.schem","https://dl2.9minecraft.net/dl2storage800/Big-Minion-House.schematic","downloaded","","55x119x48, 33026 blocks"
"2026-09-26T12:33:09.263Z","mc-mod","https://www.mc-mod.net/schematics/blocks-ahoy-hotel-towering-presidential-suite/","towers_blocks-ahoy-hotel-towering-presidential-suit_mc-mod_x.schem","https://dl2.9minecraft.net/dl2storage800/Blocks-Ahoy-Hotel-Towering-Presidential-Suite.schematic","downloaded","","48x125x73, 92313 blocks"
"2026-09-26T12:33:09.263Z","mc-mod","https://www.mc-mod.net/schematics/blue-and-white-lighthouse-structure/","residential_blue-and-white-lighthouse-structure_mc-mod_x.schem","https://dl2.9minecraft.net/dl2storage800/Blue-And-White-Lighthouse-Structure.schematic","downloaded","","16x69x16, 4587 blocks"
"2026-09-26T12:33:09.263Z","mc-mod","https://www.mc-mod.net/schematics/blue-orange-apartment-building-progress/","residential_blue-orange-apartment-building-progress_mc-mod_x.schem","https://dl2.9minecraft.net/dl2storage800/Blue-Orange-Apartment-Building-Progress.schematic","downloaded","","95x40x141, 68896 blocks"
"2026-09-26T12:33:09.263Z","mc-mod","https://www.mc-mod.net/schematics/blue-orange-apartment-building-under-construction/","residential_blue-orange-apartment-building-under-constru_mc-mod_x.schem","https://dl2.9minecraft.net/dl2storage800/Blue-Orange-Apartment-Building-Under-Construction.schematic","downloaded","","95x36x141, 24065 blocks"
"2026-09-26T12:33:09.263Z","mc-mod","https://www.mc-mod.net/schematics/blue-palace-furnished-residence/","residential_blue-palace-furnished-residence_mc-mod_x.schem","https://dl2.9minecraft.net/dl2storage800/Blue-Palace-Furnished-Residence.schematic","downloaded","","121x46x90, 31085 blocks"
"2026-09-26T12:33:09.263Z","mc-mod","https://www.mc-mod.net/schematics/bridge-test-schematic/","bridges_bridge-test-schematic_mc-mod_x.schem","https://dl2.9minecraft.net/dl2storage800/Bridge-Test-Schematic.schematic","downloaded","","27x16x8, 291 blocks"
"2026-09-26T12:33:09.263Z","mc-mod","https://www.mc-mod.net/schematics/building-contractors-office/","towers_building-contractors-office_mc-mod_x.schem","https://dl2.9minecraft.net/dl2storage800/Building-Contractors-Office.schematic","downloaded","","48x25x80, 13023 blocks"
"2026-09-26T12:33:09.263Z","mc-mod","https://www.mc-mod.net/schematics/candy-cane-road-light/","roads_candy-cane-road-light_mc-mod_x.schem","https://dl2.9minecraft.net/dl2storage800/Candy-Cane-Road-Light.schematic","downloaded","","6x7x3, 12 blocks"
"2026-09-26T12:33:09.263Z","mc-mod","https://www.mc-mod.net/schematics/central-fountain-maze-schematic/","parks_central-fountain-maze-schematic_mc-mod_x.schem","https://dl2.9minecraft.net/dl2storage800/maze-with-central-fountain.schem","downloaded","","60x7x55, 3265 blocks"
"2026-09-26T12:33:09.263Z","mc-mod","https://www.mc-mod.net/schematics/ceramic-production-factory/","industrial_ceramic-production-factory_mc-mod_x.schem","https://dl2.9minecraft.net/dl2storage800/Ceramic-Production-Factory.schem","downloaded","","33x47x34, 9322 blocks"
"2026-09-26T12:33:09.263Z","mc-mod","https://www.mc-mod.net/schematics/charming-cottage-with-living-area-and-garage/","commercial_charming-cottage-with-living-area-and-garage_mc-mod_x.schem","https://dl2.9minecraft.net/dl2storage800/Charming-Cottage-with-Living-Area-and-Garage.schematic","downloaded","","37x12x37, 4402 blocks"
"2026-09-26T12:33:09.263Z","mc-mod","https://www.mc-mod.net/schematics/charming-small-house-shop/","residential_charming-small-house-shop_mc-mod_x.schem","https://dl2.9minecraft.net/dl2storage800/Charming-Small-House-Shop.schematic","downloaded","","33x23x17, 3716 blocks"
"2026-09-26T12:33:09.263Z","mc-mod","https://www.mc-mod.net/schematics/chest-shaped-storage-warehouse/","residential_chest-shaped-storage-warehouse_mc-mod_x.schem","https://dl2.9minecraft.net/dl2storage800/Chest-Shaped-Storage-Warehouse.schematic","downloaded","","23x13x19, 1027 blocks"
"2026-09-26T12:33:09.263Z","mc-mod","https://www.mc-mod.net/schematics/chest-shop-galleria/","commercial_chest-shop-galleria_mc-mod_x.schem","https://dl2.9minecraft.net/dl2storage800/Chest-Shop-Galleria.schematic","review","","21x16x13, 841 blocks"
"2026-09-26T12:33:09.263Z","mc-mod","https://www.mc-mod.net/schematics/chiseled-stone-brick-bridge/","bridges_chiseled-stone-brick-bridge_mc-mod_x.schem","https://dl2.9minecraft.net/dl2storage800/Rustic-Stone-Bridge.schematic","downloaded","","7x8x81, 2294 blocks"
"2026-09-26T12:33:09.263Z","mc-mod","https://www.mc-mod.net/schematics/chrysler-building-skyscraper/","towers_chrysler-building-skyscraper_mc-mod_x.schem","https://dl2.9minecraft.net/dl2storage800/Chrysler-Building-Skyscraper.schematic","downloaded","","27x140x35, 15976 blocks"
"2026-09-26T12:33:09.263Z","mc-mod","https://www.mc-mod.net/schematics/city-17-style-apartment-block/","residential_city-17-style-apartment-block_mc-mod_x.schem","https://dl2.9minecraft.net/dl2storage800/City-17-Style-Apartment-Block.schematic","downloaded","","23x24x40, 8645 blocks"
"2026-09-26T12:33:09.263Z","mc-mod","https://www.mc-mod.net/schematics/city-hall-building/","decor_city-hall-building_mc-mod_x.schem","https://dl2.9minecraft.net/dl2storage800/City-Hall-Building.schem","downloaded","","30x30x21, 3775 blocks"
"2026-09-26T12:33:09.263Z","mc-mod","https://www.mc-mod.net/schematics/city-hotel-with-penthouses/","towers_city-hotel-with-penthouses_mc-mod_x.schem","https://dl2.9minecraft.net/dl2storage800/City-Hotel-With-Penthouses.schem","downloaded","","44x34x52, 18781 blocks"
"2026-09-26T12:33:09.263Z","mc-mod","https://www.mc-mod.net/schematics/city-intersection-crossroads/","intersections_city-intersection-crossroads_mc-mod_x.schem","https://dl2.9minecraft.net/dl2storage800/City-Intersection-Crossroads.schematic","downloaded","","65x10x65, 4389 blocks"
"2026-09-26T12:33:09.263Z","mc-mod","https://www.mc-mod.net/schematics/city-library-building/","public_city-library-building_mc-mod_x.schem","https://dl2.9minecraft.net/dl2storage800/City-Library-Building.schem","downloaded","","50x31x52, 9092 blocks"
"2026-09-26T12:33:09.263Z","mc-mod","https://www.mc-mod.net/schematics/city-park-garden/","parks_city-park-garden_mc-mod_x.schem","https://dl2.9minecraft.net/dl2storage800/City-Park-Garden.schem","downloaded","","33x18x17, 3265 blocks"
"2026-09-26T12:33:09.263Z","mc-mod","https://www.mc-mod.net/schematics/city-road-construction-project/","roads_city-road-construction-project_mc-mod_x.schem","https://dl2.9minecraft.net/dl2storage800/City-Road-Construction-Project.schematic","downloaded","","61x9x85, 4917 blocks"
"2026-09-26T12:33:09.263Z","mc-mod","https://www.mc-mod.net/schematics/classic-lighthouse-tower/","towers_classic-lighthouse-tower_mc-mod_x.schem","https://dl2.9minecraft.net/dl2storage800/Classic-Lighthouse-Tower.schem","downloaded","","11x46x11, 1224 blocks"
"2026-09-26T12:33:09.263Z","mc-mod","https://www.mc-mod.net/schematics/classic-minecraft-lighthouse-decoration-2/","residential_classic-minecraft-lighthouse-decoration-2_mc-mod_x.schem","https://dl2.9minecraft.net/dl2storage800/Lighthouse.schem","downloaded","","20x47x17, 1587 blocks"
"2026-09-26T12:33:09.263Z","mc-mod","https://www.mc-mod.net/schematics/classic-museum-building-berlin/","public_classic-museum-building-berlin_mc-mod_x.schem","https://dl2.9minecraft.net/dl2storage800/Classic-Museum-Building-Berlin.schem","downloaded","","97x72x141, 187553 blocks"
"2026-09-26T12:33:09.263Z","mc-mod","https://www.mc-mod.net/schematics/classic-school-bus-design/","public_classic-school-bus-design_mc-mod_x.schem","https://dl2.9minecraft.net/dl2storage800/Classic-School-Bus-Design.schematic","downloaded","","17x5x5, 134 blocks"
"2026-09-26T12:33:09.263Z","mc-mod","https://www.mc-mod.net/schematics/classic-train-station-design/","transport_classic-train-station-design_mc-mod_x.schem","https://dl2.9minecraft.net/dl2storage800/Classic-Train-Station-Design.schematic","downloaded","","45x25x35, 11074 blocks"
"2026-09-26T12:33:09.263Z","mc-mod","https://www.mc-mod.net/schematics/coastal-lighthouse-polished-andesite-stone-bricks/","residential_coastal-lighthouse-polished-andesite-stone-b_mc-mod_x.schem","https://dl2.9minecraft.net/dl2storage800/Coastal-Lighthouse-Structure.schematic","downloaded","","11x29x16, 1211 blocks"
"2026-09-26T12:33:09.263Z","mc-mod","https://www.mc-mod.net/schematics/coastal-lighthouse-structure/","residential_coastal-lighthouse-structure_mc-mod_x.schem","https://dl2.9minecraft.net/dl2storage800/Coastal-Lighthouse-Structure.schem","downloaded","","17x41x29, 3044 blocks"
"2026-09-26T12:33:09.263Z","mc-mod","https://www.mc-mod.net/schematics/coastal-lighthouse-tower/","towers_coastal-lighthouse-tower_mc-mod_x.schem","https://dl2.9minecraft.net/dl2storage800/Coastal-Lighthouse-Tower.schematic","downloaded","","40x97x35, 15925 blocks"
"2026-09-26T12:33:09.263Z","mc-mod","https://www.mc-mod.net/schematics/cobblestone-and-glass-portal-towers/","towers_cobblestone-and-glass-portal-towers_mc-mod_x.schem","https://dl2.9minecraft.net/dl2storage800/Cobblestone-and-Glass-Portal-Towers.schematic","downloaded","","74x71x92, 28350 blocks"
"2026-09-26T12:33:09.263Z","mc-mod","https://www.mc-mod.net/schematics/cobblestone-house-design/","residential_cobblestone-house-design_mc-mod_x.schem","https://dl2.9minecraft.net/dl2storage800/Cobblestone-House-Design.schematic","downloaded","","23x8x31, 515 blocks"
"2026-09-26T12:33:09.263Z","mc-mod","https://www.mc-mod.net/schematics/communist-apartment-block/","residential_communist-apartment-block_mc-mod_x.schem","https://dl2.9minecraft.net/dl2storage800/Communist-Apartment-Block.schem","downloaded","","27x61x105, 31120 blocks"
"2026-09-26T12:33:09.263Z","mc-mod","https://www.mc-mod.net/schematics/compact-football-stadium/","public_compact-football-stadium_mc-mod_x.schem","https://dl2.9minecraft.net/dl2storage800/Compact-Football-Stadium.schem","downloaded","","83x30x96, 25152 blocks"
"2026-09-26T12:33:09.263Z","mc-mod","https://www.mc-mod.net/schematics/compact-highway-gas-station/","roads_compact-highway-gas-station_mc-mod_x.schem","https://dl2.9minecraft.net/dl2storage800/Compact-Highway-Gas-Station.schem","downloaded","","41x13x60, 7769 blocks"
"2026-09-26T12:33:09.263Z","mc-mod","https://www.mc-mod.net/schematics/compact-hospital-structure/","public_compact-hospital-structure_mc-mod_x.schem","https://dl2.9minecraft.net/dl2storage800/Compact-Hospital-Structure.schematic","downloaded","","28x31x36, 2368 blocks"
"2026-09-26T12:33:09.263Z","mc-mod","https://www.mc-mod.net/schematics/compact-quartz-modern-house/","residential_compact-quartz-modern-house_mc-mod_x.schem","https://dl2.9minecraft.net/dl2storage800/Compact-Modern-Residence.schematic","downloaded","","16x11x17, 897 blocks"
"2026-09-26T12:33:09.263Z","mc-mod","https://www.mc-mod.net/schematics/compact-two-story-office-building/","towers_compact-two-story-office-building_mc-mod_x.schem","https://dl2.9minecraft.net/dl2storage800/Compact-Two-Story-Office-Building.schem","downloaded","","57x27x63, 27435 blocks"
"2026-09-26T12:33:09.263Z","mc-mod","https://www.mc-mod.net/schematics/compressed-cobblestone-factory/","industrial_compressed-cobblestone-factory_mc-mod_x.schem","https://dl2.9minecraft.net/dl2storage800/Compressed-Cobblestone-Factory.schematic","review","","63x1x1, 31 blocks"
"2026-09-26T12:33:09.263Z","mc-mod","https://www.mc-mod.net/schematics/concrete-factory-structure/","industrial_concrete-factory-structure_mc-mod_x.schem","https://dl2.9minecraft.net/dl2storage800/Concrete-Factory-Structure.schem","downloaded","","63x47x52, 31478 blocks"
"2026-09-26T12:33:09.263Z","mc-mod","https://www.mc-mod.net/schematics/concrete-warehouse-structure/","residential_concrete-warehouse-structure_mc-mod_x.schem","https://dl2.9minecraft.net/dl2storage800/Concrete-Warehouse-Structure.schematic","review","","25x20x25, 1781 blocks"
"2026-09-26T12:33:09.263Z","mc-mod","https://www.mc-mod.net/schematics/corporate-office-building-2/","towers_corporate-office-building-2_mc-mod_x.schem","https://dl2.9minecraft.net/dl2storage800/Corporate-Office-Building.schematic","downloaded","","86x61x85, 175017 blocks"
"2026-09-26T12:33:09.263Z","mc-mod","https://www.mc-mod.net/schematics/corporate-office-building/","towers_corporate-office-building_mc-mod_x.schem","https://dl2.9minecraft.net/dl2storage800/Corporate-Office-Building.schem","downloaded","","51x67x40, 34060 blocks"
"2026-09-26T12:33:09.263Z","mc-mod","https://www.mc-mod.net/schematics/country-library-building/","public_country-library-building_mc-mod_x.schem","https://dl2.9minecraft.net/dl2storage800/Country-Library-Building.schematic","downloaded","","23x15x27, 5757 blocks"
"2026-09-26T12:33:09.263Z","mc-mod","https://www.mc-mod.net/schematics/covered-minecraft-bridge/","bridges_covered-minecraft-bridge_mc-mod_x.schem","https://dl2.9minecraft.net/dl2storage800/Covered-Minecraft-Bridge.schematic","downloaded","","4x5x29, 290 blocks"
"2026-09-26T12:33:09.263Z","mc-mod","https://www.mc-mod.net/schematics/cozy-medium-house-with-garden/","residential_cozy-medium-house-with-garden_mc-mod_x.schem","https://dl2.9minecraft.net/dl2storage800/Simple-house.schem","downloaded","","39x19x25, 3790 blocks"
"2026-09-26T12:33:09.263Z","mc-mod","https://www.mc-mod.net/schematics/cozy-small-hotel-building/","towers_cozy-small-hotel-building_mc-mod_x.schem","https://dl2.9minecraft.net/dl2storage800/Cozy-Small-Hotel-Building.schematic","downloaded","","25x61x27, 17669 blocks"
"2026-09-26T12:33:09.263Z","mc-mod","https://www.mc-mod.net/schematics/cozy-small-house-with-attic-and-basement/","residential_cozy-small-house-with-attic-and-basement_mc-mod_x.schem","https://dl2.9minecraft.net/dl2storage800/Cozy-Small-House-with-Attic-and-Basement.schematic","downloaded","","29x21x40, 9458 blocks"
"2026-09-26T12:33:09.263Z","mc-mod","https://www.mc-mod.net/schematics/cyan-tower-build/","towers_cyan-tower-build_mc-mod_x.schem","https://dl2.9minecraft.net/dl2storage800/Cyan-Tower-Build.schem","downloaded","","13x60x13, 2068 blocks"
"2026-09-26T12:33:09.263Z","mc-mod","https://www.mc-mod.net/schematics/dark-luminous-night-tower/","towers_dark-luminous-night-tower_mc-mod_x.schem","https://dl2.9minecraft.net/dl2storage800/Dark-Luminous-Night-Tower.schematic","review","","108x165x46, 43637 blocks"
"2026-09-26T12:33:09.263Z","mc-mod","https://www.mc-mod.net/schematics/desert-sand-tower/","towers_desert-sand-tower_mc-mod_x.schem","https://dl2.9minecraft.net/dl2storage800/Desert-Sand-Tower.schem","downloaded","","9x23x9, 415 blocks"
"2026-09-26T12:33:09.263Z","mc-mod","https://www.mc-mod.net/schematics/dirt-church-structure/","public_dirt-church-structure_mc-mod_x.schem","https://dl2.9minecraft.net/dl2storage800/Dirt-Church-Structure.schem","downloaded","","33x30x43, 9934 blocks"
"2026-09-26T12:33:09.263Z","mc-mod","https://www.mc-mod.net/schematics/doughnut-shop-building/","commercial_doughnut-shop-building_mc-mod_x.schem","https://dl2.9minecraft.net/dl2storage800/Doughnut-Shop-Building.schematic","downloaded","","21x16x16, 583 blocks"
"2026-09-26T12:33:09.263Z","mc-mod","https://www.mc-mod.net/schematics/dreamy-fountain-build/","parks_dreamy-fountain-build_mc-mod_x.schem","https://dl2.9minecraft.net/dl2storage800/Dreamy-Fountain-Build.schem","downloaded","","13x28x15, 996 blocks"
"2026-09-26T12:33:09.263Z","mc-mod","https://www.mc-mod.net/schematics/early-20th-century-schoolhouse/","residential_early-20th-century-schoolhouse_mc-mod_x.schem","https://dl2.9minecraft.net/dl2storage800/Early-20th-Century-Schoolhouse.schem","downloaded","","40x17x18, 4884 blocks"
"2026-09-26T12:33:09.263Z","mc-mod","https://www.mc-mod.net/schematics/early-american-library-building/","public_early-american-library-building_mc-mod_x.schem","https://dl2.9minecraft.net/dl2storage800/Early-American-Library-Building.schematic","downloaded","","14x32x14, 1811 blocks"
"2026-09-26T12:33:09.263Z","mc-mod","https://www.mc-mod.net/schematics/eight-story-hotel/","towers_eight-story-hotel_mc-mod_x.schem","https://dl2.9minecraft.net/dl2storage800/Eight-Story-Hotel.schematic","downloaded","","21x49x22, 9201 blocks"
"2026-09-26T12:33:09.263Z","mc-mod","https://www.mc-mod.net/schematics/eldorado-house-lakeside-residence/","residential_eldorado-house-lakeside-residence_mc-mod_x.schem","https://dl2.9minecraft.net/dl2storage800/Eldorado-House-Lakeside-Residence.schem","downloaded","","46x25x57, 13230 blocks"
"2026-09-26T12:33:09.263Z","mc-mod","https://www.mc-mod.net/schematics/eldwyn-library-structure/","public_eldwyn-library-structure_mc-mod_x.schem","https://dl2.9minecraft.net/dl2storage800/Eldwyn-Library-Structure.schem","downloaded","","73x60x101, 23651 blocks"
"2026-09-26T12:33:09.263Z","mc-mod","https://www.mc-mod.net/schematics/elegant-city-hall-for-small-towns/","commercial_elegant-city-hall-for-small-towns_mc-mod_x.schem","https://dl2.9minecraft.net/dl2storage800/City-Hall.schematic","downloaded","","36x27x29, 5999 blocks"
"2026-09-26T12:33:09.263Z","mc-mod","https://www.mc-mod.net/schematics/elegant-grand-hotel/","towers_elegant-grand-hotel_mc-mod_x.schem","https://dl2.9minecraft.net/dl2storage800/Elegant-Grand-Hotel.schematic","review","","106x67x134, 52862 blocks"
"2026-09-26T12:33:09.263Z","mc-mod","https://www.mc-mod.net/schematics/elegant-hotel-with-bar-and-dining/","commercial_elegant-hotel-with-bar-and-dining_mc-mod_x.schem","https://dl2.9minecraft.net/dl2storage800/Hotel.schematic","downloaded","","18x25x23, 3815 blocks"
"2026-09-26T12:33:09.263Z","mc-mod","https://www.mc-mod.net/schematics/elegant-marble-bridge-design/","bridges_elegant-marble-bridge-design_mc-mod_x.schem","https://dl2.9minecraft.net/dl2storage800/Elegant-Marble-Bridge-Design.schematic","downloaded","","20x21x7, 573 blocks"
"2026-09-26T12:33:09.263Z","mc-mod","https://www.mc-mod.net/schematics/elegant-modern-office-tower/","towers_elegant-modern-office-tower_mc-mod_x.schem","https://dl2.9minecraft.net/dl2storage800/Elegant-Modern-Office-Tower.schem","downloaded","","55x123x83, 22282 blocks"
"2026-09-26T12:33:09.263Z","mc-mod","https://www.mc-mod.net/schematics/elegant-quartz-fountain/","parks_elegant-quartz-fountain_mc-mod_x.schem","https://dl2.9minecraft.net/dl2storage800/Elegant-Quartz-Fountain.schematic","downloaded","","15x10x15, 328 blocks"
"2026-09-26T12:33:09.263Z","mc-mod","https://www.mc-mod.net/schematics/elegant-quartz-water-fountain/","parks_elegant-quartz-water-fountain_mc-mod_x.schem","https://dl2.9minecraft.net/dl2storage800/Elegant-Quartz-Water-Fountain.schematic","downloaded","","29x13x29, 1568 blocks"
"2026-09-26T12:33:09.263Z","mc-mod","https://www.mc-mod.net/schematics/elementary-school-building/","public_elementary-school-building_mc-mod_x.schem","https://dl2.9minecraft.net/dl2storage800/Elementary-School-Building.schem","downloaded","","58x27x93, 29155 blocks"
"2026-09-26T12:33:09.263Z","mc-mod","https://www.mc-mod.net/schematics/elevated-metro-station-building/","transport_elevated-metro-station-building_mc-mod_x.schem","https://dl2.9minecraft.net/dl2storage800/Elevated-Metro-Station-Building.schematic","downloaded","","21x18x32, 3993 blocks"
"2026-09-26T12:33:09.263Z","mc-mod","https://www.mc-mod.net/schematics/elevated-metro-station-exterior/","transport_elevated-metro-station-exterior_mc-mod_x.schem","https://dl2.9minecraft.net/dl2storage800/Elevated-Metro-Station-Exterior.schematic","downloaded","","25x17x35, 4324 blocks"
"2026-09-26T12:33:09.263Z","mc-mod","https://www.mc-mod.net/schematics/elevated-metro-station-with-side-platform/","transport_elevated-metro-station-with-side-platform_mc-mod_x.schem","https://dl2.9minecraft.net/dl2storage800/Elevated-Metro-Station-With-Side-Platform.schematic","downloaded","","25x17x35, 4810 blocks"
"2026-09-26T12:33:09.263Z","mc-mod","https://www.mc-mod.net/schematics/elevated-railway-station/","transport_elevated-railway-station_mc-mod_x.schem","https://dl2.9minecraft.net/dl2storage800/Elevated-Railway-Station.schematic","downloaded","","9x7x20, 396 blocks"
"2026-09-26T12:33:09.263Z","mc-mod","https://www.mc-mod.net/schematics/emerald-skyscraper-tower/","towers_emerald-skyscraper-tower_mc-mod_x.schem","https://dl2.9minecraft.net/dl2storage800/Emerald-Skyscraper-Tower.schem","downloaded","","11x29x7, 272 blocks"
"2026-09-26T12:33:09.263Z","mc-mod","https://www.mc-mod.net/schematics/essentialsx-shop-setup/","commercial_essentialsx-shop-setup_mc-mod_x.schem","https://dl2.9minecraft.net/dl2storage800/EssentialsX-Shop-Setup.schematic","downloaded","","85x46x84, 63930 blocks"
"2026-09-26T12:33:09.263Z","mc-mod","https://www.mc-mod.net/schematics/factory-hall-2-0/","industrial_factory-hall-2-0_mc-mod_x.schem","https://dl2.9minecraft.net/dl2storage800/Factory-2-0.schematic","downloaded","","68x48x75, 28377 blocks"
"2026-09-26T12:33:09.263Z","mc-mod","https://www.mc-mod.net/schematics/fallout-3-inspired-overpass-ramp/","bridges_fallout-3-inspired-overpass-ramp_mc-mod_x.schem","https://dl2.9minecraft.net/dl2storage800/Fallout-3-Inspired-Overpass-Ramp.schematic","downloaded","","47x45x29, 4943 blocks"
"2026-09-26T12:33:09.263Z","mc-mod","https://www.mc-mod.net/schematics/fallout-3-inspired-substation/","transport_fallout-3-inspired-substation_mc-mod_x.schem","https://dl2.9minecraft.net/dl2storage800/Fallout-3-Inspired-Substation.schematic","downloaded","","26x9x19, 1188 blocks"
"2026-09-26T12:33:09.263Z","mc-mod","https://www.mc-mod.net/schematics/fallout-3-player-shack-house/","residential_fallout-3-player-shack-house_mc-mod_x.schem","https://dl2.9minecraft.net/dl2storage800/Fallout-3-Player-Shack-House.schematic","downloaded","","20x12x25, 2615 blocks"
"2026-09-26T12:33:09.263Z","mc-mod","https://www.mc-mod.net/schematics/fallout-3-power-transmission-tower/","towers_fallout-3-power-transmission-tower_mc-mod_x.schem","https://dl2.9minecraft.net/dl2storage800/Fallout-3-Power-Transmission-Tower.schematic","downloaded","","7x44x21, 862 blocks"
"2026-09-26T12:33:09.263Z","mc-mod","https://www.mc-mod.net/schematics/fallout-3-rubble-house/","residential_fallout-3-rubble-house_mc-mod_x.schem","https://dl2.9minecraft.net/dl2storage800/Fallout-3-Rubble-House.schematic","downloaded","","23x12x19, 546 blocks"
"2026-09-26T12:33:09.263Z","mc-mod","https://www.mc-mod.net/schematics/fallout-3-springvale-school-building/","public_fallout-3-springvale-school-building_mc-mod_x.schem","https://dl2.9minecraft.net/dl2storage800/Fallout-3-Springvale-School-Building.schematic","downloaded","","80x41x100, 85884 blocks"
"2026-09-26T12:33:09.263Z","mc-mod","https://www.mc-mod.net/schematics/fallout-3-style-overpass-structure/","bridges_fallout-3-style-overpass-structure_mc-mod_x.schem","https://dl2.9minecraft.net/dl2storage800/Fallout-3-Style-Overpass-Structure.schematic","downloaded","","39x42x40, 4593 blocks"
"2026-09-26T12:33:09.263Z","mc-mod","https://www.mc-mod.net/schematics/fallout-3-style-overpass/","bridges_fallout-3-style-overpass_mc-mod_x.schem","https://dl2.9minecraft.net/dl2storage800/Fallout-3-Style-Overpass.schematic","downloaded","","48x42x29, 4750 blocks"
"2026-09-26T12:33:09.263Z","mc-mod","https://www.mc-mod.net/schematics/fallout-3-style-power-station/","transport_fallout-3-style-power-station_mc-mod_x.schem","https://dl2.9minecraft.net/dl2storage800/Fallout-3-Style-Power-Station.schematic","downloaded","","79x64x58, 24145 blocks"
"2026-09-26T12:33:09.263Z","mc-mod","https://www.mc-mod.net/schematics/fallout-3-water-tower-structure/","towers_fallout-3-water-tower-structure_mc-mod_x.schem","https://dl2.9minecraft.net/dl2storage800/Fallout-3-Water-Tower-Structure.schematic","review","","12x27x12, 400 blocks"
"2026-09-26T12:33:09.263Z","mc-mod","https://www.mc-mod.net/schematics/fire-truck-vehicle/","public_fire-truck-vehicle_mc-mod_x.schem","https://dl2.9minecraft.net/dl2storage800/Fire-Truck-Vehicle.schematic","review","","13x5x5, 75 blocks"
"2026-09-26T12:33:09.263Z","mc-mod","https://www.mc-mod.net/schematics/functional-lighthouse/","residential_functional-lighthouse_mc-mod_x.schem","https://dl2.9minecraft.net/dl2storage800/Functional-Lighthouse.schematic","downloaded","","20x51x20, 5391 blocks"
"2026-09-26T12:33:09.263Z","mc-mod","https://www.mc-mod.net/schematics/functional-train-station/","transport_functional-train-station_mc-mod_x.schem","https://dl2.9minecraft.net/dl2storage800/Functional-Train-Station.schematic","downloaded","","14x11x25, 2217 blocks"
"2026-09-26T12:33:09.263Z","mc-mod","https://www.mc-mod.net/schematics/furnished-bank-building/","commercial_furnished-bank-building_mc-mod_x.schem","https://dl2.9minecraft.net/dl2storage800/Furnished-Bank-Building.schematic","downloaded","","25x27x28, 5720 blocks"
"2026-09-26T12:33:09.263Z","mc-mod","https://www.mc-mod.net/schematics/furnished-family-home-with-garage/","commercial_furnished-family-home-with-garage_mc-mod_x.schem","https://dl2.9minecraft.net/dl2storage800/Furnished-Family-Home-with-Garage.schematic","downloaded","","61x38x101, 24524 blocks"
"2026-09-26T12:33:09.263Z","mc-mod","https://www.mc-mod.net/schematics/futuristic-city-parking-lot/","transport_futuristic-city-parking-lot_mc-mod_x.schem","https://dl2.9minecraft.net/dl2storage800/FuturParkPlace.schematic","downloaded","","30x3x15, 670 blocks"
"2026-09-26T12:33:09.263Z","mc-mod","https://www.mc-mod.net/schematics/futuristic-marble-bridge/","bridges_futuristic-marble-bridge_mc-mod_x.schem","https://dl2.9minecraft.net/dl2storage800/Futuristic-Marble-Bridge.schematic","downloaded","","45x22x7, 1342 blocks"
"2026-09-26T12:33:09.263Z","mc-mod","https://www.mc-mod.net/schematics/futuristic-stadium-angle-section/","public_futuristic-stadium-angle-section_mc-mod_x.schem","https://dl2.9minecraft.net/dl2storage800/Futuristic-Stadium-Angle-Section.schematic","downloaded","","54x45x54, 28205 blocks"
"2026-09-26T12:33:09.263Z","mc-mod","https://www.mc-mod.net/schematics/futuristic-stadium-panel/","public_futuristic-stadium-panel_mc-mod_x.schem","https://dl2.9minecraft.net/dl2storage800/Futuristic-Stadium-Panel.schematic","downloaded","","57x9x3, 867 blocks"
"2026-09-26T12:33:09.263Z","mc-mod","https://www.mc-mod.net/schematics/futuristic-stadium-wall-section/","public_futuristic-stadium-wall-section_mc-mod_x.schem","https://dl2.9minecraft.net/dl2storage800/Futuristic-Stadium-Wall-Section.schematic","downloaded","","24x44x55, 8895 blocks"
"2026-09-26T12:33:09.263Z","mc-mod","https://www.mc-mod.net/schematics/futuristic-station-for-vehicles/","transport_futuristic-station-for-vehicles_mc-mod_x.schem","https://dl2.9minecraft.net/dl2storage800/Futuristic-Station-for-Vehicles.schematic","downloaded","","24x35x74, 15264 blocks"
"2026-09-26T12:33:09.263Z","mc-mod","https://www.mc-mod.net/schematics/garden-fountain-design/","parks_garden-fountain-design_mc-mod_x.schem","https://dl2.9minecraft.net/dl2storage800/Garden-Fountain-Design.schem","downloaded","","22x12x22, 1164 blocks"
"2026-09-26T12:33:09.263Z","mc-mod","https://www.mc-mod.net/schematics/garden-fountain-structure/","parks_garden-fountain-structure_mc-mod_x.schem","https://dl2.9minecraft.net/dl2storage800/Garden-Fountain-Structure.schem","downloaded","","27x9x19, 718 blocks"
"2026-09-26T12:33:09.263Z","mc-mod","https://www.mc-mod.net/schematics/geologic-museum-minecraft-build/","public_geologic-museum-minecraft-build_mc-mod_x.schem","https://dl2.9minecraft.net/dl2storage800/Geologic-Museum-Minecraft-Build.schem","downloaded","","23x11x21, 1217 blocks"
"2026-09-26T12:33:09.263Z","mc-mod","https://www.mc-mod.net/schematics/gingerbread-factory/","industrial_gingerbread-factory_mc-mod_x.schem","https://dl2.9minecraft.net/dl2storage800/Gingerbread-Factory.schematic","review","","81x52x65, 12668 blocks"
"2026-09-26T12:33:09.263Z","mc-mod","https://www.mc-mod.net/schematics/glass-factory-build/","industrial_glass-factory-build_mc-mod_x.schem","https://dl2.9minecraft.net/dl2storage800/Glass-Factory-Build.schem","downloaded","","26x38x28, 26789 blocks"
"2026-09-26T12:33:09.263Z","mc-mod","https://www.mc-mod.net/schematics/gold-smelting-factory/","industrial_gold-smelting-factory_mc-mod_x.schem","https://dl2.9minecraft.net/dl2storage800/Gold-Smelting-Factory.schematic","review","","64x79x27, 3379 blocks"
"2026-09-26T12:33:09.263Z","mc-mod","https://www.mc-mod.net/schematics/gothic-church-minecraft-structure/","public_gothic-church-minecraft-structure_mc-mod_x.schem","https://dl2.9minecraft.net/dl2storage800/Gothic-Church-Minecraft-Structure.schem","downloaded","","125x113x75, 62900 blocks"
"2026-09-26T12:33:09.263Z","mc-mod","https://www.mc-mod.net/schematics/grand-central-park-large-town-square/","public_grand-central-park-large-town-square_mc-mod_x.schem","https://dl2.9minecraft.net/dl2storage800/Grand-Central-Park-Large-Town-Square.schematic","downloaded","","142x49x126, 65580 blocks"
"2026-09-26T12:33:09.263Z","mc-mod","https://www.mc-mod.net/schematics/grand-hotel-seventh-heaven/","towers_grand-hotel-seventh-heaven_mc-mod_x.schem","https://dl2.9minecraft.net/dl2storage800/Grand-Hotel-Seventh-Heaven.schem","downloaded","","48x61x35, 97943 blocks"
"2026-09-26T12:33:09.263Z","mc-mod","https://www.mc-mod.net/schematics/grandpas-flower-power-tower-with-garden/","towers_grandpas-flower-power-tower-with-garden_mc-mod_x.schem","https://dl2.9minecraft.net/dl2storage800/Grandpa-s-Flower-Power-Tower-with-Garden.schematic","downloaded","","32x27x23, 3702 blocks"
"2026-09-26T12:33:09.263Z","mc-mod","https://www.mc-mod.net/schematics/gray-tower-structure/","towers_gray-tower-structure_mc-mod_x.schem","https://dl2.9minecraft.net/dl2storage800/Gray-Tower-Structure.schem","downloaded","","9x28x9, 464 blocks"
"2026-09-26T12:33:09.263Z","mc-mod","https://www.mc-mod.net/schematics/guadalupe-river-bridge/","bridges_guadalupe-river-bridge_mc-mod_x.schem","https://dl2.9minecraft.net/dl2storage800/Guadalupe-River-Bridge.schematic","downloaded","","24x22x122, 13584 blocks"
"2026-09-26T12:33:09.263Z","mc-mod","https://www.mc-mod.net/schematics/hamburg-michel-church-structure/","public_hamburg-michel-church-structure_mc-mod_x.schem","https://dl2.9minecraft.net/dl2storage800/Hamburg-Michel-Church-Structure.schematic","downloaded","","27x55x38, 4396 blocks"
"2026-09-26T12:33:09.263Z","mc-mod","https://www.mc-mod.net/schematics/hanging-gardens-of-brisbane/","parks_hanging-gardens-of-brisbane_mc-mod_x.schem","https://dl2.9minecraft.net/dl2storage800/Hanging-Gardens-of-Brisbane.schematic","downloaded","","48x51x47, 7798 blocks"
"2026-09-26T12:33:09.263Z","mc-mod","https://www.mc-mod.net/schematics/harbour-shops/","commercial_harbour-shops_mc-mod_x.schem","https://dl2.9minecraft.net/dl2storage800/Harbour-Shops.schematic","downloaded","","38x29x26, 12497 blocks"
"2026-09-26T12:33:09.263Z","mc-mod","https://www.mc-mod.net/schematics/hidden-wooden-house/","residential_hidden-wooden-house_mc-mod_x.schem","https://dl2.9minecraft.net/dl2storage800/Hidden-Wooden-House.schematic","downloaded","","38x33x37, 8719 blocks"
"2026-09-26T12:33:09.263Z","mc-mod","https://www.mc-mod.net/schematics/highway-exit-structure/","roads_highway-exit-structure_mc-mod_x.schem","https://dl2.9minecraft.net/dl2storage800/Highway-Exit-Structure.schematic","downloaded","","50x10x33, 3225 blocks"
"2026-09-26T12:33:09.263Z","mc-mod","https://www.mc-mod.net/schematics/highway-section-with-lighting-and-signs/","roads_highway-section-with-lighting-and-signs_mc-mod_x.schem","https://dl2.9minecraft.net/dl2storage800/Highway-Section-with-Lighting-and-Signs.schematic","downloaded","","43x10x21, 1197 blocks"
"2026-09-26T12:33:09.263Z","mc-mod","https://www.mc-mod.net/schematics/highway-toll-booth-structure/","roads_highway-toll-booth-structure_mc-mod_x.schem","https://dl2.9minecraft.net/dl2storage800/Highway-Toll-Booth-Structure.schematic","downloaded","","48x9x59, 4076 blocks"
"2026-09-26T12:33:09.263Z","mc-mod","https://www.mc-mod.net/schematics/home-and-workshop-building/","commercial_home-and-workshop-building_mc-mod_x.schem","https://dl2.9minecraft.net/dl2storage800/Home-and-Workshop-Building.schematic","downloaded","","20x13x14, 1062 blocks"
"2026-09-26T12:33:09.263Z","mc-mod","https://www.mc-mod.net/schematics/hotel-hilton/","towers_hotel-hilton_mc-mod_x.schem","https://dl2.9minecraft.net/dl2storage800/Hotel-Hilton.schem","downloaded","","17x31x31, 6431 blocks"
"2026-09-26T12:33:09.263Z","mc-mod","https://www.mc-mod.net/schematics/hotel-honk-house/","towers_hotel-honk-house_mc-mod_x.schem","https://dl2.9minecraft.net/dl2storage800/Hotel-Honk-House.schematic","downloaded","","41x37x38, 23840 blocks"
"2026-09-26T12:33:09.263Z","mc-mod","https://www.mc-mod.net/schematics/hotel-opal-seaside-resort/","towers_hotel-opal-seaside-resort_mc-mod_x.schem","https://dl2.9minecraft.net/dl2storage800/Hotel-Opal-Seaside-Resort.schem","downloaded","","66x66x84, 53407 blocks"
"2026-09-26T12:33:09.263Z","mc-mod","https://www.mc-mod.net/schematics/hotel-weiss-v2/","towers_hotel-weiss-v2_mc-mod_x.schem","https://dl2.9minecraft.net/dl2storage800/Hotel-Weiss-V2.schem","downloaded","","50x52x50, 30321 blocks"
"2026-09-26T12:33:09.263Z","mc-mod","https://www.mc-mod.net/schematics/immersive-railroading-bridge/","roads_immersive-railroading-bridge_mc-mod_x.schem","https://dl2.9minecraft.net/dl2storage800/Immersive-Railroading-Bridge.schematic","review","","11x8x40, 611 blocks"
"2026-09-26T12:33:09.263Z","mc-mod","https://www.mc-mod.net/schematics/immersive-railroading-roundhouse-structure/","roads_immersive-railroading-roundhouse-structure_mc-mod_x.schem","https://dl2.9minecraft.net/dl2storage800/Immersive-Railroading-Roundhouse-Structure.schematic","downloaded","","110x15x111, 12086 blocks"
"2026-09-26T12:33:09.263Z","mc-mod","https://www.mc-mod.net/schematics/immersive-railroading-steamworks-station/","roads_immersive-railroading-steamworks-station_mc-mod_x.schem","https://dl2.9minecraft.net/dl2storage800/Immersive-Railroading-Steamworks-Station.schematic","review","","66x18x41, 5136 blocks"
"2026-09-26T12:33:09.263Z","mc-mod","https://www.mc-mod.net/schematics/improved-warehouse-storage-structure/","residential_improved-warehouse-storage-structure_mc-mod_x.schem","https://dl2.9minecraft.net/dl2storage800/Improved-Warehouse-Storage-Structure.schematic","downloaded","","121x20x217, 42262 blocks"
"2026-09-26T12:33:09.263Z","mc-mod","https://www.mc-mod.net/schematics/indian-style-jade-mansion-tower/","towers_indian-style-jade-mansion-tower_mc-mod_x.schem","https://dl2.9minecraft.net/dl2storage800/Indian-Style-Jade-Mansion-Tower.schematic","downloaded","","61x65x62, 23887 blocks"
"2026-09-26T12:33:09.263Z","mc-mod","https://www.mc-mod.net/schematics/integral-bridge-structure/","bridges_integral-bridge-structure_mc-mod_x.schem","https://dl2.9minecraft.net/dl2storage800/Integral-Bridge-Structure.schematic","downloaded","","49x12x7, 726 blocks"
"2026-09-26T12:33:09.263Z","mc-mod","https://www.mc-mod.net/schematics/island-house-lakefront/","residential_island-house-lakefront_mc-mod_x.schem","https://dl2.9minecraft.net/dl2storage800/Island-House.schem","downloaded","","63x24x86, 52320 blocks"
"2026-09-26T12:33:09.263Z","mc-mod","https://www.mc-mod.net/schematics/item-storage-warehouse/","residential_item-storage-warehouse_mc-mod_x.schem","https://dl2.9minecraft.net/dl2storage800/Item-Storage-Warehouse.schematic","downloaded","","84x16x19, 8496 blocks"
"2026-09-26T12:33:09.263Z","mc-mod","https://www.mc-mod.net/schematics/japanese-tower-style-asian-structure/","towers_japanese-tower-style-asian-structure_mc-mod_x.schem","https://dl2.9minecraft.net/dl2storage800/Japanese-Tower-Style-Asian-Structure.schem","downloaded","","13x30x13, 991 blocks"
"2026-09-26T12:33:09.263Z","mc-mod","https://www.mc-mod.net/schematics/jive-49-modern-condominium-tower/","towers_jive-49-modern-condominium-tower_mc-mod_x.schem","https://dl2.9minecraft.net/dl2storage800/Jive-49-Modern-Condominium-Tower.schematic","downloaded","","37x100x81, 46141 blocks"
"2026-09-26T12:33:09.263Z","mc-mod","https://www.mc-mod.net/schematics/jungle-spawn-bridge/","bridges_jungle-spawn-bridge_mc-mod_x.schem","https://dl2.9minecraft.net/dl2storage800/Jungle-Spawn-Bridge.schem","downloaded","","5x5x28, 243 blocks"
"2026-09-26T12:33:09.263Z","mc-mod","https://www.mc-mod.net/schematics/keralis-style-giant-mansion/","residential_keralis-style-giant-mansion_mc-mod_x.schem","https://dl2.9minecraft.net/dl2storage800/Keralis-Style-Giant-Mansion.schematic","downloaded","","201x30x149, 50850 blocks"
"2026-09-26T12:33:09.263Z","mc-mod","https://www.mc-mod.net/schematics/kingdom-banker-shop-house/","residential_kingdom-banker-shop-house_mc-mod_x.schem","https://dl2.9minecraft.net/dl2storage800/Kingdom-Banker-Shop-House.schematic","downloaded","","11x11x13, 587 blocks"
"2026-09-26T12:33:09.263Z","mc-mod","https://www.mc-mod.net/schematics/kokotonis-furnished-tower/","towers_kokotonis-furnished-tower_mc-mod_x.schem","https://dl2.9minecraft.net/dl2storage800/Kokotoni-s-Furnished-Tower.schematic","downloaded","","31x82x31, 14037 blocks"
"2026-09-26T12:33:09.263Z","mc-mod","https://www.mc-mod.net/schematics/lapis-and-pickaxe-shop-medium-house/","residential_lapis-and-pickaxe-shop-medium-house_mc-mod_x.schem","https://dl2.9minecraft.net/dl2storage800/Lapis-and-Pickaxe-Shop-Medium-House.schematic","downloaded","","24x37x23, 7934 blocks"
"2026-09-26T12:33:09.263Z","mc-mod","https://www.mc-mod.net/schematics/large-car-park/","parks_large-car-park_mc-mod_x.schem","https://dl2.9minecraft.net/dl2storage800/Large-Car-Park.schematic","downloaded","","191x2x175, 33721 blocks"
"2026-09-26T12:33:09.263Z","mc-mod","https://www.mc-mod.net/schematics/large-house-and-shop-building/","residential_large-house-and-shop-building_mc-mod_x.schem","https://dl2.9minecraft.net/dl2storage800/Large-House-and-Shop-Building.schematic","downloaded","","54x45x58, 9061 blocks"
"2026-09-26T12:33:09.263Z","mc-mod","https://www.mc-mod.net/schematics/large-modern-hotel-jungle-planks/","commercial_large-modern-hotel-jungle-planks_mc-mod_x.schem","https://dl2.9minecraft.net/dl2storage800/Modern-Hotel-Building.schematic","downloaded","","44x17x30, 8029 blocks"
"2026-09-26T12:33:09.263Z","mc-mod","https://www.mc-mod.net/schematics/large-ranch-style-minimalist-house/","residential_large-ranch-style-minimalist-house_mc-mod_x.schem","https://dl2.9minecraft.net/dl2storage800/Large-Ranch-Style-Minimalist-House.schematic","downloaded","","64x20x47, 19976 blocks"
"2026-09-26T12:33:09.263Z","mc-mod","https://www.mc-mod.net/schematics/large-server-warehouse/","residential_large-server-warehouse_mc-mod_x.schem","https://dl2.9minecraft.net/dl2storage800/Large-Server-Warehouse.schem","downloaded","","55x105x54, 23556 blocks"
"2026-09-26T12:33:09.263Z","mc-mod","https://www.mc-mod.net/schematics/large-smithy-workshop/","commercial_large-smithy-workshop_mc-mod_x.schem","https://dl2.9minecraft.net/dl2storage800/Large-Smithy-Workshop.schematic","downloaded","","19x21x15, 1744 blocks"
"2026-09-26T12:33:09.263Z","mc-mod","https://www.mc-mod.net/schematics/large-stone-brick-bridge/","bridges_large-stone-brick-bridge_mc-mod_x.schem","https://dl2.9minecraft.net/dl2storage800/Large-Stone-Brick-Bridge.schematic","downloaded","","7x19x68, 3728 blocks"
"2026-09-26T12:33:09.263Z","mc-mod","https://www.mc-mod.net/schematics/large-stone-bridge-with-buildings/","bridges_large-stone-bridge-with-buildings_mc-mod_x.schem","https://dl2.9minecraft.net/dl2storage800/Large-Stone-Bridge-With-Buildings.schematic","downloaded","","37x25x8, 1470 blocks"
"2026-09-26T12:33:09.263Z","mc-mod","https://www.mc-mod.net/schematics/large-stone-tower/","towers_large-stone-tower_mc-mod_x.schem","https://dl2.9minecraft.net/dl2storage800/Large-Stone-Tower.schem","downloaded","","12x52x11, 1507 blocks"
"2026-09-26T12:33:09.263Z","mc-mod","https://www.mc-mod.net/schematics/large-survival-mansion-house/","residential_large-survival-mansion-house_mc-mod_x.schem","https://dl2.9minecraft.net/dl2storage800/Large-Survival-Mansion-House.schematic","downloaded","","50x25x55, 8972 blocks"
"2026-09-26T12:33:09.263Z","mc-mod","https://www.mc-mod.net/schematics/lava-hotel-resort/","towers_lava-hotel-resort_mc-mod_x.schem","https://dl2.9minecraft.net/dl2storage800/Lava-Hotel-Resort.schematic","downloaded","","27x37x33, 10512 blocks"
"2026-09-26T12:33:09.263Z","mc-mod","https://www.mc-mod.net/schematics/leniland-office-building/","towers_leniland-office-building_mc-mod_x.schem","https://dl2.9minecraft.net/dl2storage800/Leniland-Office-Building.schem","downloaded","","32x41x17, 8081 blocks"
"2026-09-26T12:33:09.263Z","mc-mod","https://www.mc-mod.net/schematics/light-rail-transit-station/","transport_light-rail-transit-station_mc-mod_x.schem","https://dl2.9minecraft.net/dl2storage800/Light-Rail-Transit-Station.schematic","downloaded","","179x35x51, 42220 blocks"
"2026-09-26T12:33:09.263Z","mc-mod","https://www.mc-mod.net/schematics/lucavas-tower/","towers_lucavas-tower_mc-mod_x.schem","https://dl2.9minecraft.net/dl2storage800/Lucava-s-Tower.schematic","review","","43x118x42, 3842 blocks"
"2026-09-26T12:33:09.263Z","mc-mod","https://www.mc-mod.net/schematics/luxury-mansion-with-party-room/","residential_luxury-mansion-with-party-room_mc-mod_x.schem","https://dl2.9minecraft.net/dl2storage800/Luxury-Mansion-With-Party-Room.schematic","downloaded","","84x20x77, 25846 blocks"
"2026-09-26T12:33:09.263Z","mc-mod","https://www.mc-mod.net/schematics/luxury-palace-tower-with-elevator/","towers_luxury-palace-tower-with-elevator_mc-mod_x.schem","https://dl2.9minecraft.net/dl2storage800/Luxury-Palace-Tower-With-Elevator.schematic","downloaded","","40x110x40, 52275 blocks"
"2026-09-26T12:33:09.263Z","mc-mod","https://www.mc-mod.net/schematics/luxury-studio-apartment/","residential_luxury-studio-apartment_mc-mod_x.schem","https://dl2.9minecraft.net/dl2storage800/Luxury-Studio-Apartment.schem","downloaded","","4x8x6, 155 blocks"
"2026-09-26T12:33:09.263Z","mc-mod","https://www.mc-mod.net/schematics/luxury-villa-with-courtyard-and-pool/","residential_luxury-villa-with-courtyard-and-pool_mc-mod_x.schem","https://dl2.9minecraft.net/dl2storage800/Luxury-Villa-with-Courtyard-and-Pool.schem","downloaded","","46x23x47, 12194 blocks"
"2026-09-26T12:33:09.263Z","mc-mod","https://www.mc-mod.net/schematics/majestic-fountain-structure/","parks_majestic-fountain-structure_mc-mod_x.schem","https://dl2.9minecraft.net/dl2storage800/Majestic-Fountain-Structure.schematic","downloaded","","31x36x39, 3692 blocks"
"2026-09-26T12:33:09.263Z","mc-mod","https://www.mc-mod.net/schematics/market-stall/","commercial_market-stall_mc-mod_x.schem","https://dl2.9minecraft.net/dl2storage800/Market-Stall.schematic","downloaded","","6x5x7, 98 blocks"
"2026-09-26T12:33:09.263Z","mc-mod","https://www.mc-mod.net/schematics/massive-lava-tunnel-with-minecart-track/","bridges_massive-lava-tunnel-with-minecart-track_mc-mod_x.schem","https://dl2.9minecraft.net/dl2storage800/Massive-Lava-Tunnel-With-Minecart-Track.schematic","downloaded","","11x4x1000, 12710 blocks"
"2026-09-26T12:33:09.263Z","mc-mod","https://www.mc-mod.net/schematics/massive-minecraft-bridge/","bridges_massive-minecraft-bridge_mc-mod_x.schem","https://dl2.9minecraft.net/dl2storage800/Massive-Minecraft-Bridge.schem","downloaded","","25x75x115, 43574 blocks"
"2026-09-26T12:33:09.263Z","mc-mod","https://www.mc-mod.net/schematics/massive-skyscraper-structure/","towers_massive-skyscraper-structure_mc-mod_x.schem","https://dl2.9minecraft.net/dl2storage800/Massive-Skyscraper-Structure.schematic","downloaded","","20x200x20, 14072 blocks"
"2026-09-26T12:33:09.263Z","mc-mod","https://www.mc-mod.net/schematics/massive-storage-warehouse-structure/","residential_massive-storage-warehouse-structure_mc-mod_x.schem","https://dl2.9minecraft.net/dl2storage800/Massive-Storage-Warehouse-Structure.schematic","downloaded","","169x22x85, 24720 blocks"
"2026-09-26T12:33:09.263Z","mc-mod","https://www.mc-mod.net/schematics/maximum-height-tower/","towers_maximum-height-tower_mc-mod_x.schem","https://dl2.9minecraft.net/dl2storage800/Maximum-Height-Tower.schematic","downloaded","","34x186x17, 46304 blocks"
"2026-09-26T12:33:09.263Z","mc-mod","https://www.mc-mod.net/schematics/mccready-grocery-store/","commercial_mccready-grocery-store_mc-mod_x.schem","https://dl2.9minecraft.net/dl2storage800/McCready-Grocery-Store.schematic","downloaded","","229x18x199, 130257 blocks"
"2026-09-26T12:33:09.263Z","mc-mod","https://www.mc-mod.net/schematics/mcfey-astroworld-amusement-park/","parks_mcfey-astroworld-amusement-park_mc-mod_x.schem","https://dl2.9minecraft.net/dl2storage800/McFey-Astroworld-Amusement-Park.schematic","downloaded","","14x28x23, 777 blocks"
"2026-09-26T12:33:09.263Z","mc-mod","https://www.mc-mod.net/schematics/mediterranean-plaza-build/","public_mediterranean-plaza-build_mc-mod_x.schem","https://dl2.9minecraft.net/dl2storage800/OG-Medi-Plaza.schem","downloaded","","36x14x34, 1850 blocks"
"2026-09-26T12:33:09.263Z","mc-mod","https://www.mc-mod.net/schematics/mediterranean-style-apartment-house/","residential_mediterranean-style-apartment-house_mc-mod_x.schem","https://dl2.9minecraft.net/dl2storage800/OG-Medi-House-02.schem","downloaded","","36x20x19, 5037 blocks"
"2026-09-26T12:33:09.263Z","mc-mod","https://www.mc-mod.net/schematics/mediterranean-style-shopping-center/","commercial_mediterranean-style-shopping-center_mc-mod_x.schem","https://dl2.9minecraft.net/dl2storage800/Mediterranean-Style-Shopping-Center.schem","downloaded","","47x32x49, 30935 blocks"
"2026-09-26T12:33:09.263Z","mc-mod","https://www.mc-mod.net/schematics/medium-mansion-with-bridge/","bridges_medium-mansion-with-bridge_mc-mod_x.schem","https://dl2.9minecraft.net/dl2storage800/Medium-Mansion-With-Bridge.schematic","downloaded","","105x133x82, 443361 blocks"
"2026-09-26T12:33:09.263Z","mc-mod","https://www.mc-mod.net/schematics/medium-merchants-house/","residential_medium-merchants-house_mc-mod_x.schem","https://dl2.9minecraft.net/dl2storage800/Medium-Merchant-s-House.schem","downloaded","","17x18x32, 3068 blocks"
"2026-09-26T12:33:09.263Z","mc-mod","https://www.mc-mod.net/schematics/medium-orange-warehouse/","residential_medium-orange-warehouse_mc-mod_x.schem","https://dl2.9minecraft.net/dl2storage800/Medium-Orange-Warehouse.schem","downloaded","","74x21x117, 21686 blocks"
"2026-09-26T12:33:09.263Z","mc-mod","https://www.mc-mod.net/schematics/medium-wooden-bridge-design/","bridges_medium-wooden-bridge-design_mc-mod_x.schem","https://dl2.9minecraft.net/dl2storage800/Medium-Wooden-Bridge-Design.schematic","downloaded","","21x11x53, 532 blocks"
"2026-09-26T12:33:09.263Z","mc-mod","https://www.mc-mod.net/schematics/metro-city-spawn/","transport_metro-city-spawn_mc-mod_x.schem","https://dl2.9minecraft.net/dl2storage800/Metro-City-Spawn.schematic","downloaded","","56x73x56, 23416 blocks"
"2026-09-26T12:33:09.263Z","mc-mod","https://www.mc-mod.net/schematics/metro-train-pass/","transport_metro-train-pass_mc-mod_x.schem","https://dl2.9minecraft.net/dl2storage800/Metro-Train-Pass.schematic","downloaded","","6x11x6, 312 blocks"
"2026-09-26T12:33:09.263Z","mc-mod","https://www.mc-mod.net/schematics/metro-train-station/","transport_metro-train-station_mc-mod_x.schem","https://dl2.9minecraft.net/dl2storage800/Metro-Train-Station.schematic","review","","7x9x47, 400 blocks"
"2026-09-26T12:33:09.263Z","mc-mod","https://www.mc-mod.net/schematics/mid-century-hotel/","towers_mid-century-hotel_mc-mod_x.schem","https://dl2.9minecraft.net/dl2storage800/Mid-Century-Hotel.schematic","downloaded","","12x35x12, 2168 blocks"
"2026-09-26T12:33:09.263Z","mc-mod","https://www.mc-mod.net/schematics/minebank-building/","commercial_minebank-building_mc-mod_x.schem","https://dl2.9minecraft.net/dl2storage800/MineBank-Building.schematic","downloaded","","67x150x85, 327368 blocks"
"2026-09-26T12:33:09.263Z","mc-mod","https://www.mc-mod.net/schematics/minecraft-build-book-house/","residential_minecraft-build-book-house_mc-mod_x.schem","https://dl2.9minecraft.net/dl2storage800/Minecraft-Build-Book-House.schematic","downloaded","","58x28x47, 17404 blocks"
"2026-09-26T12:33:09.263Z","mc-mod","https://www.mc-mod.net/schematics/minecraft-casino-mansion-structure/","residential_minecraft-casino-mansion-structure_mc-mod_x.schem","https://dl2.9minecraft.net/dl2storage800/Minecraft-Casino-Mansion-Structure.schem","downloaded","","79x93x92, 49502 blocks"
"2026-09-26T12:33:09.263Z","mc-mod","https://www.mc-mod.net/schematics/minecraft-gas-station-build-2/","commercial_minecraft-gas-station-build-2_mc-mod_x.schem","https://dl2.9minecraft.net/dl2storage800/Gas-Station.schematic","review","","16x6x30, 632 blocks"
"2026-09-26T12:33:09.263Z","mc-mod","https://www.mc-mod.net/schematics/minecraft-hospital-building/","public_minecraft-hospital-building_mc-mod_x.schem","https://dl2.9minecraft.net/dl2storage800/Minecraft-Hospital-Building.schem","downloaded","","21x56x36, 8043 blocks"
"2026-09-26T12:33:09.263Z","mc-mod","https://www.mc-mod.net/schematics/minecraft-railway-station/","transport_minecraft-railway-station_mc-mod_x.schem","https://dl2.9minecraft.net/dl2storage800/Minecraft-Railway-Station.schematic","downloaded","","17x5x18, 575 blocks"
"2026-09-26T12:33:09.263Z","mc-mod","https://www.mc-mod.net/schematics/minecraft-soccer-stadium-schematic/","public_minecraft-soccer-stadium-schematic_mc-mod_x.schem","https://dl2.9minecraft.net/dl2storage800/Minecraft-Soccer-Stadium-Schematic.schematic","downloaded","","34x13x54, 5747 blocks"
"2026-09-26T12:33:09.263Z","mc-mod","https://www.mc-mod.net/schematics/minecraftia-elementary-school-blue-and-white-campus/","public_minecraftia-elementary-school-blue-and-white_mc-mod_x.schem","https://dl2.9minecraft.net/dl2storage800/Minecraftia-Elementary-School-Blue-and-White-Campus.schematic","downloaded","","149x49x114, 126389 blocks"
"2026-09-26T12:33:09.263Z","mc-mod","https://www.mc-mod.net/schematics/mini-shop-blockhouse/","residential_mini-shop-blockhouse_mc-mod_x.schem","https://dl2.9minecraft.net/dl2storage800/Mini-Shop-Blockhouse.schematic","downloaded","","3x2x6, 29 blocks"
"2026-09-26T12:33:09.263Z","mc-mod","https://www.mc-mod.net/schematics/modern-3-story-office-building/","towers_modern-3-story-office-building_mc-mod_x.schem","https://dl2.9minecraft.net/dl2storage800/OC-project-3-story-modern-main-building.schematic","review","","33x16x25, 3126 blocks"
"2026-09-26T12:33:09.263Z","mc-mod","https://www.mc-mod.net/schematics/modern-apartment-block-townhouse/","residential_modern-apartment-block-townhouse_mc-mod_x.schem","https://dl2.9minecraft.net/dl2storage800/Modern-Apartment-Block-Townhouse.schematic","downloaded","","59x40x41, 28792 blocks"
"2026-09-26T12:33:09.263Z","mc-mod","https://www.mc-mod.net/schematics/modern-apartment-building-2/","residential_modern-apartment-building-2_mc-mod_x.schem","https://dl2.9minecraft.net/dl2storage800/Modern-Apartment-Building.schematic","downloaded","","35x44x37, 17982 blocks"
"2026-09-26T12:33:09.263Z","mc-mod","https://www.mc-mod.net/schematics/modern-apartment-building-4/","towers_modern-apartment-building-4_mc-mod_x.schem","https://dl2.9minecraft.net/dl2storage800/Modern-Apartment-Building.schem","downloaded","","22x27x25, 4329 blocks"
"2026-09-26T12:33:09.263Z","mc-mod","https://www.mc-mod.net/schematics/modern-apartment-building-with-6-units/","residential_modern-apartment-building-with-6-units_mc-mod_x.schem","https://dl2.9minecraft.net/dl2storage800/Modern-Apartment-Building-With-6-Units.schematic","review","","12x24x19, 718 blocks"
"2026-09-26T12:33:09.263Z","mc-mod","https://www.mc-mod.net/schematics/modern-apartment-complex/","residential_modern-apartment-complex_mc-mod_x.schem","https://dl2.9minecraft.net/dl2storage800/Modern-Apartment-Complex.schematic","downloaded","","101x32x147, 102411 blocks"
"2026-09-26T12:33:09.263Z","mc-mod","https://www.mc-mod.net/schematics/modern-apartment-tower-10-floors/","towers_modern-apartment-tower-10-floors_mc-mod_x.schem","https://dl2.9minecraft.net/dl2storage800/Modern-Apartment-Tower.schematic","downloaded","","37x168x37, 40202 blocks"
"2026-09-26T12:33:09.263Z","mc-mod","https://www.mc-mod.net/schematics/modern-blue-apartment-building-schematic/","residential_modern-blue-apartment-building-schematic_mc-mod_x.schem","https://dl2.9minecraft.net/dl2storage800/Modern-Blue-Apartment-Building-Schematic.schem","downloaded","","22x17x21, 2520 blocks"
"2026-09-26T12:33:09.263Z","mc-mod","https://www.mc-mod.net/schematics/modern-blue-glass-tower/","towers_modern-blue-glass-tower_mc-mod_x.schem","https://dl2.9minecraft.net/dl2storage800/Modern-Blue-Glass-Tower.schematic","downloaded","","27x102x38, 12343 blocks"
"2026-09-26T12:33:09.263Z","mc-mod","https://www.mc-mod.net/schematics/modern-bridge-design/","bridges_modern-bridge-design_mc-mod_x.schem","https://dl2.9minecraft.net/dl2storage800/Modern-Bridge-Design.schem","downloaded","","9x7x25, 454 blocks"
"2026-09-26T12:33:09.263Z","mc-mod","https://www.mc-mod.net/schematics/modern-business-building/","transport_modern-business-building_mc-mod_x.schem","https://dl2.9minecraft.net/dl2storage800/Modern-Business-Building.schematic","downloaded","","37x11x45, 5916 blocks"
"2026-09-26T12:33:09.263Z","mc-mod","https://www.mc-mod.net/schematics/modern-city-apartment-building/","residential_modern-city-apartment-building_mc-mod_x.schem","https://dl2.9minecraft.net/dl2storage800/Modern-City-Apartment-Building.schem","downloaded","","119x59x80, 53088 blocks"
"2026-09-26T12:33:09.263Z","mc-mod","https://www.mc-mod.net/schematics/modern-city-apartments/","residential_modern-city-apartments_mc-mod_x.schem","https://dl2.9minecraft.net/dl2storage800/Modern-City-Apartments.schematic","downloaded","","30x27x38, 9256 blocks"
"2026-09-26T12:33:09.263Z","mc-mod","https://www.mc-mod.net/schematics/modern-city-connecting-bridge/","bridges_modern-city-connecting-bridge_mc-mod_x.schem","https://dl2.9minecraft.net/dl2storage800/Modern-City-Connecting-Bridge.schematic","downloaded","","179x48x27, 38869 blocks"
"2026-09-26T12:33:09.263Z","mc-mod","https://www.mc-mod.net/schematics/modern-city-hotel-building/","towers_modern-city-hotel-building_mc-mod_x.schem","https://dl2.9minecraft.net/dl2storage800/Modern-City-Hotel-Building.schematic","downloaded","","49x112x41, 50688 blocks"
"2026-09-26T12:33:09.263Z","mc-mod","https://www.mc-mod.net/schematics/modern-city-intersection-road/","intersections_modern-city-intersection-road_mc-mod_x.schem","https://dl2.9minecraft.net/dl2storage800/Modern-City-Intersection-Road.schematic","downloaded","","171x1x171, 29241 blocks"
"2026-09-26T12:33:09.263Z","mc-mod","https://www.mc-mod.net/schematics/modern-city-skyscraper/","towers_modern-city-skyscraper_mc-mod_x.schem","https://dl2.9minecraft.net/dl2storage800/Modern-City-Skyscraper.schem","downloaded","","73x49x42, 11204 blocks"
"2026-09-26T12:33:09.263Z","mc-mod","https://www.mc-mod.net/schematics/modern-coffee-shop/","commercial_modern-coffee-shop_mc-mod_x.schem","https://dl2.9minecraft.net/dl2storage800/Modern-Coffee-Shop.schematic","downloaded","","21x20x20, 1350 blocks"
"2026-09-26T12:33:09.263Z","mc-mod","https://www.mc-mod.net/schematics/modern-concrete-park/","parks_modern-concrete-park_mc-mod_x.schem","https://dl2.9minecraft.net/dl2storage800/Modern-Concrete-Park.schematic","downloaded","","19x4x19, 48 blocks"
"2026-09-26T12:33:09.263Z","mc-mod","https://www.mc-mod.net/schematics/modern-cyan-terracotta-house/","residential_modern-cyan-terracotta-house_mc-mod_x.schem","https://dl2.9minecraft.net/dl2storage800/Modern-Home-Design.schematic","downloaded","","67x22x53, 26211 blocks"
"2026-09-26T12:33:09.263Z","mc-mod","https://www.mc-mod.net/schematics/modern-decorated-tower/","towers_modern-decorated-tower_mc-mod_x.schem","https://dl2.9minecraft.net/dl2storage800/Modern-Decorated-Tower.schematic","downloaded","","15x46x11, 2239 blocks"
"2026-09-26T12:33:09.263Z","mc-mod","https://www.mc-mod.net/schematics/modern-diamond-skyscraper/","towers_modern-diamond-skyscraper_mc-mod_x.schem","https://dl2.9minecraft.net/dl2storage800/Modern-Diamond-Skyscraper.schematic","downloaded","","51x145x49, 75860 blocks"
"2026-09-26T12:33:09.263Z","mc-mod","https://www.mc-mod.net/schematics/modern-eco-skyscraper/","towers_modern-eco-skyscraper_mc-mod_x.schem","https://dl2.9minecraft.net/dl2storage800/Modern-Eco-Skyscraper.schematic","downloaded","","59x174x59, 105395 blocks"
"2026-09-26T12:33:09.263Z","mc-mod","https://www.mc-mod.net/schematics/modern-food-shop/","commercial_modern-food-shop_mc-mod_x.schem","https://dl2.9minecraft.net/dl2storage800/Modern-Food-Shop.schematic","downloaded","","11x18x22, 1517 blocks"
"2026-09-26T12:33:09.263Z","mc-mod","https://www.mc-mod.net/schematics/modern-fountain-design/","parks_modern-fountain-design_mc-mod_x.schem","https://dl2.9minecraft.net/dl2storage800/Modern-Fountain-Design.schematic","downloaded","","13x11x13, 275 blocks"
"2026-09-26T12:33:09.263Z","mc-mod","https://www.mc-mod.net/schematics/modern-four-story-hotel/","towers_modern-four-story-hotel_mc-mod_x.schem","https://dl2.9minecraft.net/dl2storage800/Modern-Four-Story-Hotel.schematic","downloaded","","80x46x106, 100386 blocks"
"2026-09-26T12:33:09.263Z","mc-mod","https://www.mc-mod.net/schematics/modern-four-story-shopping-mall-with-roads/","roads_modern-four-story-shopping-mall-with-roads_mc-mod_x.schem","https://dl2.9minecraft.net/dl2storage800/Modern-Four-Story-Shopping-Mall-With-Roads.schematic","review","","28x28x36, 2661 blocks"
"2026-09-26T12:33:09.263Z","mc-mod","https://www.mc-mod.net/schematics/modern-gas-station-and-shop/","commercial_modern-gas-station-and-shop_mc-mod_x.schem","https://dl2.9minecraft.net/dl2storage800/Modern-Gas-Station-And-Shop.schematic","downloaded","","69x9x40, 4147 blocks"
"2026-09-26T12:33:09.263Z","mc-mod","https://www.mc-mod.net/schematics/modern-gas-station-exterior/","commercial_modern-gas-station-exterior_mc-mod_x.schem","https://dl2.9minecraft.net/dl2storage800/Modern-Gas-Station-Exterior.schematic","downloaded","","17x8x26, 1638 blocks"
"2026-09-26T12:33:09.263Z","mc-mod","https://www.mc-mod.net/schematics/modern-gas-station-truck-stop/","commercial_modern-gas-station-truck-stop_mc-mod_x.schem","https://dl2.9minecraft.net/dl2storage800/Modern-Gas-Station-Truck-Stop.schematic","downloaded","","62x11x114, 8958 blocks"
"2026-09-26T12:33:09.263Z","mc-mod","https://www.mc-mod.net/schematics/modern-gas-station-with-store/","commercial_modern-gas-station-with-store_mc-mod_x.schem","https://dl2.9minecraft.net/dl2storage800/Modern-Gas-Station-With-Store.schematic","downloaded","","74x22x128, 19194 blocks"
"2026-09-26T12:33:09.263Z","mc-mod","https://www.mc-mod.net/schematics/modern-glass-office-tower-building/","towers_modern-glass-office-tower-building_mc-mod_x.schem","https://dl2.9minecraft.net/dl2storage800/Modern-Glass-Building.schem","downloaded","","44x121x44, 35389 blocks"
"2026-09-26T12:33:09.263Z","mc-mod","https://www.mc-mod.net/schematics/modern-grand-fountain-medium-garden/","parks_modern-grand-fountain-medium-garden_mc-mod_x.schem","https://dl2.9minecraft.net/dl2storage800/Modern-Grand-Fountain-Medium-Garden.schematic","downloaded","","33x48x33, 6156 blocks"
"2026-09-26T12:33:09.263Z","mc-mod","https://www.mc-mod.net/schematics/modern-hotel-building/","towers_modern-hotel-building_mc-mod_x.schem","https://dl2.9minecraft.net/dl2storage800/Modern-Hotel-Building.schem","downloaded","","49x49x49, 26530 blocks"
"2026-09-26T12:33:09.263Z","mc-mod","https://www.mc-mod.net/schematics/modern-house-design-with-library/","residential_modern-house-design-with-library_mc-mod_x.schem","https://dl2.9minecraft.net/dl2storage800/Modern-House-Design-With-Library.schem","downloaded","","50x27x89, 21630 blocks"
"2026-09-26T12:33:09.263Z","mc-mod","https://www.mc-mod.net/schematics/modern-lakehouse-mansion/","residential_modern-lakehouse-mansion_mc-mod_x.schem","https://dl2.9minecraft.net/dl2storage800/Modern-Lakehouse-Mansion.schematic","downloaded","","67x35x96, 23476 blocks"
"2026-09-26T12:33:09.263Z","mc-mod","https://www.mc-mod.net/schematics/modern-library-design/","public_modern-library-design_mc-mod_x.schem","https://dl2.9minecraft.net/dl2storage800/Modern-Library-Design.schem","downloaded","","31x12x7, 1264 blocks"
"2026-09-26T12:33:09.263Z","mc-mod","https://www.mc-mod.net/schematics/modern-library-house/","residential_modern-library-house_mc-mod_x.schem","https://dl2.9minecraft.net/dl2storage800/Modern-Library-House.schematic","review","","15x17x15, 611 blocks"
"2026-09-26T12:33:09.263Z","mc-mod","https://www.mc-mod.net/schematics/modern-luxury-residence/","residential_modern-luxury-residence_mc-mod_x.schem","https://dl2.9minecraft.net/dl2storage800/Modern-Luxury-Residence.schematic","downloaded","","39x12x35, 3728 blocks"
"2026-09-26T12:33:09.263Z","mc-mod","https://www.mc-mod.net/schematics/modern-office-building-sketch/","towers_modern-office-building-sketch_mc-mod_x.schem","https://dl2.9minecraft.net/dl2storage800/Modern-Office-Building-Sketch.schem","downloaded","","31x34x36, 6368 blocks"
"2026-09-26T12:33:09.263Z","mc-mod","https://www.mc-mod.net/schematics/modern-office-tower-building/","towers_modern-office-tower-building_mc-mod_x.schem","https://dl2.9minecraft.net/dl2storage800/Modern-Office-Tower-Building.schematic","downloaded","","18x91x20, 13404 blocks"
"2026-09-26T12:33:09.263Z","mc-mod","https://www.mc-mod.net/schematics/modern-office-tower-with-elevator/","towers_modern-office-tower-with-elevator_mc-mod_x.schem","https://dl2.9minecraft.net/dl2storage800/Modern-Office-Tower-with-Elevator.schematic","downloaded","","18x41x17, 6014 blocks"
"2026-09-26T12:33:09.263Z","mc-mod","https://www.mc-mod.net/schematics/modern-office-tower/","towers_modern-office-tower_mc-mod_x.schem","https://dl2.9minecraft.net/dl2storage800/Modern-Office-Tower.schem","downloaded","","36x54x23, 16314 blocks"
"2026-09-26T12:33:09.263Z","mc-mod","https://www.mc-mod.net/schematics/modern-parallel-heights-hotel-building/","commercial_modern-parallel-heights-hotel-building_mc-mod_x.schem","https://dl2.9minecraft.net/dl2storage800/Modern-Parallel-Heights-Hotel-Building.schematic","downloaded","","30x30x64, 8905 blocks"
"2026-09-26T12:33:09.263Z","mc-mod","https://www.mc-mod.net/schematics/modern-park-with-fountain-and-benches/","parks_modern-park-with-fountain-and-benches_mc-mod_x.schem","https://dl2.9minecraft.net/dl2storage800/Modern-Park-with-Fountain-and-Benches.schematic","downloaded","","20x12x11, 425 blocks"
"2026-09-26T12:33:09.263Z","mc-mod","https://www.mc-mod.net/schematics/modern-parking-garage-structure/","transport_modern-parking-garage-structure_mc-mod_x.schem","https://dl2.9minecraft.net/dl2storage800/Modern-Parking-Garage-Structure.schematic","downloaded","","28x10x33, 2612 blocks"
"2026-09-26T12:33:09.263Z","mc-mod","https://www.mc-mod.net/schematics/modern-police-station-building/","public_modern-police-station-building_mc-mod_x.schem","https://dl2.9minecraft.net/dl2storage800/Modern-Police-Station-Building.schematic","downloaded","","26x38x41, 6901 blocks"
"2026-09-26T12:33:09.263Z","mc-mod","https://www.mc-mod.net/schematics/modern-police-station-design/","public_modern-police-station-design_mc-mod_x.schem","https://dl2.9minecraft.net/dl2storage800/Modern-Police-Station-Design.schematic","downloaded","","47x26x71, 20242 blocks"
"2026-09-26T12:33:09.263Z","mc-mod","https://www.mc-mod.net/schematics/modern-quartz-city-tower/","towers_modern-quartz-city-tower_mc-mod_x.schem","https://dl2.9minecraft.net/dl2storage800/Modern-City-Building.schematic","downloaded","","34x47x33, 9780 blocks"
"2026-09-26T12:33:09.263Z","mc-mod","https://www.mc-mod.net/schematics/modern-quartz-house-with-birch-accents/","residential_modern-quartz-house-with-birch-accents_mc-mod_x.schem","https://dl2.9minecraft.net/dl2storage800/Modern-House-Design.schematic","downloaded","","24x13x24, 2956 blocks"
"2026-09-26T12:33:09.263Z","mc-mod","https://www.mc-mod.net/schematics/modern-quartz-reserve-bank/","commercial_modern-quartz-reserve-bank_mc-mod_x.schem","https://dl2.9minecraft.net/dl2storage800/Modern-Quartz-Reserve-Bank.schem","downloaded","","25x26x37, 5996 blocks"
"2026-09-26T12:33:09.263Z","mc-mod","https://www.mc-mod.net/schematics/modern-quartz-skyscraper-tower/","towers_modern-quartz-skyscraper-tower_mc-mod_x.schem","https://dl2.9minecraft.net/dl2storage800/Modern-Quartz-Skyscraper-Tower.schematic","downloaded","","29x65x29, 13475 blocks"
"2026-09-26T12:33:09.263Z","mc-mod","https://www.mc-mod.net/schematics/modern-school-building/","public_modern-school-building_mc-mod_x.schem","https://dl2.9minecraft.net/dl2storage800/Modern-School-Building.schematic","downloaded","","28x23x60, 6319 blocks"
"2026-09-26T12:33:09.263Z","mc-mod","https://www.mc-mod.net/schematics/modern-skyscraper-build/","towers_modern-skyscraper-build_mc-mod_x.schem","https://dl2.9minecraft.net/dl2storage800/Modern-Skyscraper-Build.schematic","downloaded","","27x105x40, 39496 blocks"
"2026-09-26T12:33:09.263Z","mc-mod","https://www.mc-mod.net/schematics/modern-skyscraper-design/","towers_modern-skyscraper-design_mc-mod_x.schem","https://dl2.9minecraft.net/dl2storage800/Modern-Skyscraper-Design.schem","downloaded","","60x66x39, 22754 blocks"
"2026-09-26T12:33:09.263Z","mc-mod","https://www.mc-mod.net/schematics/modern-skyscraper-tower-11/","towers_modern-skyscraper-tower-11_mc-mod_x.schem","https://dl2.9minecraft.net/dl2storage800/Modern-Skyscraper-Tower.schematic","downloaded","","20x199x20, 14039 blocks"
"2026-09-26T12:33:09.263Z","mc-mod","https://www.mc-mod.net/schematics/modern-skyscraper-tower/","towers_modern-skyscraper-tower_mc-mod_x.schem","https://dl2.9minecraft.net/dl2storage800/Modern-Skyscraper-Tower.schem","downloaded","","62x172x44, 82874 blocks"
"2026-09-26T12:33:09.263Z","mc-mod","https://www.mc-mod.net/schematics/modern-skyscraper/","towers_modern-skyscraper_mc-mod_x.schem","https://dl2.9minecraft.net/dl2storage800/Modern-Skyscraper.schematic","downloaded","","40x152x70, 61845 blocks"
"2026-09-26T12:33:09.263Z","mc-mod","https://www.mc-mod.net/schematics/modern-small-to-medium-futuristic-house/","residential_modern-small-to-medium-futuristic-house_mc-mod_x.schem","https://dl2.9minecraft.net/dl2storage800/Modern-Small-to-Medium-Futuristic-House.schematic","downloaded","","24x20x22, 1958 blocks"
"2026-09-26T12:33:09.263Z","mc-mod","https://www.mc-mod.net/schematics/modern-spiral-skyscraper/","towers_modern-spiral-skyscraper_mc-mod_x.schem","https://dl2.9minecraft.net/dl2storage800/Modern-Spiral-Skyscraper.schematic","downloaded","","54x185x54, 141511 blocks"
"2026-09-26T12:33:09.263Z","mc-mod","https://www.mc-mod.net/schematics/modern-style-shop/","commercial_modern-style-shop_mc-mod_x.schem","https://dl2.9minecraft.net/dl2storage800/Modern-Style-Shop.schematic","downloaded","","28x11x23, 2932 blocks"
"2026-09-26T12:33:09.263Z","mc-mod","https://www.mc-mod.net/schematics/modern-style-tower-structure/","towers_modern-style-tower-structure_mc-mod_x.schem","https://dl2.9minecraft.net/dl2storage800/Modern-Style-Tower-Structure.schematic","downloaded","","38x84x22, 16924 blocks"
"2026-09-26T12:33:09.263Z","mc-mod","https://www.mc-mod.net/schematics/modern-torch-towers/","towers_modern-torch-towers_mc-mod_x.schem","https://dl2.9minecraft.net/dl2storage800/Modern-Torch-Towers.schematic","downloaded","","15x20x16, 646 blocks"
"2026-09-26T12:33:09.263Z","mc-mod","https://www.mc-mod.net/schematics/modern-train-station-design/","transport_modern-train-station-design_mc-mod_x.schem","https://dl2.9minecraft.net/dl2storage800/Modern-Train-Station-Design.schematic","downloaded","","32x21x38, 6136 blocks"
"2026-09-26T12:33:09.263Z","mc-mod","https://www.mc-mod.net/schematics/modern-villa-with-survival-features/","residential_modern-villa-with-survival-features_mc-mod_x.schem","https://dl2.9minecraft.net/dl2storage800/Modern-Villa-With-Survival-Features.schematic","downloaded","","112x44x158, 152339 blocks"
"2026-09-26T12:33:09.263Z","mc-mod","https://www.mc-mod.net/schematics/modern-warehouse-with-iron-gate-details/","residential_modern-warehouse-with-iron-gate-details_mc-mod_x.schem","https://dl2.9minecraft.net/dl2storage800/Modern-Warehouse-with-Iron-Gate-Details.schematic","downloaded","","135x18x83, 29565 blocks"
"2026-09-26T12:33:09.263Z","mc-mod","https://www.mc-mod.net/schematics/modern-white-city-apartment-building/","residential_modern-white-city-apartment-building_mc-mod_x.schem","https://dl2.9minecraft.net/dl2storage800/Modern-White-City-Apartment-Building.schem","downloaded","","17x21x21, 2668 blocks"
"2026-09-26T12:33:09.263Z","mc-mod","https://www.mc-mod.net/schematics/mr-burns-small-structure/","commercial_mr-burns-small-structure_mc-mod_x.schem","https://dl2.9minecraft.net/dl2storage800/Mr-Burns-Small-Structure.schem","downloaded","","13x42x17, 1134 blocks"
"2026-09-26T12:33:09.263Z","mc-mod","https://www.mc-mod.net/schematics/mud-tower-build/","towers_mud-tower-build_mc-mod_x.schem","https://dl2.9minecraft.net/dl2storage800/Mud-Tower-Build.schem","downloaded","","10x28x10, 556 blocks"
"2026-09-26T12:33:09.263Z","mc-mod","https://www.mc-mod.net/schematics/multi-level-6-story-parking-lot/","transport_multi-level-6-story-parking-lot_mc-mod_x.schem","https://dl2.9minecraft.net/dl2storage800/6-story-parking-lot.schematic","downloaded","","99x46x91, 122647 blocks"
"2026-09-26T12:33:09.263Z","mc-mod","https://www.mc-mod.net/schematics/multi-level-parking-garage-structure/","transport_multi-level-parking-garage-structure_mc-mod_x.schem","https://dl2.9minecraft.net/dl2storage800/Multi-Level-Parking-Garage-Structure.schematic","downloaded","","169x64x93, 241162 blocks"
"2026-09-26T12:33:09.263Z","mc-mod","https://www.mc-mod.net/schematics/multiplayer-survival-base-with-shop/","commercial_multiplayer-survival-base-with-shop_mc-mod_x.schem","https://dl2.9minecraft.net/dl2storage800/Multiplayer-Survival-Base-with-Shop.schematic","downloaded","","32x16x40, 5540 blocks"
"2026-09-26T12:33:09.263Z","mc-mod","https://www.mc-mod.net/schematics/murchinson-modern-office-building-with-helipad/","towers_murchinson-modern-office-building-with-helip_mc-mod_x.schem","https://dl2.9minecraft.net/dl2storage800/Murchinson-Modern-Office-Building-With-Helipad.schematic","downloaded","","45x160x67, 199550 blocks"
"2026-09-26T12:33:09.263Z","mc-mod","https://www.mc-mod.net/schematics/mystcraft-inspired-library-structure/","public_mystcraft-inspired-library-structure_mc-mod_x.schem","https://dl2.9minecraft.net/dl2storage800/Mystcraft-Inspired-Library-Structure.schematic","review","","17x10x17, 655 blocks"
"2026-09-26T12:33:09.263Z","mc-mod","https://www.mc-mod.net/schematics/mystical-church-structure/","public_mystical-church-structure_mc-mod_x.schem","https://dl2.9minecraft.net/dl2storage800/Mystical-Church-Structure.schematic","downloaded","","40x115x82, 32604 blocks"
"2026-09-26T12:33:09.263Z","mc-mod","https://www.mc-mod.net/schematics/mythological-shopping-mall-with-water-features/","commercial_mythological-shopping-mall-with-water-featur_mc-mod_x.schem","https://dl2.9minecraft.net/dl2storage800/Mythological-Shopping-Mall-with-Water-Features.schematic","downloaded","","91x94x91, 46745 blocks"
"2026-09-26T12:33:09.263Z","mc-mod","https://www.mc-mod.net/schematics/nierta-central-park-town-square/","public_nierta-central-park-town-square_mc-mod_x.schem","https://dl2.9minecraft.net/dl2storage800/Nierta-Central-Park-Town-Square.schematic","downloaded","","39x3x38, 3048 blocks"
"2026-09-26T12:33:09.263Z","mc-mod","https://www.mc-mod.net/schematics/nine-story-apartment-building-series/","residential_nine-story-apartment-building-series_mc-mod_x.schem","https://dl2.9minecraft.net/dl2storage800/Nine-Story-Apartment-Building-Series.schematic","downloaded","","25x53x47, 22525 blocks"
"2026-09-26T12:33:09.263Z","mc-mod","https://www.mc-mod.net/schematics/nordic-style-small-bridge/","bridges_nordic-style-small-bridge_mc-mod_x.schem","https://dl2.9minecraft.net/dl2storage800/Nordic-Style-Small-Bridge.schematic","downloaded","","18x9x8, 418 blocks"
"2026-09-26T12:33:09.263Z","mc-mod","https://www.mc-mod.net/schematics/octagonal-hotel-interior-design/","towers_octagonal-hotel-interior-design_mc-mod_x.schem","https://dl2.9minecraft.net/dl2storage800/Octagonal-Hotel-Interior-Design.schem","downloaded","","47x55x46, 7833 blocks"
"2026-09-26T12:33:09.263Z","mc-mod","https://www.mc-mod.net/schematics/old-church-structure/","public_old-church-structure_mc-mod_x.schem","https://dl2.9minecraft.net/dl2storage800/Old-Church-Structure.schematic","downloaded","","49x20x64, 4252 blocks"
"2026-09-26T12:33:09.263Z","mc-mod","https://www.mc-mod.net/schematics/old-factory-hall-building/","industrial_old-factory-hall-building_mc-mod_x.schem","https://dl2.9minecraft.net/dl2storage800/factory-hall-old.schematic","downloaded","","28x19x37, 3737 blocks"
"2026-09-26T12:33:09.263Z","mc-mod","https://www.mc-mod.net/schematics/olimpushd-tower-large-build/","towers_olimpushd-tower-large-build_mc-mod_x.schem","https://dl2.9minecraft.net/dl2storage800/OlimpusHD-Tower-Large-Build.schematic","downloaded","","68x60x57, 27056 blocks"
"2026-09-26T12:33:09.263Z","mc-mod","https://www.mc-mod.net/schematics/olympus-tower-large-build/","towers_olympus-tower-large-build_mc-mod_x.schem","https://dl2.9minecraft.net/dl2storage800/Olympus-Tower-Large-Build.schematic","downloaded","","43x75x45, 8374 blocks"
"2026-09-26T12:33:09.263Z","mc-mod","https://www.mc-mod.net/schematics/one-world-trade-centre-skyscraper/","towers_one-world-trade-centre-skyscraper_mc-mod_x.schem","https://dl2.9minecraft.net/dl2storage800/One-World-Trade-Centre-Skyscraper.schematic","review","","30x115x33, 20615 blocks"
"2026-09-26T12:33:09.263Z","mc-mod","https://www.mc-mod.net/schematics/orange-tower-large-scale-block-structure/","towers_orange-tower-large-scale-block-structure_mc-mod_x.schem","https://dl2.9minecraft.net/dl2storage800/Orange-Tower-Large-Scale-Block-Structure.schem","downloaded","","11x23x11, 995 blocks"
"2026-09-26T12:33:09.263Z","mc-mod","https://www.mc-mod.net/schematics/orbital-station/","transport_orbital-station_mc-mod_x.schem","https://dl2.9minecraft.net/dl2storage800/Orbital-Station.schematic","downloaded","","60x31x115, 11566 blocks"
"2026-09-26T12:33:09.263Z","mc-mod","https://www.mc-mod.net/schematics/ornamental-garden-fountain/","parks_ornamental-garden-fountain_mc-mod_x.schem","https://dl2.9minecraft.net/dl2storage800/Ornamental-Garden-Fountain.schematic","downloaded","","37x61x45, 5549 blocks"
"2026-09-26T12:33:09.263Z","mc-mod","https://www.mc-mod.net/schematics/park-ball-structure/","parks_park-ball-structure_mc-mod_x.schem","https://dl2.9minecraft.net/dl2storage800/Park-Ball-Structure.schematic","downloaded","","41x14x39, 4096 blocks"
"2026-09-26T12:33:09.263Z","mc-mod","https://www.mc-mod.net/schematics/peaceful-fountain/","parks_peaceful-fountain_mc-mod_x.schem","https://dl2.9minecraft.net/dl2storage800/Peaceful-Fountain.schematic","downloaded","","80x34x76, 5374 blocks"
"2026-09-26T12:33:09.263Z","mc-mod","https://www.mc-mod.net/schematics/peaceful-minecraft-garden-oasis-build/","parks_peaceful-minecraft-garden-oasis-build_mc-mod_x.schem","https://dl2.9minecraft.net/dl2storage800/Peaceful-Minecraft-Garden-Oasis-Build.schem","downloaded","","66x27x30, 14270 blocks"
"2026-09-26T12:33:09.263Z","mc-mod","https://www.mc-mod.net/schematics/pet-shop-building/","commercial_pet-shop-building_mc-mod_x.schem","https://dl2.9minecraft.net/dl2storage800/Pet-Shop-Building.schematic","downloaded","","35x28x29, 3946 blocks"
"2026-09-26T12:33:09.263Z","mc-mod","https://www.mc-mod.net/schematics/platinum-residential-tower-with-antenna/","towers_platinum-residential-tower-with-antenna_mc-mod_x.schem","https://dl2.9minecraft.net/dl2storage800/Platinum-Residential-Tower-with-Antenna.schem","downloaded","","48x324x47, 128026 blocks"
"2026-09-26T12:33:09.263Z","mc-mod","https://www.mc-mod.net/schematics/police-car-vehicle/","public_police-car-vehicle_mc-mod_x.schem","https://dl2.9minecraft.net/dl2storage800/Police-Car-Vehicle.schem","downloaded","","36x32x88, 9052 blocks"
"2026-09-26T12:33:09.263Z","mc-mod","https://www.mc-mod.net/schematics/police-vehicle/","public_police-vehicle_mc-mod_x.schem","https://dl2.9minecraft.net/dl2storage800/Police-Vehicle.schematic","downloaded","","6x6x10, 74 blocks"
"2026-09-26T12:33:09.263Z","mc-mod","https://www.mc-mod.net/schematics/portuguese-style-house/","residential_portuguese-style-house_mc-mod_x.schem","https://dl2.9minecraft.net/dl2storage800/Portuguese-Style-House.schematic","downloaded","","19x27x38, 5951 blocks"
"2026-09-26T12:33:09.263Z","mc-mod","https://www.mc-mod.net/schematics/prismarine-island-tower/","towers_prismarine-island-tower_mc-mod_x.schem","https://dl2.9minecraft.net/dl2storage800/Prismarine-Island-Tower.schematic","downloaded","","17x31x17, 1966 blocks"
"2026-09-26T12:33:09.263Z","mc-mod","https://www.mc-mod.net/schematics/quad-steam-turbine-warehouse/","residential_quad-steam-turbine-warehouse_mc-mod_x.schem","https://dl2.9minecraft.net/dl2storage800/Quad-Steam-Turbine-Warehouse.schematic","downloaded","","30x7x147, 11770 blocks"
"2026-09-26T12:33:09.263Z","mc-mod","https://www.mc-mod.net/schematics/quaint-library-structure/","public_quaint-library-structure_mc-mod_x.schem","https://dl2.9minecraft.net/dl2storage800/Quaint-Library-Structure.schematic","downloaded","","9x256x14, 749 blocks"
"2026-09-26T12:33:09.263Z","mc-mod","https://www.mc-mod.net/schematics/quartz-pool-garden-feature/","parks_quartz-pool-garden-feature_mc-mod_x.schem","https://dl2.9minecraft.net/dl2storage800/Quartz-Pool-Garden-Feature.schematic","downloaded","","13x9x20, 580 blocks"
"2026-09-26T12:33:09.263Z","mc-mod","https://www.mc-mod.net/schematics/quartz-spruce-small-house/","residential_quartz-spruce-small-house_mc-mod_x.schem","https://dl2.9minecraft.net/dl2storage800/Cozy-Small-House-Design.schematic","downloaded","","23x18x13, 1694 blocks"
"2026-09-26T12:33:09.263Z","mc-mod","https://www.mc-mod.net/schematics/quickdeli-cargo-services-warehouse-and-office/","towers_quickdeli-cargo-services-warehouse-and-offic_mc-mod_x.schem","https://dl2.9minecraft.net/dl2storage800/QuickDeli-Cargo-Services-Warehouse-and-Office.schematic","downloaded","","161x21x177, 57634 blocks"
"2026-09-26T12:33:09.263Z","mc-mod","https://www.mc-mod.net/schematics/railway-station-building/","transport_railway-station-building_mc-mod_x.schem","https://dl2.9minecraft.net/dl2storage800/Railway-Station-Building.schem","downloaded","","25x22x20, 2087 blocks"
"2026-09-26T12:33:09.263Z","mc-mod","https://www.mc-mod.net/schematics/rainbow-lighthouse/","residential_rainbow-lighthouse_mc-mod_x.schem","https://dl2.9minecraft.net/dl2storage800/Rainbow-Lighthouse.schem","downloaded","","2x23x2, 25 blocks"
"2026-09-26T12:33:09.263Z","mc-mod","https://www.mc-mod.net/schematics/red-bureaucratic-office-building/","towers_red-bureaucratic-office-building_mc-mod_x.schem","https://dl2.9minecraft.net/dl2storage800/Red-Bureaucratic-Office-Building.schem","downloaded","","40x65x25, 21639 blocks"
"2026-09-26T12:33:09.263Z","mc-mod","https://www.mc-mod.net/schematics/renaissance-church-structure/","public_renaissance-church-structure_mc-mod_x.schem","https://dl2.9minecraft.net/dl2storage800/Renaissance-Church-Structure.schem","downloaded","","61x42x27, 11064 blocks"
"2026-09-26T12:33:09.263Z","mc-mod","https://www.mc-mod.net/schematics/river-crossing-bridge/","bridges_river-crossing-bridge_mc-mod_x.schem","https://dl2.9minecraft.net/dl2storage800/River-Crossing-Bridge.schematic","downloaded","","61x9x8, 865 blocks"
"2026-09-26T12:33:09.263Z","mc-mod","https://www.mc-mod.net/schematics/rivertown-library-structure/","public_rivertown-library-structure_mc-mod_x.schem","https://dl2.9minecraft.net/dl2storage800/Rivertown-Library-Structure.schem","downloaded","","39x41x53, 12202 blocks"
"2026-09-26T12:33:09.263Z","mc-mod","https://www.mc-mod.net/schematics/rustic-cottage-house-3/","residential_rustic-cottage-house-3_mc-mod_x.schem","https://dl2.9minecraft.net/dl2storage800/Rustic-Cottage-House.schematic","downloaded","","23x12x30, 1792 blocks"
"2026-09-26T12:33:09.263Z","mc-mod","https://www.mc-mod.net/schematics/rustic-furnished-wooden-house/","residential_rustic-furnished-wooden-house_mc-mod_x.schem","https://dl2.9minecraft.net/dl2storage800/Rustic-Furnished-Wooden-House.schematic","downloaded","","29x15x35, 3258 blocks"
"2026-09-26T12:33:09.263Z","mc-mod","https://www.mc-mod.net/schematics/rustic-modern-house-with-pool-and-barn/","residential_rustic-modern-house-with-pool-and-barn_mc-mod_x.schem","https://dl2.9minecraft.net/dl2storage800/Rustic-Modern-House-with-Pool-and-Barn.schematic","downloaded","","33x31x34, 7198 blocks"
"2026-09-26T12:33:09.263Z","mc-mod","https://www.mc-mod.net/schematics/rustic-stone-bridge/","bridges_rustic-stone-bridge_mc-mod_x.schem","https://dl2.9minecraft.net/dl2storage800/Rustic-Stone-Bridge.schem","downloaded","","8x6x21, 286 blocks"
"2026-09-26T12:33:09.263Z","mc-mod","https://www.mc-mod.net/schematics/rustic-wood-tower-build/","towers_rustic-wood-tower-build_mc-mod_x.schem","https://dl2.9minecraft.net/dl2storage800/Rustic-Wood-Tower-Build.schem","downloaded","","11x50x11, 1434 blocks"
"2026-09-26T12:33:09.263Z","mc-mod","https://www.mc-mod.net/schematics/rustic-wooden-shop-medium-size/","commercial_rustic-wooden-shop-medium-size_mc-mod_x.schem","https://dl2.9minecraft.net/dl2storage800/Rustic-Wooden-Shop-Medium-Size.schematic","downloaded","","64x33x64, 25504 blocks"
"2026-09-26T12:33:09.263Z","mc-mod","https://www.mc-mod.net/schematics/sam-and-taurtis-roleplay-house/","residential_sam-and-taurtis-roleplay-house_mc-mod_x.schem","https://dl2.9minecraft.net/dl2storage800/Sam-and-Taurtis-Roleplay-House.schematic","downloaded","","10x23x9, 800 blocks"
"2026-09-26T12:33:09.263Z","mc-mod","https://www.mc-mod.net/schematics/sand-palace-station/","transport_sand-palace-station_mc-mod_x.schem","https://dl2.9minecraft.net/dl2storage800/Sand-Palace-Station.schematic","downloaded","","87x45x115, 247767 blocks"
"2026-09-26T12:33:09.263Z","mc-mod","https://www.mc-mod.net/schematics/sandstone-hotel/","towers_sandstone-hotel_mc-mod_x.schem","https://dl2.9minecraft.net/dl2storage800/Sandstone-Hotel.schematic","downloaded","","50x54x45, 16158 blocks"
"2026-09-26T12:33:09.263Z","mc-mod","https://www.mc-mod.net/schematics/sandstone-office-tower-126k-blocks/","towers_sandstone-office-tower-126k-blocks_mc-mod_x.schem","https://dl2.9minecraft.net/dl2storage800/Sandstone-Office-Tower.schematic","downloaded","","56x97x56, 126155 blocks"
"2026-09-26T12:33:09.263Z","mc-mod","https://www.mc-mod.net/schematics/scalable-long-bridge/","bridges_scalable-long-bridge_mc-mod_x.schem","https://dl2.9minecraft.net/dl2storage800/Long-scalable-bridge.schem","downloaded","","102x72x41, 7697 blocks"
"2026-09-26T12:33:09.263Z","mc-mod","https://www.mc-mod.net/schematics/sea-creature-park-megalodon-whale/","parks_sea-creature-park-megalodon-whale_mc-mod_x.schem","https://dl2.9minecraft.net/dl2storage800/Sea-Creature-Park-Megalodon-Whale.schematic","downloaded","","52x26x62, 71810 blocks"
"2026-09-26T12:33:09.263Z","mc-mod","https://www.mc-mod.net/schematics/seaside-lighthouse-tower/","towers_seaside-lighthouse-tower_mc-mod_x.schem","https://dl2.9minecraft.net/dl2storage800/Seaside-Lighthouse-Tower.schem","downloaded","","51x176x61, 76555 blocks"
"2026-09-26T12:33:09.263Z","mc-mod","https://www.mc-mod.net/schematics/seaside-multi-story-house/","residential_seaside-multi-story-house_mc-mod_x.schem","https://dl2.9minecraft.net/dl2storage800/Seaside-Multi-Story-House.schem","downloaded","","49x35x31, 10289 blocks"
"2026-09-26T12:33:09.263Z","mc-mod","https://www.mc-mod.net/schematics/secluded-cove-house-with-shops/","residential_secluded-cove-house-with-shops_mc-mod_x.schem","https://dl2.9minecraft.net/dl2storage800/Secluded-Cove-House-With-Shops.schematic","downloaded","","129x45x128, 505687 blocks"
"2026-09-26T12:33:09.263Z","mc-mod","https://www.mc-mod.net/schematics/shady-oaks-hotel-townhouse/","commercial_shady-oaks-hotel-townhouse_mc-mod_x.schem","https://dl2.9minecraft.net/dl2storage800/Shady-Oaks-Hotel-Townhouse.schematic","downloaded","","38x17x45, 5605 blocks"
"2026-09-26T12:33:09.263Z","mc-mod","https://www.mc-mod.net/schematics/shard-tower-tall-unfurnished-structure/","towers_shard-tower-tall-unfurnished-structure_mc-mod_x.schem","https://dl2.9minecraft.net/dl2storage800/Shard-Tower-Tall-Unfurnished-Structure.schematic","review","","44x185x44, 31644 blocks"
"2026-09-26T12:33:09.263Z","mc-mod","https://www.mc-mod.net/schematics/shop-house-building/","residential_shop-house-building_mc-mod_x.schem","https://dl2.9minecraft.net/dl2storage800/Shop-House-Building.schematic","downloaded","","27x20x25, 2350 blocks"
"2026-09-26T12:33:09.263Z","mc-mod","https://www.mc-mod.net/schematics/shop-house-for-sale/","residential_shop-house-for-sale_mc-mod_x.schem","https://dl2.9minecraft.net/dl2storage800/Shop-House-for-Sale.schematic","downloaded","","14x16x29, 2735 blocks"
"2026-09-26T12:33:09.263Z","mc-mod","https://www.mc-mod.net/schematics/shop-or-house-design/","residential_shop-or-house-design_mc-mod_x.schem","https://dl2.9minecraft.net/dl2storage800/Shop-or-House-Design.schematic","downloaded","","31x23x32, 3503 blocks"
"2026-09-26T12:33:09.263Z","mc-mod","https://www.mc-mod.net/schematics/simple-defense-tower/","towers_simple-defense-tower_mc-mod_x.schem","https://dl2.9minecraft.net/dl2storage800/Simple-Defense-Tower.schematic","downloaded","","8x14x9, 433 blocks"
"2026-09-26T12:33:09.263Z","mc-mod","https://www.mc-mod.net/schematics/simple-factory-shed/","industrial_simple-factory-shed_mc-mod_x.schem","https://dl2.9minecraft.net/dl2storage800/Simple-Factory-Shed.schematic","downloaded","","34x21x53, 4709 blocks"
"2026-09-26T12:33:09.263Z","mc-mod","https://www.mc-mod.net/schematics/simple-minecraft-church-building/","public_simple-minecraft-church-building_mc-mod_x.schem","https://dl2.9minecraft.net/dl2storage800/Simple-Minecraft-Church-Building.schematic","downloaded","","39x38x59, 8431 blocks"
"2026-09-26T12:33:09.263Z","mc-mod","https://www.mc-mod.net/schematics/simple-small-house/","residential_simple-small-house_mc-mod_x.schem","https://dl2.9minecraft.net/dl2storage800/Simple-Small-House.schematic","downloaded","","11x256x11, 629 blocks"
"2026-09-26T12:33:09.263Z","mc-mod","https://www.mc-mod.net/schematics/simple-stone-bridge/","bridges_simple-stone-bridge_mc-mod_x.schem","https://dl2.9minecraft.net/dl2storage800/Simple-Stone-Bridge.schematic","downloaded","","5x8x41, 657 blocks"
"2026-09-26T12:33:09.263Z","mc-mod","https://www.mc-mod.net/schematics/simple-stone-river-bridge/","bridges_simple-stone-river-bridge_mc-mod_x.schem","https://dl2.9minecraft.net/dl2storage800/Simple-Stone-River-Bridge.schem","downloaded","","6x11x49, 758 blocks"
"2026-09-26T12:33:09.263Z","mc-mod","https://www.mc-mod.net/schematics/simple-train-station/","transport_simple-train-station_mc-mod_x.schem","https://dl2.9minecraft.net/dl2storage800/Simple-Train-Station.schematic","downloaded","","6x11x16, 432 blocks"
"2026-09-26T12:33:09.263Z","mc-mod","https://www.mc-mod.net/schematics/simple-yellow-house/","residential_simple-yellow-house_mc-mod_x.schem","https://dl2.9minecraft.net/dl2storage800/Simple-Yellow-House.schem","downloaded","","11x11x16, 751 blocks"
"2026-09-26T12:33:09.263Z","mc-mod","https://www.mc-mod.net/schematics/six-lane-highway/","roads_six-lane-highway_mc-mod_x.schem","https://dl2.9minecraft.net/dl2storage800/Six-Lane-Highway.schematic","downloaded","","27x3x30, 1680 blocks"
"2026-09-26T12:33:09.263Z","mc-mod","https://www.mc-mod.net/schematics/six-story-hotel-with-furnished-rooms/","towers_six-story-hotel-with-furnished-rooms_mc-mod_x.schem","https://dl2.9minecraft.net/dl2storage800/Six-Story-Hotel-With-Furnished-Rooms.schem","downloaded","","20x31x17, 4297 blocks"
"2026-09-26T12:33:09.263Z","mc-mod","https://www.mc-mod.net/schematics/six-story-parking-garage/","transport_six-story-parking-garage_mc-mod_x.schem","https://dl2.9minecraft.net/dl2storage800/Six-Story-Parking-Garage.schematic","downloaded","","59x27x91, 33082 blocks"
"2026-09-26T12:33:09.263Z","mc-mod","https://www.mc-mod.net/schematics/skyscraper-city-building/","towers_skyscraper-city-building_mc-mod_x.schem","https://dl2.9minecraft.net/dl2storage800/Skyscraper-City-Building.schematic","downloaded","","13x115x13, 5844 blocks"
"2026-09-26T12:33:09.263Z","mc-mod","https://www.mc-mod.net/schematics/skyscraper/","towers_skyscraper_mc-mod_x.schem","https://dl2.9minecraft.net/dl2storage800/Skyscraper.schem","downloaded","","12x240x12, 19856 blocks"
"2026-09-26T12:33:09.263Z","mc-mod","https://www.mc-mod.net/schematics/small-apartment-building/","residential_small-apartment-building_mc-mod_x.schem","https://dl2.9minecraft.net/dl2storage800/Small-Apartment-Building.schematic","downloaded","","23x18x23, 3735 blocks"
"2026-09-26T12:33:09.263Z","mc-mod","https://www.mc-mod.net/schematics/small-asian-style-house/","residential_small-asian-style-house_mc-mod_x.schem","https://dl2.9minecraft.net/dl2storage800/Small-Asian-Style-House.schematic","downloaded","","26x12x19, 636 blocks"
"2026-09-26T12:33:09.263Z","mc-mod","https://www.mc-mod.net/schematics/small-carwash-station/","commercial_small-carwash-station_mc-mod_x.schem","https://dl2.9minecraft.net/dl2storage800/Small-Carwash-Station.schematic","downloaded","","13x7x9, 395 blocks"
"2026-09-26T12:33:09.263Z","mc-mod","https://www.mc-mod.net/schematics/small-chapel-structure/","commercial_small-chapel-structure_mc-mod_x.schem","https://dl2.9minecraft.net/dl2storage800/Small-Chapel-Structure.schematic","downloaded","","19x21x20, 971 blocks"
"2026-09-26T12:33:09.263Z","mc-mod","https://www.mc-mod.net/schematics/small-church/","commercial_small-church_mc-mod_x.schem","https://dl2.9minecraft.net/dl2storage800/Small-Church.schematic","downloaded","","23x115x29, 29481 blocks"
"2026-09-26T12:33:09.263Z","mc-mod","https://www.mc-mod.net/schematics/small-concrete-bus-stop-schematic/","commercial_small-concrete-bus-stop-schematic_mc-mod_x.schem","https://dl2.9minecraft.net/dl2storage800/Bus-Stop-Shelter.schematic","review","","15x6x25, 235 blocks"
"2026-09-26T12:33:09.263Z","mc-mod","https://www.mc-mod.net/schematics/small-desert-cactus-fountain/","commercial_small-desert-cactus-fountain_mc-mod_x.schem","https://dl2.9minecraft.net/dl2storage800/Small-Desert-Cactus-Fountain.schematic","downloaded","","13x12x13, 448 blocks"
"2026-09-26T12:33:09.263Z","mc-mod","https://www.mc-mod.net/schematics/small-double-modern-church-with-interior/","commercial_small-double-modern-church-with-interior_mc-mod_x.schem","https://dl2.9minecraft.net/dl2storage800/Small-Double-Modern-Church-With-Interior.schem","downloaded","","56x46x50, 3606 blocks"
"2026-09-26T12:33:09.263Z","mc-mod","https://www.mc-mod.net/schematics/small-driving-school/","commercial_small-driving-school_mc-mod_x.schem","https://dl2.9minecraft.net/dl2storage800/Small-Driving-School.schematic","downloaded","","41x6x76, 5448 blocks"
"2026-09-26T12:33:09.263Z","mc-mod","https://www.mc-mod.net/schematics/small-faction-base-for-hardcore-players/","commercial_small-faction-base-for-hardcore-players_mc-mod_x.schem","https://dl2.9minecraft.net/dl2storage800/Small-Faction-Base-for-Hardcore-Players.schematic","downloaded","","16x13x16, 1358 blocks"
"2026-09-26T12:33:09.263Z","mc-mod","https://www.mc-mod.net/schematics/small-factory-shell-template/","commercial_small-factory-shell-template_mc-mod_x.schem","https://dl2.9minecraft.net/dl2storage800/Small-Factory-Shell-Template.schematic","downloaded","","13x7x9, 432 blocks"
"2026-09-26T12:33:09.263Z","mc-mod","https://www.mc-mod.net/schematics/small-fancy-wooden-house/","residential_small-fancy-wooden-house_mc-mod_x.schem","https://dl2.9minecraft.net/dl2storage800/Small-Fancy-Wooden-House.schematic","downloaded","","14x11x13, 613 blocks"
"2026-09-26T12:33:09.263Z","mc-mod","https://www.mc-mod.net/schematics/small-garden-fountain-3/","commercial_small-garden-fountain-3_mc-mod_x.schem","https://dl2.9minecraft.net/dl2storage800/Small-Garden-Fountain.schematic","downloaded","","7x9x7, 188 blocks"
"2026-09-26T12:33:09.263Z","mc-mod","https://www.mc-mod.net/schematics/small-house-with-garden-path/","residential_small-house-with-garden-path_mc-mod_x.schem","https://dl2.9minecraft.net/dl2storage800/Small-House-with-Garden-Path.schematic","downloaded","","50x56x49, 62455 blocks"
"2026-09-26T12:33:09.263Z","mc-mod","https://www.mc-mod.net/schematics/small-minecraft-church-building/","commercial_small-minecraft-church-building_mc-mod_x.schem","https://dl2.9minecraft.net/dl2storage800/Small-Minecraft-Church-Building.schem","downloaded","","19x34x34, 2840 blocks"
"2026-09-26T12:33:09.263Z","mc-mod","https://www.mc-mod.net/schematics/small-miscellaneous-structure-2/","commercial_small-miscellaneous-structure-2_mc-mod_x.schem","https://dl2.9minecraft.net/dl2storage800/Small-Miscellaneous-Structure.schematic","downloaded","","78x185x72, 338124 blocks"
"2026-09-26T12:33:09.263Z","mc-mod","https://www.mc-mod.net/schematics/small-office-building/","towers_small-office-building_mc-mod_x.schem","https://dl2.9minecraft.net/dl2storage800/Small-Office-Building.schematic","downloaded","","10x256x17, 974 blocks"
"2026-09-26T12:33:09.263Z","mc-mod","https://www.mc-mod.net/schematics/small-open-cafe-design/","commercial_small-open-cafe-design_mc-mod_x.schem","https://dl2.9minecraft.net/dl2storage800/Small-Open-Cafe-Design.schematic","downloaded","","10x256x9, 511 blocks"
"2026-09-26T12:33:09.263Z","mc-mod","https://www.mc-mod.net/schematics/small-police-car-schematic/","commercial_small-police-car-schematic_mc-mod_x.schem","https://dl2.9minecraft.net/dl2storage800/Small-Police-Car-Schematic.schem","downloaded","","22x21x56, 3393 blocks"
"2026-09-26T12:33:09.263Z","mc-mod","https://www.mc-mod.net/schematics/small-schoolhouse-with-blackboard/","residential_small-schoolhouse-with-blackboard_mc-mod_x.schem","https://dl2.9minecraft.net/dl2storage800/Small-Schoolhouse-With-Blackboard.schematic","downloaded","","12x5x8, 293 blocks"
"2026-09-26T12:33:09.263Z","mc-mod","https://www.mc-mod.net/schematics/small-shop-building/","commercial_small-shop-building_mc-mod_x.schem","https://dl2.9minecraft.net/dl2storage800/Small-Shop-Building.schematic","downloaded","","21x25x19, 1665 blocks"
"2026-09-26T12:33:09.263Z","mc-mod","https://www.mc-mod.net/schematics/small-shopping-mall/","commercial_small-shopping-mall_mc-mod_x.schem","https://dl2.9minecraft.net/dl2storage800/Small-Shopping-Mall.schematic","downloaded","","43x18x50, 12966 blocks"
"2026-09-26T12:33:09.263Z","mc-mod","https://www.mc-mod.net/schematics/small-skybridge-design/","bridges_small-skybridge-design_mc-mod_x.schem","https://dl2.9minecraft.net/dl2storage800/Small-Skybridge-Design.schematic","downloaded","","10x9x17, 274 blocks"
"2026-09-26T12:33:09.263Z","mc-mod","https://www.mc-mod.net/schematics/small-spade-shop/","commercial_small-spade-shop_mc-mod_x.schem","https://dl2.9minecraft.net/dl2storage800/Small-Spade-Shop.schematic","downloaded","","25x61x20, 14656 blocks"
"2026-09-26T12:33:09.263Z","mc-mod","https://www.mc-mod.net/schematics/small-terracotta-vase-decoration/","commercial_small-terracotta-vase-decoration_mc-mod_x.schem","https://dl2.9minecraft.net/dl2storage800/Small-Terracotta-Vase-Decoration.schem","downloaded","","18x28x18, 1019 blocks"
"2026-09-26T12:33:09.263Z","mc-mod","https://www.mc-mod.net/schematics/small-underground-faction-shop/","commercial_small-underground-faction-shop_mc-mod_x.schem","https://dl2.9minecraft.net/dl2storage800/Small-Underground-Faction-Shop.schematic","downloaded","","40x13x29, 12323 blocks"
"2026-09-26T12:33:09.263Z","mc-mod","https://www.mc-mod.net/schematics/small-waterfront-house/","residential_small-waterfront-house_mc-mod_x.schem","https://dl2.9minecraft.net/dl2storage800/Small-Waterfront-House.schematic","downloaded","","33x12x23, 2372 blocks"
"2026-09-26T12:33:09.263Z","mc-mod","https://www.mc-mod.net/schematics/small-wooden-shop-with-multiple-entrances/","commercial_small-wooden-shop-with-multiple-entrances_mc-mod_x.schem","https://dl2.9minecraft.net/dl2storage800/Small-Wooden-Shop-with-Multiple-Entrances.schematic","downloaded","","43x14x43, 3938 blocks"
"2026-09-26T12:33:09.263Z","mc-mod","https://www.mc-mod.net/schematics/soviet-style-apartment-building/","residential_soviet-style-apartment-building_mc-mod_x.schem","https://dl2.9minecraft.net/dl2storage800/Soviet-Style-Apartment-Building.schematic","downloaded","","30x14x19, 3376 blocks"
"2026-09-26T12:33:09.263Z","mc-mod","https://www.mc-mod.net/schematics/spacious-mansion-with-park/","residential_spacious-mansion-with-park_mc-mod_x.schem","https://dl2.9minecraft.net/dl2storage800/Spacious-Mansion-With-Park.schem","downloaded","","125x43x77, 41957 blocks"
"2026-09-26T12:33:09.263Z","mc-mod","https://www.mc-mod.net/schematics/spawn-fountain-garden/","parks_spawn-fountain-garden_mc-mod_x.schem","https://dl2.9minecraft.net/dl2storage800/Spawn-Fountain-Garden.schem","downloaded","","21x1x21, 433 blocks"
"2026-09-26T12:33:09.263Z","mc-mod","https://www.mc-mod.net/schematics/st-pancras-old-church-exterior-replica/","public_st-pancras-old-church-exterior-replica_mc-mod_x.schem","https://dl2.9minecraft.net/dl2storage800/St-Pancras-Old-Church-Exterior-Replica.schematic","downloaded","","80x34x27, 2802 blocks"
"2026-09-26T12:33:09.263Z","mc-mod","https://www.mc-mod.net/schematics/standard-railroad-station/","roads_standard-railroad-station_mc-mod_x.schem","https://dl2.9minecraft.net/dl2storage800/Standard-Railroad-Station.schematic","downloaded","","11x8x11, 401 blocks"
"2026-09-26T12:33:09.263Z","mc-mod","https://www.mc-mod.net/schematics/stone-and-wood-survival-bridge/","bridges_stone-and-wood-survival-bridge_mc-mod_x.schem","https://dl2.9minecraft.net/dl2storage800/Stone-and-Wood-Survival-Bridge.schematic","downloaded","","7x8x29, 317 blocks"
"2026-09-26T12:33:09.263Z","mc-mod","https://www.mc-mod.net/schematics/stone-church-building/","public_stone-church-building_mc-mod_x.schem","https://dl2.9minecraft.net/dl2storage800/Stone-Church-Building.schematic","downloaded","","65x80x64, 17302 blocks"
"2026-09-26T12:33:09.263Z","mc-mod","https://www.mc-mod.net/schematics/storage-warehouse-building/","residential_storage-warehouse-building_mc-mod_x.schem","https://dl2.9minecraft.net/dl2storage800/Storage-Warehouse-Building.schematic","downloaded","","110x25x307, 68573 blocks"
"2026-09-26T12:33:09.263Z","mc-mod","https://www.mc-mod.net/schematics/storage-warehouse-structure/","residential_storage-warehouse-structure_mc-mod_x.schem","https://dl2.9minecraft.net/dl2storage800/Storage-Warehouse-Structure.schem","downloaded","","81x22x66, 15379 blocks"
"2026-09-26T12:33:09.263Z","mc-mod","https://www.mc-mod.net/schematics/subway-tunnel-structure/","bridges_subway-tunnel-structure_mc-mod_x.schem","https://dl2.9minecraft.net/dl2storage800/Subway-Tunnel-Structure.schematic","downloaded","","7x5x18, 450 blocks"
"2026-09-26T12:33:09.263Z","mc-mod","https://www.mc-mod.net/schematics/survival-mansion-2-story-build/","residential_survival-mansion-2-story-build_mc-mod_x.schem","https://dl2.9minecraft.net/dl2storage800/2-Story-Survival-Mansion-Survival-Compatible.schematic","downloaded","","22x10x25, 2534 blocks"
"2026-09-26T12:33:09.263Z","mc-mod","https://www.mc-mod.net/schematics/suspended-bridge-minecraft-build/","bridges_suspended-bridge-minecraft-build_mc-mod_x.schem","https://dl2.9minecraft.net/dl2storage800/Suspended-Bridge-Minecraft-Build.schem","downloaded","","10x8x20, 409 blocks"
"2026-09-26T12:33:09.263Z","mc-mod","https://www.mc-mod.net/schematics/suspension-cable-bridge/","bridges_suspension-cable-bridge_mc-mod_x.schem","https://dl2.9minecraft.net/dl2storage800/Suspension-Cable-Bridge.schematic","downloaded","","53x18x13, 1134 blocks"
"2026-09-26T12:33:09.263Z","mc-mod","https://www.mc-mod.net/schematics/tails-workshop-recreation/","commercial_tails-workshop-recreation_mc-mod_x.schem","https://dl2.9minecraft.net/dl2storage800/Tails-Workshop-Recreation.schematic","downloaded","","15x13x18, 928 blocks"
"2026-09-26T12:33:09.263Z","mc-mod","https://www.mc-mod.net/schematics/tall-orange-quartz-apartment-building/","residential_tall-orange-quartz-apartment-building_mc-mod_x.schem","https://dl2.9minecraft.net/dl2storage800/Tall-Orange-Quartz-Apartment-Building.schematic","downloaded","","51x61x38, 40424 blocks"
"2026-09-26T12:33:09.263Z","mc-mod","https://www.mc-mod.net/schematics/technoblade-tribute-parkour-build/","parks_technoblade-tribute-parkour-build_mc-mod_x.schem","https://dl2.9minecraft.net/dl2storage800/Technoblade-Tribute-Parkour-Build.schem","downloaded","","94x83x66, 9367 blocks"
"2026-09-26T12:33:09.263Z","mc-mod","https://www.mc-mod.net/schematics/ten-story-apartment-building/","residential_ten-story-apartment-building_mc-mod_x.schem","https://dl2.9minecraft.net/dl2storage800/Ten-Story-Apartment-Building.schematic","downloaded","","59x56x47, 75671 blocks"
"2026-09-26T12:33:09.263Z","mc-mod","https://www.mc-mod.net/schematics/the-hidden-library-from-the-book/","public_the-hidden-library-from-the-book_mc-mod_x.schem","https://dl2.9minecraft.net/dl2storage800/HIDDEN-LIBRARY.schematic","downloaded","","11x7x10, 439 blocks"
"2026-09-26T12:33:09.263Z","mc-mod","https://www.mc-mod.net/schematics/tilted-office-building/","towers_tilted-office-building_mc-mod_x.schem","https://dl2.9minecraft.net/dl2storage800/Tilted-Office-Building.schematic","downloaded","","180x85x67, 172199 blocks"
"2026-09-26T12:33:09.263Z","mc-mod","https://www.mc-mod.net/schematics/tnt-museum/","public_tnt-museum_mc-mod_x.schem","https://dl2.9minecraft.net/dl2storage800/TNT-Museum.schematic","downloaded","","30x33x31, 14260 blocks"
"2026-09-26T12:33:09.263Z","mc-mod","https://www.mc-mod.net/schematics/town-parking-lot/","transport_town-parking-lot_mc-mod_x.schem","https://dl2.9minecraft.net/dl2storage800/Town-Parking-Lot.schem","downloaded","","29x5x29, 592 blocks"
"2026-09-26T12:33:09.263Z","mc-mod","https://www.mc-mod.net/schematics/towny-road-system-cobblestone-construction/","roads_towny-road-system-cobblestone-construction_mc-mod_x.schem","https://dl2.9minecraft.net/dl2storage800/Towny-Road-System-Cobblestone-Construction.schematic","downloaded","","80x12x80, 7006 blocks"
"2026-09-26T12:33:09.263Z","mc-mod","https://www.mc-mod.net/schematics/traditional-brick-home-with-garage/","commercial_traditional-brick-home-with-garage_mc-mod_x.schem","https://dl2.9minecraft.net/dl2storage800/Traditional-Brick-Home-With-Garage.schematic","downloaded","","61x35x52, 14732 blocks"
"2026-09-26T12:33:09.263Z","mc-mod","https://www.mc-mod.net/schematics/traditional-british-pub-building/","commercial_traditional-british-pub-building_mc-mod_x.schem","https://dl2.9minecraft.net/dl2storage800/Traditional-British-Pub-Building.schem","downloaded","","10x19x18, 873 blocks"
"2026-09-26T12:33:09.263Z","mc-mod","https://www.mc-mod.net/schematics/trainyard-automatic-refill-station/","transport_trainyard-automatic-refill-station_mc-mod_x.schem","https://dl2.9minecraft.net/dl2storage800/Trainyard-Automatic-Refill-Station.schematic","downloaded","","23x34x40, 10977 blocks"
"2026-09-26T12:33:09.263Z","mc-mod","https://www.mc-mod.net/schematics/tropical-mine-and-shop/","commercial_tropical-mine-and-shop_mc-mod_x.schem","https://dl2.9minecraft.net/dl2storage800/Tropical-Mine-and-Shop.schematic","downloaded","","65x33x103, 69706 blocks"
"2026-09-26T12:33:09.263Z","mc-mod","https://www.mc-mod.net/schematics/truck-stop-gas-station/","commercial_truck-stop-gas-station_mc-mod_x.schem","https://dl2.9minecraft.net/dl2storage800/Truck-Stop-Gas-Station.schematic","downloaded","","132x13x314, 15472 blocks"
"2026-09-26T12:33:09.263Z","mc-mod","https://www.mc-mod.net/schematics/two-story-house-with-attic-and-balcony/","residential_two-story-house-with-attic-and-balcony_mc-mod_x.schem","https://dl2.9minecraft.net/dl2storage800/2-Story-House-With-Balcony-And-Attic-And-Secret-Loot.schematic","downloaded","","13x20x17, 995 blocks"
"2026-09-26T12:33:09.263Z","mc-mod","https://www.mc-mod.net/schematics/two-story-warehouse-with-parking/","transport_two-story-warehouse-with-parking_mc-mod_x.schem","https://dl2.9minecraft.net/dl2storage800/Two-Story-Warehouse-With-Parking.schematic","downloaded","","65x18x102, 25747 blocks"
"2026-09-26T12:33:09.263Z","mc-mod","https://www.mc-mod.net/schematics/underground-metro-station-design/","transport_underground-metro-station-design_mc-mod_x.schem","https://dl2.9minecraft.net/dl2storage800/Underground-Metro-Station.schematic","downloaded","","25x15x32, 5165 blocks"
"2026-09-26T12:33:09.263Z","mc-mod","https://www.mc-mod.net/schematics/underground-metro-station-with-blue-train/","transport_underground-metro-station-with-blue-train_mc-mod_x.schem","https://dl2.9minecraft.net/dl2storage800/Underground-Metro-Station-With-Blue-Train.schematic","downloaded","","31x26x41, 16483 blocks"
"2026-09-26T12:33:09.263Z","mc-mod","https://www.mc-mod.net/schematics/unfurnished-office-building-structure/","towers_unfurnished-office-building-structure_mc-mod_x.schem","https://dl2.9minecraft.net/dl2storage800/Unfurnished-Office-Building-Structure.schem","downloaded","","40x67x43, 18504 blocks"
"2026-09-26T12:33:09.263Z","mc-mod","https://www.mc-mod.net/schematics/urban-compressed-air-factory/","industrial_urban-compressed-air-factory_mc-mod_x.schem","https://dl2.9minecraft.net/dl2storage800/Urban-Compressed-Air-Factory.schematic","downloaded","","38x29x87, 12697 blocks"
"2026-09-26T12:33:09.263Z","mc-mod","https://www.mc-mod.net/schematics/urban-warehouse-storage-building-2/","residential_urban-warehouse-storage-building-2_mc-mod_x.schem","https://dl2.9minecraft.net/dl2storage800/Urban-Warehouse-Storage-Building.schematic","downloaded","","145x24x69, 25530 blocks"
"2026-09-26T12:33:09.263Z","mc-mod","https://www.mc-mod.net/schematics/vehicle-warehouse-storage/","residential_vehicle-warehouse-storage_mc-mod_x.schem","https://dl2.9minecraft.net/dl2storage800/Vehicle-Warehouse-Storage.schematic","downloaded","","135x19x83, 34041 blocks"
"2026-09-26T12:33:09.263Z","mc-mod","https://www.mc-mod.net/schematics/vibrant-yellow-modern-apartment-building/","residential_vibrant-yellow-modern-apartment-building_mc-mod_x.schem","https://dl2.9minecraft.net/dl2storage800/Vibrant-Yellow-Modern-Apartment-Building.schem","downloaded","","22x21x17, 2314 blocks"
"2026-09-26T12:33:09.263Z","mc-mod","https://www.mc-mod.net/schematics/vienna-street-house-65-build/","roads_vienna-street-house-65-build_mc-mod_x.schem","https://dl2.9minecraft.net/dl2storage800/Vienna-Street-House-65-Build.schem","downloaded","","22x42x22, 4908 blocks"
"2026-09-26T12:33:09.263Z","mc-mod","https://www.mc-mod.net/schematics/vienna-street-house-66/","roads_vienna-street-house-66_mc-mod_x.schem","https://dl2.9minecraft.net/dl2storage800/Vienna-Street-House-66.schem","downloaded","","27x41x20, 5867 blocks"
"2026-09-26T12:33:09.263Z","mc-mod","https://www.mc-mod.net/schematics/vienna-street-house-68/","roads_vienna-street-house-68_mc-mod_x.schem","https://dl2.9minecraft.net/dl2storage800/Vienna-Street-House-68.schem","downloaded","","24x41x17, 5140 blocks"
"2026-09-26T12:33:09.263Z","mc-mod","https://www.mc-mod.net/schematics/vienna-street-house-70-build/","roads_vienna-street-house-70-build_mc-mod_x.schem","https://dl2.9minecraft.net/dl2storage800/Vienna-Street-House-70-Build.schem","downloaded","","27x42x19, 6991 blocks"
"2026-09-26T12:33:09.263Z","mc-mod","https://www.mc-mod.net/schematics/vienna-street-house-71/","roads_vienna-street-house-71_mc-mod_x.schem","https://dl2.9minecraft.net/dl2storage800/Vienna-Street-House-71.schem","downloaded","","14x49x54, 8406 blocks"
"2026-09-26T12:33:09.263Z","mc-mod","https://www.mc-mod.net/schematics/vienna-street-house-73/","roads_vienna-street-house-73_mc-mod_x.schem","https://dl2.9minecraft.net/dl2storage800/Vienna-Street-House-73.schem","downloaded","","34x41x18, 8301 blocks"
"2026-09-26T12:33:09.263Z","mc-mod","https://www.mc-mod.net/schematics/vienna-street-house-74/","roads_vienna-street-house-74_mc-mod_x.schem","https://dl2.9minecraft.net/dl2storage800/Vienna-Street-House-74.schem","downloaded","","36x42x20, 8908 blocks"
"2026-09-26T12:33:09.263Z","mc-mod","https://www.mc-mod.net/schematics/vienna-street-houses-2/","roads_vienna-street-houses-2_mc-mod_x.schem","https://dl2.9minecraft.net/dl2storage800/Vienna-Street-Houses.schem","downloaded","","29x40x19, 6086 blocks"
"2026-09-26T12:33:09.263Z","mc-mod","https://www.mc-mod.net/schematics/vintage-train-station-building/","transport_vintage-train-station-building_mc-mod_x.schem","https://dl2.9minecraft.net/dl2storage800/Vintage-Train-Station-Building.schematic","downloaded","","21x11x18, 1218 blocks"
"2026-09-26T12:33:09.263Z","mc-mod","https://www.mc-mod.net/schematics/warehouse-13-storage-building/","residential_warehouse-13-storage-building_mc-mod_x.schem","https://dl2.9minecraft.net/dl2storage800/Warehouse-13-Storage-Building.schematic","downloaded","","181x19x181, 78026 blocks"
"2026-09-26T12:33:09.263Z","mc-mod","https://www.mc-mod.net/schematics/warehouse-with-movie-sets/","residential_warehouse-with-movie-sets_mc-mod_x.schem","https://dl2.9minecraft.net/dl2storage800/Warehouse-With-Movie-Sets.schem","downloaded","","147x40x139, 69931 blocks"
"2026-09-26T12:33:09.263Z","mc-mod","https://www.mc-mod.net/schematics/water-wall-skyscraper/","towers_water-wall-skyscraper_mc-mod_x.schem","https://dl2.9minecraft.net/dl2storage800/Water-Wall-Skyscraper.schematic","downloaded","","36x51x36, 27001 blocks"
"2026-09-26T12:33:09.263Z","mc-mod","https://www.mc-mod.net/schematics/western-train-station-structure/","transport_western-train-station-structure_mc-mod_x.schem","https://dl2.9minecraft.net/dl2storage800/Western-Train-Station-Structure.schematic","downloaded","","26x11x15, 1086 blocks"
"2026-09-26T12:33:09.263Z","mc-mod","https://www.mc-mod.net/schematics/wii-island-hotel/","commercial_wii-island-hotel_mc-mod_x.schem","https://dl2.9minecraft.net/dl2storage800/Wii-Island-Hotel.schematic","downloaded","","41x24x52, 5005 blocks"
"2026-09-26T12:33:09.263Z","mc-mod","https://www.mc-mod.net/schematics/willis-tower-overhaul-schematic/","towers_willis-tower-overhaul-schematic_mc-mod_x.schem","https://dl2.9minecraft.net/dl2storage800/Willis-Tower-Overhaul-Schematic.schematic","review","","51x194x50, 100695 blocks"
"2026-09-26T12:33:09.263Z","mc-mod","https://www.mc-mod.net/schematics/willis-tower-skyscraper-build/","towers_willis-tower-skyscraper-build_mc-mod_x.schem","https://dl2.9minecraft.net/dl2storage800/Willis-Tower-Skyscraper-Build.schematic","review","","62x254x61, 23439 blocks"
"2026-09-26T12:33:09.263Z","mc-mod","https://www.mc-mod.net/schematics/wooden-bridge-design/","bridges_wooden-bridge-design_mc-mod_x.schem","https://dl2.9minecraft.net/dl2storage800/Wooden-Bridge-Design.schematic","downloaded","","9x10x32, 606 blocks"
"2026-09-26T12:33:09.263Z","mc-mod","https://www.mc-mod.net/schematics/wooden-bridge-with-fences/","bridges_wooden-bridge-with-fences_mc-mod_x.schem","https://dl2.9minecraft.net/dl2storage800/Wooden-Bridge-with-Fences.schematic","downloaded","","14x9x21, 512 blocks"
"2026-09-26T12:33:09.263Z","mc-mod","https://www.mc-mod.net/schematics/working-lighthouse-tower/","towers_working-lighthouse-tower_mc-mod_x.schem","https://dl2.9minecraft.net/dl2storage800/Working-Lighthouse-Tower.schem","downloaded","","22x66x24, 6520 blocks"
"2026-09-26T12:33:09.263Z","mc-mod","https://www.mc-mod.net/schematics/world-relics-museum-build/","public_world-relics-museum-build_mc-mod_x.schem","https://dl2.9minecraft.net/dl2storage800/World-Relics-Museum-Build.schem","downloaded","","114x58x77, 96360 blocks"
"2026-09-26T12:33:09.263Z","mc-mod","https://www.mc-mod.net/schematics/yandere-high-school-electric-chair-room/","public_yandere-high-school-electric-chair-room_mc-mod_x.schem","https://dl2.9minecraft.net/dl2storage800/Yandere-High-School-Electric-Chair-Room.schematic","downloaded","","8x5x9, 289 blocks"
"2026-09-26T12:33:09.263Z","mc-mod","https://www.mc-mod.net/schematics/yetis-alpine-shop/","commercial_yetis-alpine-shop_mc-mod_x.schem","https://dl2.9minecraft.net/dl2storage800/Yeti-s-Alpine-Shop.schematic","downloaded","","29x81x49, 18437 blocks"
"2026-09-26T12:33:09.263Z","mc-mod","https://www.mc-mod.net/schematics/yin-yang-garden-fountain/","parks_yin-yang-garden-fountain_mc-mod_x.schem","https://dl2.9minecraft.net/dl2storage800/Yin-Yang-Garden-Fountain.schematic","downloaded","","40x19x26, 5719 blocks"
"2026-09-26T12:33:09.263Z","mc-mod","https://www.mc-mod.net/schematics/youcube-office-structure/","towers_youcube-office-structure_mc-mod_x.schem","https://dl2.9minecraft.net/dl2storage800/Youcube-Office-Structure.schem","downloaded","","21x41x28, 5748 blocks"
"2026-09-26T12:33:09.263Z","mc-mod","https://www.mc-mod.net/schematics/zambias-tallest-skyscraper-findeco-house/","towers_zambias-tallest-skyscraper-findeco-house_mc-mod_x.schem","https://dl2.9minecraft.net/dl2storage800/Zambia-s-Tallest-Skyscraper-Findeco-House.schematic","downloaded","","80x112x96, 118581 blocks"
"2026-09-26T12:33:09.263Z","buildschematics","https://buildschematics.com/presets/massive-item-storage-warehouse","massive-item-storage-warehouse.*","","failed","incompatible format for game: .litematic",""
"2026-09-26T12:33:09.263Z","buildschematics","https://buildschematics.com/presets/copper-roof-starter-house-with-interior","copper-roof-starter-house-with-interior.*","","failed","incompatible format for game: .mcstructure",""
"2026-09-26T12:33:09.263Z","buildschematics","https://buildschematics.com/presets/starter-house-and-workshop","starter-house-and-workshop.*","","failed","incompatible format for game: .nbt",""
"2026-09-26T12:33:09.263Z","buildschematics","https://buildschematics.com/presets/survival-wooden-cabin-minecraft-build","survival-wooden-cabin-minecraft-build.*","","failed","incompatible format for game: .litematic",""
"2026-09-26T12:33:09.263Z","buildschematics","https://buildschematics.com/presets/modern-house-design-4","modern-house-design-4.*","","failed","incompatible format for game: .litematic",""
"2026-09-26T12:33:09.263Z","buildschematics","https://buildschematics.com/presets/rustic-birch-barn-house","rustic-birch-barn-house.*","","failed","incompatible format for game: .nbt",""
"2026-09-26T12:33:09.263Z","buildschematics","https://buildschematics.com/presets/magical-farmhouse","magical-farmhouse.*","","failed","incompatible format for game: .litematic",""
"2026-09-26T12:33:09.263Z","buildschematics","https://buildschematics.com/presets/modern-home-exterior","modern-home-exterior.*","","failed","HTTP 429",""
"2026-09-26T12:33:09.263Z","buildschematics","https://buildschematics.com/presets/post-apocalyptic-house-minecraft-build","post-apocalyptic-house-minecraft-build.*","","failed","HTTP 429",""
"2026-09-26T12:33:09.263Z","buildschematics","https://buildschematics.com/presets/villager-breeding-farm-for-early-game","villager-breeding-farm-for-early-game.*","","failed","HTTP 429",""
"2026-09-26T12:33:09.263Z","buildschematics","https://buildschematics.com/presets/large-woodland-manor-house","large-woodland-manor-house.*","","failed","HTTP 429",""
"2026-09-26T12:33:09.263Z","buildschematics","https://buildschematics.com/presets/tower-structure-53x92x53-blocks","tower-structure-53x92x53-blocks.*","","failed","incompatible format for game: .litematic",""
"2026-09-26T12:33:09.263Z","buildschematics","https://buildschematics.com/presets/market-stall-rustic-design","market-stall-rustic-design.*","","failed","incompatible format for game: .litematic",""
"2026-09-26T12:33:09.263Z","buildschematics","https://buildschematics.com/presets/prismarine-cathedral-ocean-structure","prismarine-cathedral-ocean-structure.*","","failed","incompatible format for game: .litematic",""
"2026-09-26T12:33:09.263Z","buildschematics","https://buildschematics.com/presets/norwegian-stave-church-replica","norwegian-stave-church-replica.*","","failed","incompatible format for game: .litematic",""
"2026-09-26T12:33:09.263Z","buildschematics","https://buildschematics.com/presets/airbus-a350-900-aircraft-replica","airbus-a350-900-aircraft-replica.*","","failed","incompatible format for game: .litematic",""
"2026-09-26T12:33:09.263Z","buildschematics","https://buildschematics.com/presets/simple-fir-wood-bridge","simple-fir-wood-bridge.*","","failed","incompatible format for game: .litematic",""
"2026-09-26T12:33:09.263Z","buildschematics","https://buildschematics.com/presets/decorative-bridge","decorative-bridge.*","","failed","incompatible format for game: .litematic",""
"2026-09-26T12:33:09.263Z","buildschematics","https://buildschematics.com/presets/awesome-mega-bridge-structure","awesome-mega-bridge-structure.*","","failed","incompatible format for game: .litematic",""
"2026-09-26T12:33:09.263Z","buildschematics","https://buildschematics.com/presets/storage-building-design","storage-building-design.*","","failed","incompatible format for game: .litematic",""
"2026-09-26T12:33:09.263Z","buildschematics","https://buildschematics.com/presets/instant-block-elevator","instant-block-elevator.*","","failed","incompatible format for game: .litematic",""
"2026-09-26T12:33:09.263Z","buildschematics","https://buildschematics.com/presets/custom-tree-1-schematic","custom-tree-1-schematic.*","","failed","incompatible format for game: .litematic",""
"2026-09-26T12:33:09.263Z","buildschematics","https://buildschematics.com/presets/big-azalea-tree-decoration","big-azalea-tree-decoration.*","","failed","incompatible format for game: .litematic",""
"2026-09-26T12:33:09.263Z","buildschematics","https://buildschematics.com/presets/ancient-forest-trees","ancient-forest-trees.*","","failed","incompatible format for game: .litematic",""
"2026-09-26T12:33:09.263Z","buildschematics","https://buildschematics.com/presets/custom-spruce-tree-2","custom-spruce-tree-2.*","","failed","incompatible format for game: .litematic",""
"2026-09-26T12:33:09.263Z","buildschematics","https://buildschematics.com/presets/ice-village-house-rustic-winter-dwelling","ice-village-house-rustic-winter-dwelling.*","","failed","incompatible format for game: .litematic",""
"2026-09-26T12:33:09.263Z","buildschematics","https://buildschematics.com/presets/litematica-palm-tree-schematic","litematica-palm-tree-schematic.*","","failed","incompatible format for game: .litematic",""
"2026-09-26T12:33:09.263Z","buildschematics","https://buildschematics.com/presets/j-class-yacht-velsheda-replica","j-class-yacht-velsheda-replica.*","","failed","incompatible format for game: .litematic",""
"2026-09-26T12:33:09.263Z","mcbuild","","town/city-hall.*","","failed","ENOENT: no such file or directory, open 'C:\Users\victor\AppData\Local\Temp\opencode\staging\mcbuild\18678-town\city-hal",""
"2026-09-26T12:33:09.263Z","mc-mod","https://www.mc-mod.net/schematics/heavy-duty-off-road-dump-truck/","heavy-duty-off-road-dump-truck.*","","failed","got HTML",""
"2026-09-26T12:33:09.263Z","mc-mod","https://www.mc-mod.net/schematics/modern-city-intersection-road/","modern-city-intersection-road.*","","failed","got HTML",""
"2026-09-26T12:33:09.263Z","mc-mod","https://www.mc-mod.net/schematics/fallout-3-broadcast-tower-structure/","fallout-3-broadcast-tower-structure.*","","failed","got HTML",""
"2026-09-26T12:33:09.263Z","mc-mod","https://www.mc-mod.net/schematics/super-mario-kart-rainbow-road-map/","super-mario-kart-rainbow-road-map.*","","failed","got HTML",""
"2026-09-26T12:33:09.263Z","mc-mod","https://www.mc-mod.net/schematics/six-lane-highway/","six-lane-highway.*","","failed","got HTML",""
"2026-09-26T12:33:09.263Z","mc-mod","https://www.mc-mod.net/schematics/towny-road-system-cobblestone-construction/","towny-road-system-cobblestone-construction.*","","failed","got HTML",""
"2026-09-26T12:33:09.263Z","mc-mod","https://www.mc-mod.net/schematics/luxury-hillside-mansions-and-road/","luxury-hillside-mansions-and-road.*","","failed","got HTML",""
"2026-09-26T12:33:09.263Z","mc-mod","https://www.mc-mod.net/schematics/immersive-railroading-steamworks-station/","immersive-railroading-steamworks-station.*","","failed","got HTML",""
"2026-09-26T12:33:09.263Z","mc-mod","https://www.mc-mod.net/schematics/immersive-railroading-roundhouse-structure/","immersive-railroading-roundhouse-structure.*","","failed","got HTML",""
"2026-09-26T12:33:09.263Z","mc-mod","https://www.mc-mod.net/schematics/candy-cane-road-light/","candy-cane-road-light.*","","failed","got HTML",""
"2026-09-26T12:33:09.263Z","mc-mod","https://www.mc-mod.net/schematics/city-intersection-crossroads/","city-intersection-crossroads.*","","failed","got HTML",""
"2026-09-26T12:33:09.263Z","mc-mod","https://www.mc-mod.net/schematics/modern-city-connecting-bridge/","modern-city-connecting-bridge.*","","failed","got HTML",""
"2026-09-26T12:33:09.263Z","mc-mod","https://www.mc-mod.net/schematics/lucky-knot-bridge-minecraft-build/","lucky-knot-bridge-minecraft-build.*","","failed","got HTML",""
"2026-09-26T12:33:09.263Z","mc-mod","https://www.mc-mod.net/schematics/immersive-railroading-bridge/","immersive-railroading-bridge.*","","failed","got HTML",""
"2026-09-26T12:33:09.263Z","mc-mod","https://www.mc-mod.net/schematics/modern-police-station-design/","modern-police-station-design.*","","failed","got HTML",""
"2026-09-26T12:33:09.263Z","mc-mod","https://www.mc-mod.net/schematics/luxury-mansions-on-canyon-cove-drive/","luxury-mansions-on-canyon-cove-drive.*","","failed","got HTML",""
"2026-09-26T12:33:09.263Z","mc-mod","https://www.mc-mod.net/schematics/modern-four-story-shopping-mall-with-roads/","modern-four-story-shopping-mall-with-roads.*","","failed","got HTML",""
"2026-09-26T12:33:09.263Z","mc-mod","https://www.mc-mod.net/schematics/realistic-highway-tunnel-for-minecraft/","realistic-highway-tunnel-for-minecraft.*","","failed","got HTML",""
"2026-09-26T12:33:09.263Z","mc-mod","https://www.mc-mod.net/schematics/road-with-modern-streetlights/","road-with-modern-streetlights.*","","failed","got HTML",""
"2026-09-26T12:33:09.263Z","mc-mod","https://www.mc-mod.net/schematics/luxury-coastal-residences-schematic/","luxury-coastal-residences-schematic.*","","failed","got HTML",""
"2026-09-26T12:33:09.263Z","mc-mod","https://www.mc-mod.net/schematics/asphalt-roadway-prototype/","asphalt-roadway-prototype.*","","failed","got HTML",""
"2026-09-26T12:33:09.263Z","mc-mod","https://www.mc-mod.net/schematics/modern-blue-glass-tower/","modern-blue-glass-tower.*","","failed","got HTML",""
"2026-09-26T12:33:09.263Z","mc-mod","https://www.mc-mod.net/schematics/town-hall-building-with-road/","town-hall-building-with-road.*","","failed","got HTML",""
"2026-09-26T12:33:09.263Z","mc-mod","https://www.mc-mod.net/schematics/50-story-hotel-tower/","50-story-hotel-tower.*","","failed","got HTML",""
"2026-09-26T12:33:09.263Z","mc-mod","https://www.mc-mod.net/schematics/vienna-street-houses-3/","vienna-street-houses-3.*","","failed","got HTML",""
"2026-09-26T12:33:09.263Z","mc-mod","https://www.mc-mod.net/schematics/vienna-street-house-71/","vienna-street-house-71.*","","failed","got HTML",""
"2026-09-26T12:33:09.263Z","mc-mod","https://www.mc-mod.net/schematics/standard-railroad-station/","standard-railroad-station.*","","failed","got HTML",""
"2026-09-26T12:33:09.263Z","mc-mod","https://www.mc-mod.net/schematics/koktobe-tv-tower-almaty/","koktobe-tv-tower-almaty.*","","failed","got HTML",""
"2026-09-26T12:33:09.263Z","mc-mod","https://www.mc-mod.net/schematics/city-road-construction-project/","city-road-construction-project.*","","failed","got HTML",""
"2026-09-26T12:33:09.263Z","mc-mod","https://www.mc-mod.net/schematics/connected-house-and-gun-store/","connected-house-and-gun-store.*","","failed","got HTML",""
"2026-09-26T12:33:09.263Z","mc-mod","https://www.mc-mod.net/schematics/deepslate-japanese-garden-arch-bridge/","deepslate-japanese-garden-arch-bridge.*","","failed","got HTML",""
"2026-09-26T12:33:09.263Z","mc-mod","https://www.mc-mod.net/schematics/hilversum-broadcasting-tower-11-5-scale-minecraft-replica/","hilversum-broadcasting-tower-11-5-scale-minecraft-replica.*","","failed","got HTML",""
"2026-09-26T12:33:09.263Z","mc-mod","https://www.mc-mod.net/schematics/traditional-japanese-bridge-design/","traditional-japanese-bridge-design.*","","failed","got HTML",""
"2026-09-26T12:33:09.263Z","mc-mod","https://www.mc-mod.net/schematics/suspension-cable-bridge/","suspension-cable-bridge.*","","failed","got HTML",""
"2026-09-26T12:33:09.263Z","mc-mod","https://www.mc-mod.net/schematics/nordic-style-small-bridge/","nordic-style-small-bridge.*","","failed","got HTML",""
"2026-09-26T12:33:09.263Z","mc-mod","https://www.mc-mod.net/schematics/integral-bridge-structure/","integral-bridge-structure.*","","failed","got HTML",""
"2026-09-26T12:33:09.263Z","mc-mod","https://www.mc-mod.net/schematics/medium-mansion-with-bridge/","medium-mansion-with-bridge.*","","failed","got HTML",""
"2026-09-26T12:33:09.263Z","mc-mod","https://www.mc-mod.net/schematics/st-borrello-monastery-mountain-bridge/","st-borrello-monastery-mountain-bridge.*","","failed","got HTML",""
"2026-09-26T12:33:09.263Z","mc-mod","https://www.mc-mod.net/schematics/a-walkable-bridge/","a-walkable-bridge.*","","failed","got HTML",""
"2026-09-26T12:33:09.263Z","mc-mod","https://www.mc-mod.net/schematics/large-stone-brick-bridge/","large-stone-brick-bridge.*","","failed","got HTML",""
"2026-09-26T12:33:09.263Z","mc-mod","https://www.mc-mod.net/schematics/guadalupe-river-bridge/","guadalupe-river-bridge.*","","failed","got HTML",""
"2026-09-26T12:33:09.263Z","mc-mod","https://www.mc-mod.net/schematics/isolated-terraformed-base-with-mage-tower/","isolated-terraformed-base-with-mage-tower.*","","failed","got HTML",""
"2026-09-26T12:33:09.263Z","mc-mod","https://www.mc-mod.net/schematics/modern-bridge-design/","modern-bridge-design.*","","failed","got HTML",""
"2026-09-26T12:33:09.263Z","mc-mod","https://www.mc-mod.net/schematics/chiseled-stone-brick-bridge/","chiseled-stone-brick-bridge.*","","failed","got HTML",""
"2026-09-26T12:33:09.263Z","mc-mod","https://www.mc-mod.net/schematics/wooden-bridge-design/","wooden-bridge-design.*","","failed","got HTML",""
"2026-09-26T12:33:09.263Z","mc-mod","https://www.mc-mod.net/schematics/stone-and-wood-survival-bridge/","stone-and-wood-survival-bridge.*","","failed","got HTML",""
"2026-09-26T12:33:09.263Z","mc-mod","https://www.mc-mod.net/schematics/simple-stone-bridge/","simple-stone-bridge.*","","failed","got HTML",""
"2026-09-26T12:33:09.263Z","mc-mod","https://www.mc-mod.net/schematics/wooden-bridge-with-fences/","wooden-bridge-with-fences.*","","failed","got HTML",""
"2026-09-26T12:33:09.263Z","mc-mod","https://www.mc-mod.net/schematics/futuristic-marble-bridge/","futuristic-marble-bridge.*","","failed","got HTML",""
"2026-09-26T12:33:09.263Z","mc-mod","https://www.mc-mod.net/schematics/elegant-marble-bridge-design/","elegant-marble-bridge-design.*","","failed","got HTML",""
"2026-09-26T12:33:09.263Z","mc-mod","https://www.mc-mod.net/schematics/suspended-bridge-minecraft-build/","suspended-bridge-minecraft-build.*","","failed","got HTML",""
"2026-09-26T12:33:09.263Z","mc-mod","https://www.mc-mod.net/schematics/large-stone-bridge-with-buildings/","large-stone-bridge-with-buildings.*","","failed","got HTML",""
"2026-09-26T12:33:09.263Z","mc-mod","https://www.mc-mod.net/schematics/interdimensional-bridge/","interdimensional-bridge.*","","failed","got HTML",""
"2026-09-26T12:33:09.263Z","mc-mod","https://www.mc-mod.net/schematics/wizard-tower-and-bridge-structure/","wizard-tower-and-bridge-structure.*","","failed","got HTML",""
"2026-09-26T12:33:09.263Z","mc-mod","https://www.mc-mod.net/schematics/river-crossing-bridge/","river-crossing-bridge.*","","failed","got HTML",""
"2026-09-26T12:33:09.263Z","mc-mod","https://www.mc-mod.net/schematics/inhabitable-bridge-cafe-and-bike-store/","inhabitable-bridge-cafe-and-bike-store.*","","failed","got HTML",""
"2026-09-26T12:33:09.263Z","mc-mod","https://www.mc-mod.net/schematics/queensboro-bridge-structure/","queensboro-bridge-structure.*","","failed","got HTML",""
"2026-09-26T12:33:09.263Z","mc-mod","https://www.mc-mod.net/schematics/bridge-house/","bridge-house.*","","failed","got HTML",""
"2026-09-26T12:33:09.263Z","mc-mod","https://www.mc-mod.net/schematics/small-skybridge-design/","small-skybridge-design.*","","failed","got HTML",""
"2026-09-26T12:33:09.263Z","mc-mod","https://www.mc-mod.net/schematics/rustic-stone-bridge/","rustic-stone-bridge.*","","failed","got HTML",""
"2026-09-26T12:33:09.263Z","mc-mod","https://www.mc-mod.net/schematics/bridge-test-schematic/","bridge-test-schematic.*","","failed","got HTML",""
"2026-09-26T12:33:09.263Z","mc-mod","https://www.mc-mod.net/schematics/scalable-long-bridge/","scalable-long-bridge.*","","failed","got HTML",""
"2026-09-26T12:33:09.263Z","mc-mod","https://www.mc-mod.net/schematics/jungle-spawn-bridge/","jungle-spawn-bridge.*","","failed","got HTML",""
"2026-09-26T12:33:09.263Z","mc-mod","https://www.mc-mod.net/schematics/medium-wooden-bridge-design/","medium-wooden-bridge-design.*","","failed","got HTML",""
"2026-09-26T12:33:09.263Z","mc-mod","https://www.mc-mod.net/schematics/deepslate-bridge/","deepslate-bridge.*","","failed","got HTML",""
"2026-09-26T12:33:09.263Z","mc-mod","https://www.mc-mod.net/schematics/island-house-lakefront/","island-house-lakefront.*","","failed","got HTML",""
"2026-09-26T12:33:09.263Z","mc-mod","https://www.mc-mod.net/schematics/easy-japanese-cherry-wood-bridge/","easy-japanese-cherry-wood-bridge.*","","failed","got HTML",""
"2026-09-26T12:33:09.263Z","mc-mod","https://www.mc-mod.net/schematics/rusted-copper-bridge-design/","rusted-copper-bridge-design.*","","failed","got HTML",""
"2026-09-26T12:33:09.263Z","mc-mod","https://www.mc-mod.net/schematics/oriental-style-bridge/","oriental-style-bridge.*","","failed","got HTML",""
"2026-09-26T12:33:09.263Z","mc-mod","https://www.mc-mod.net/schematics/aegis-bridge-structure/","aegis-bridge-structure.*","","failed","got HTML",""
"2026-09-26T12:33:09.263Z","mc-mod","https://www.mc-mod.net/schematics/bdubs-bridge-build/","bdubs-bridge-build.*","","failed","got HTML",""
"2026-09-26T12:33:09.263Z","mc-mod","https://www.mc-mod.net/schematics/mountain-train-bridge/","mountain-train-bridge.*","","failed","got HTML",""
"2026-09-26T12:33:09.263Z","mc-mod","https://www.mc-mod.net/schematics/ancient-stone-archway-bridge/","ancient-stone-archway-bridge.*","","failed","got HTML",""
"2026-09-26T12:33:09.263Z","mc-mod","https://www.mc-mod.net/schematics/asian-bridge/","asian-bridge.*","","failed","got HTML",""
"2026-09-26T12:33:09.263Z","mc-mod","https://www.mc-mod.net/schematics/simple-stone-river-bridge/","simple-stone-river-bridge.*","","failed","got HTML",""
"2026-09-26T12:33:09.263Z","mc-mod","https://www.mc-mod.net/schematics/modern-parking-garage-structure/","modern-parking-garage-structure.*","","failed","got HTML",""
"2026-09-26T12:33:09.263Z","mc-mod","https://www.mc-mod.net/schematics/massive-minecraft-bridge/","massive-minecraft-bridge.*","","failed","got HTML",""
"2026-09-26T12:33:09.263Z","mc-mod","https://www.mc-mod.net/schematics/covered-minecraft-bridge/","covered-minecraft-bridge.*","","failed","got HTML",""
"2026-09-26T12:33:09.263Z","mc-mod","https://www.mc-mod.net/schematics/island-spawn-point-with-towers-and-cafes/","island-spawn-point-with-towers-and-cafes.*","","failed","got HTML",""
"2026-09-26T12:33:09.263Z","mc-mod","https://www.mc-mod.net/schematics/futuristic-space-station/","futuristic-space-station.*","","failed","got HTML",""
"2026-09-26T12:33:09.263Z","mc-mod","https://www.mc-mod.net/schematics/turtle-bridge-design/","turtle-bridge-design.*","","failed","got HTML",""
"2026-09-26T12:33:09.263Z","mc-mod","https://www.mc-mod.net/schematics/interdimensional-bridge-structure/","interdimensional-bridge-structure.*","","failed","got HTML",""
"2026-09-26T12:33:09.263Z","mc-mod","https://www.mc-mod.net/schematics/peaceful-minecraft-garden-oasis-build/","peaceful-minecraft-garden-oasis-build.*","","failed","got HTML",""
"2026-09-26T12:33:09.263Z","mc-mod","https://www.mc-mod.net/schematics/japanese-garden-bridge/","japanese-garden-bridge.*","","failed","got HTML",""
"2026-09-26T12:33:09.263Z","mc-mod","https://www.mc-mod.net/schematics/hotel-hilton/","hotel-hilton.*","","failed","got HTML",""
"2026-09-26T12:33:09.263Z","mc-mod","https://www.mc-mod.net/schematics/adventure-time-tree-house-build/","adventure-time-tree-house-build.*","","failed","got HTML",""
"2026-09-26T12:33:09.263Z","mc-mod","https://www.mc-mod.net/schematics/interdimensional-bridge-schematic-for-minecraft/","interdimensional-bridge-schematic-for-minecraft.*","","failed","got HTML",""
"2026-09-26T12:33:09.263Z","mc-mod","https://www.mc-mod.net/schematics/diorite-stone-factory-2605-blocks/","diorite-stone-factory-2605-blocks.*","","failed","got HTML",""
"2026-09-26T12:33:09.263Z","mc-mod","https://www.mc-mod.net/schematics/massive-lava-tunnel-with-minecart-track/","massive-lava-tunnel-with-minecart-track.*","","failed","got HTML",""
"2026-09-26T12:33:09.263Z","mc-mod","https://www.mc-mod.net/schematics/granite-concrete-factory-8286-blocks/","granite-concrete-factory-8286-blocks.*","","failed","got HTML",""
"2026-09-26T12:33:09.263Z","mc-mod","https://www.mc-mod.net/schematics/subway-tunnel-structure/","subway-tunnel-structure.*","","failed","got HTML",""
"2026-09-26T12:33:09.263Z","mc-mod","https://www.mc-mod.net/schematics/create-mod-andesite-factory/","create-mod-andesite-factory.*","","failed","got HTML",""
"2026-09-26T12:33:09.263Z","mc-mod","https://www.mc-mod.net/schematics/create-16x16-andesite-alloy-factory/","create-16x16-andesite-alloy-factory.*","","failed","got HTML",""
"2026-09-26T12:33:09.263Z","mc-mod","https://www.mc-mod.net/schematics/factory-build-v3/","factory-build-v3.*","","failed","got HTML",""
"2026-09-26T12:33:09.263Z","mc-mod","https://www.mc-mod.net/schematics/create-mod-gravel-factory-16x16/","create-mod-gravel-factory-16x16.*","","failed","got HTML",""
"2026-09-26T12:33:09.263Z","mc-mod","https://www.mc-mod.net/schematics/create-mod-andesite-factory-16x16-taiga/","create-mod-andesite-factory-16x16-taiga.*","","failed","got HTML",""
"2026-09-26T12:33:09.263Z","mc-mod","https://www.mc-mod.net/schematics/create-mod-birch-lumber-mill-and-factory/","create-mod-birch-lumber-mill-and-factory.*","","failed","got HTML",""
"2026-09-26T12:33:09.263Z","mc-mod","https://www.mc-mod.net/schematics/create-mod-andesite-factory-in-16x16-chunk/","create-mod-andesite-factory-in-16x16-chunk.*","","failed","got HTML",""
"2026-09-26T12:33:09.263Z","mc-mod","https://www.mc-mod.net/schematics/create-mod-andesite-alloy-factory/","create-mod-andesite-alloy-factory.*","","failed","got HTML",""
"2026-09-26T12:33:09.263Z","mc-mod","https://www.mc-mod.net/schematics/simple-tunnel-borer-machine-quadruple-size/","simple-tunnel-borer-machine-quadruple-size.*","","failed","got HTML",""
"2026-09-26T12:33:09.263Z","mc-mod","https://www.mc-mod.net/schematics/stackable-tunnel-system/","stackable-tunnel-system.*","","failed","This operation was aborted",""
"2026-09-26T12:33:09.263Z","mc-mod","https://www.mc-mod.net/schematics/modular-tunnel-trading-hall/","modular-tunnel-trading-hall.*","","failed","This operation was aborted",""
"2026-09-26T12:33:09.263Z","mc-mod","https://www.mc-mod.net/schematics/courage-the-cowardly-dog-cartoon-house/","courage-the-cowardly-dog-cartoon-house.*","","failed","This operation was aborted",""
"2026-09-26T12:33:09.263Z","mc-mod","https://www.mc-mod.net/schematics/5-module-automated-tunnel-bore-machine/","5-module-automated-tunnel-bore-machine.*","","failed","fetch failed",""
"2026-09-26T12:33:09.263Z","mc-mod","https://www.mc-mod.net/schematics/ancient-egyptian-village/","ancient-egyptian-village.*","","failed","fetch failed",""
"2026-09-26T12:33:09.263Z","mc-mod","https://www.mc-mod.net/schematics/burj-khalifa-skyscraper-modern-tower/","burj-khalifa-skyscraper-modern-tower.*","","failed","fetch failed",""
"2026-09-26T12:33:09.263Z","mc-mod","https://www.mc-mod.net/schematics/clock-tower-landmark/","clock-tower-landmark.*","","failed","incompatible format for game: .litematic",""
"2026-09-26T12:33:09.263Z","mc-mod","https://www.mc-mod.net/schematics/high-rise-condominium-tower/","high-rise-condominium-tower.*","","failed","file HTTP 404",""
"2026-09-26T12:33:09.263Z","mc-mod","https://www.mc-mod.net/schematics/maximum-height-tower/","maximum-height-tower.*","","failed","file HTTP 404",""
"2026-09-26T12:33:09.263Z","mc-mod","https://www.mc-mod.net/schematics/modern-style-tower-structure/","modern-style-tower-structure.*","","failed","file HTTP 404",""
"2026-09-26T12:33:09.263Z","mc-mod","https://www.mc-mod.net/schematics/tall-stone-brick-tower-structure/","tall-stone-brick-tower-structure.*","","failed","incompatible format for game: .litematic",""
"2026-09-26T12:33:09.263Z","mc-mod","https://www.mc-mod.net/schematics/large-tower-house/","large-tower-house.*","","failed","incompatible format for game: .litematic",""
"2026-09-26T12:33:09.263Z","mc-mod","https://www.mc-mod.net/schematics/fallout-3-water-tower-structure/","fallout-3-water-tower-structure.*","","failed","file HTTP 404",""
"2026-09-26T12:33:09.263Z","mc-mod","https://www.mc-mod.net/schematics/sandstone-office-tower-126k-blocks/","sandstone-office-tower-126k-blocks.*","","failed","file HTTP 404",""
"2026-09-26T12:33:09.263Z","mc-mod","https://www.mc-mod.net/schematics/grandpas-flower-power-tower-with-garden/","grandpas-flower-power-tower-with-garden.*","","failed","file HTTP 404",""
"2026-09-26T12:33:09.263Z","mc-mod","https://www.mc-mod.net/schematics/modern-apartment-tower-with-amenities/","modern-apartment-tower-with-amenities.*","","failed","file HTTP 404",""
"2026-09-26T12:33:09.263Z","mc-mod","https://www.mc-mod.net/schematics/modern-apartment-tower-512k-blocks/","modern-apartment-tower-512k-blocks.*","","failed","file HTTP 404",""
"2026-09-26T12:33:09.263Z","mc-mod","https://www.mc-mod.net/schematics/modern-torch-towers/","modern-torch-towers.*","","failed","file HTTP 404",""
"2026-09-26T12:33:09.263Z","mc-mod","https://www.mc-mod.net/schematics/modern-decorated-tower/","modern-decorated-tower.*","","failed","file HTTP 404",""
"2026-09-26T12:33:09.263Z","mc-mod","https://www.mc-mod.net/schematics/blocks-ahoy-hotel-towering-presidential-suite/","blocks-ahoy-hotel-towering-presidential-suite.*","","failed","file HTTP 404",""
"2026-09-26T12:33:09.263Z","mc-mod","https://www.mc-mod.net/schematics/tower-trivia-game-show/","tower-trivia-game-show.*","","failed","file HTTP 404",""
"2026-09-26T12:33:09.263Z","mc-mod","https://www.mc-mod.net/schematics/small-lighthouse-tower-3/","small-lighthouse-tower-3.*","","failed","file HTTP 404",""
"2026-09-26T12:33:09.263Z","mc-mod","https://www.mc-mod.net/schematics/fallout-3-power-transmission-tower/","fallout-3-power-transmission-tower.*","","failed","file HTTP 404",""
"2026-09-26T12:33:09.263Z","mc-mod","https://www.mc-mod.net/schematics/ancient-wizards-tower/","ancient-wizards-tower.*","","failed","file HTTP 404",""
"2026-09-26T12:33:09.263Z","mc-mod","https://www.mc-mod.net/schematics/dark-luminous-night-tower/","dark-luminous-night-tower.*","","failed","file HTTP 404",""
"2026-09-26T12:33:09.263Z","mc-mod","https://www.mc-mod.net/schematics/resource-magic-tower/","resource-magic-tower.*","","failed","file HTTP 404",""
"2026-09-26T12:33:09.263Z","mc-mod","https://www.mc-mod.net/schematics/premier-condominium-tower/","premier-condominium-tower.*","","failed","file HTTP 404",""
"2026-09-26T12:33:09.263Z","mc-mod","https://www.mc-mod.net/schematics/modern-quartz-city-tower/","modern-quartz-city-tower.*","","failed","file HTTP 404",""
"2026-09-26T12:33:09.263Z","mc-mod","https://www.mc-mod.net/schematics/modern-city-condominium-tower/","modern-city-condominium-tower.*","","failed","file HTTP 404",""
"2026-09-26T12:33:09.263Z","mc-mod","https://www.mc-mod.net/schematics/asian-pagoda-tower-3/","asian-pagoda-tower-3.*","","failed","file HTTP 404",""
"2026-09-26T12:33:09.263Z","mc-mod","https://www.mc-mod.net/schematics/cobblestone-and-glass-portal-towers/","cobblestone-and-glass-portal-towers.*","","failed","file HTTP 404",""
"2026-09-26T12:33:09.263Z","mc-mod","https://www.mc-mod.net/schematics/willis-tower-overhaul-schematic/","willis-tower-overhaul-schematic.*","","failed","file HTTP 404",""
"2026-09-26T12:33:09.263Z","mc-mod","https://www.mc-mod.net/schematics/jive-49-modern-condominium-tower/","jive-49-modern-condominium-tower.*","","failed","file HTTP 404",""
"2026-09-26T12:33:09.263Z","mc-mod","https://www.mc-mod.net/schematics/modern-office-tower-with-elevator/","modern-office-tower-with-elevator.*","","failed","file HTTP 404",""
"2026-09-26T12:33:09.263Z","mc-mod","https://www.mc-mod.net/schematics/simple-defense-tower/","simple-defense-tower.*","","failed","file HTTP 404",""
"2026-09-26T12:33:09.263Z","mc-mod","https://www.mc-mod.net/schematics/the-sentinel-tower/","the-sentinel-tower.*","","failed","incompatible format for game: .litematic",""
"2026-09-26T12:33:09.263Z","mc-mod","https://www.mc-mod.net/schematics/modern-city-hotel-building/","modern-city-hotel-building.*","","failed","file HTTP 404",""
"2026-09-26T12:33:09.263Z","mc-mod","https://www.mc-mod.net/schematics/olimpushd-tower-large-build/","olimpushd-tower-large-build.*","","failed","file HTTP 404",""
"2026-09-26T12:33:09.263Z","mc-mod","https://www.mc-mod.net/schematics/olympus-tower-large-build/","olympus-tower-large-build.*","","failed","file HTTP 404",""
"2026-09-26T12:33:09.263Z","mc-mod","https://www.mc-mod.net/schematics/zambias-tallest-skyscraper-findeco-house/","zambias-tallest-skyscraper-findeco-house.*","","failed","file HTTP 404",""
"2026-09-26T12:33:09.263Z","mc-mod","https://www.mc-mod.net/schematics/indian-style-jade-mansion-tower/","indian-style-jade-mansion-tower.*","","failed","file HTTP 404",""
"2026-09-26T12:33:09.263Z","mc-mod","https://www.mc-mod.net/schematics/age-of-empires-sentry-tower/","age-of-empires-sentry-tower.*","","failed","file HTTP 404",""
"2026-09-26T12:33:09.263Z","mc-mod","https://www.mc-mod.net/schematics/lucavas-tower/","lucavas-tower.*","","failed","file HTTP 404",""
"2026-09-26T12:33:09.263Z","mc-mod","https://www.mc-mod.net/schematics/modern-city-apartment-tower-large-scale/","modern-city-apartment-tower-large-scale.*","","failed","file HTTP 404",""
"2026-09-26T12:33:09.263Z","mc-mod","https://www.mc-mod.net/schematics/desert-island-ruin-towers/","desert-island-ruin-towers.*","","failed","file HTTP 404",""
"2026-09-26T12:33:09.263Z","mc-mod","https://www.mc-mod.net/schematics/modern-eco-skyscraper-house/","modern-eco-skyscraper-house.*","","failed","file HTTP 404",""
"2026-09-26T12:33:09.263Z","mc-mod","https://www.mc-mod.net/schematics/modern-spiral-skyscraper/","modern-spiral-skyscraper.*","","failed","file HTTP 404",""
"2026-09-26T12:33:09.263Z","mc-mod","https://www.mc-mod.net/schematics/modern-skyscraper-one-world-trade-center/","modern-skyscraper-one-world-trade-center.*","","failed","incompatible format for game: .litematic",""
"2026-09-26T12:33:09.263Z","mc-mod","https://www.mc-mod.net/schematics/modern-eco-skyscraper/","modern-eco-skyscraper.*","","failed","file HTTP 404",""
"2026-09-26T12:33:09.263Z","mc-mod","https://www.mc-mod.net/schematics/hi-business-corporation-v2-modern-skyscraper/","hi-business-corporation-v2-modern-skyscraper.*","","failed","file HTTP 404",""
"2026-09-26T12:33:09.263Z","mc-mod","https://www.mc-mod.net/schematics/modern-skyscraper-build/","modern-skyscraper-build.*","","failed","file HTTP 404",""
"2026-09-26T12:33:09.263Z","mc-mod","https://www.mc-mod.net/schematics/murchinson-modern-office-building-with-helipad/","murchinson-modern-office-building-with-helipad.*","","failed","file HTTP 404",""
"2026-09-26T12:33:09.263Z","mc-mod","https://www.mc-mod.net/schematics/art-deco-skyscraper-cut-sandstone-tower/","art-deco-skyscraper-cut-sandstone-tower.*","","failed","file HTTP 404",""
"2026-09-26T12:33:09.263Z","mc-mod","https://www.mc-mod.net/schematics/osborne-corporation-building-modern-skyscraper/","osborne-corporation-building-modern-skyscraper.*","","failed","file HTTP 404",""
"2026-09-26T12:33:09.263Z","mc-mod","https://www.mc-mod.net/schematics/modern-skyscraper-tower-12/","modern-skyscraper-tower-12.*","","failed","file HTTP 404",""
"2026-09-26T12:33:09.263Z","mc-mod","https://www.mc-mod.net/schematics/modern-skyscraper-tower-11/","modern-skyscraper-tower-11.*","","failed","file HTTP 404",""
"2026-09-26T12:33:09.263Z","mc-mod","https://www.mc-mod.net/schematics/massive-skyscraper-structure/","massive-skyscraper-structure.*","","failed","file HTTP 404",""
"2026-09-26T12:33:09.263Z","mc-mod","https://www.mc-mod.net/schematics/one-world-trade-centre-skyscraper/","one-world-trade-centre-skyscraper.*","","failed","file HTTP 404",""
"2026-09-26T12:33:09.263Z","mc-mod","https://www.mc-mod.net/schematics/modern-quartz-skyscraper-tower/","modern-quartz-skyscraper-tower.*","","failed","file HTTP 404",""
"2026-09-26T12:33:09.263Z","mc-mod","https://www.mc-mod.net/schematics/modern-diamond-skyscraper/","modern-diamond-skyscraper.*","","failed","file HTTP 404",""
"2026-09-26T12:33:09.263Z","mc-mod","https://www.mc-mod.net/schematics/schurman-sons-banking-corporation-building/","schurman-sons-banking-corporation-building.*","","failed","file HTTP 404",""
"2026-09-26T12:33:09.263Z","mc-mod","https://www.mc-mod.net/schematics/skyscraper-city-building/","skyscraper-city-building.*","","failed","file HTTP 404",""
"2026-09-26T12:33:09.263Z","mc-mod","https://www.mc-mod.net/schematics/pink-stained-glass-skyscraper-tower/","pink-stained-glass-skyscraper-tower.*","","failed","file HTTP 404",""
"2026-09-26T12:33:09.263Z","mc-mod","https://www.mc-mod.net/schematics/432-park-avenue-skyscraper-replica/","432-park-avenue-skyscraper-replica.*","","failed","file HTTP 404",""
"2026-09-26T12:33:09.263Z","mc-mod","https://www.mc-mod.net/schematics/water-wall-skyscraper/","water-wall-skyscraper.*","","failed","file HTTP 404",""
"2026-09-26T12:33:09.263Z","mc-mod","https://www.mc-mod.net/schematics/empire-state-building-skyscraper/","empire-state-building-skyscraper.*","","failed","file HTTP 404",""
"2026-09-26T12:33:09.263Z","mc-mod","https://www.mc-mod.net/schematics/chrysler-building-skyscraper/","chrysler-building-skyscraper.*","","failed","file HTTP 404",""
"2026-09-26T12:33:09.263Z","mc-mod","https://www.mc-mod.net/schematics/willis-tower-skyscraper-build/","willis-tower-skyscraper-build.*","","failed","file HTTP 404",""
"2026-09-26T12:33:09.263Z","mc-mod","https://www.mc-mod.net/schematics/taipei-101-pro/","taipei-101-pro.*","","failed","incompatible format for game: .litematic",""
"2026-09-26T12:33:09.263Z","mc-mod","https://www.mc-mod.net/schematics/modern-city-skyscrapers/","modern-city-skyscrapers.*","","failed","incompatible format for game: .litematic",""
"2026-09-26T12:33:09.263Z","mc-mod","https://www.mc-mod.net/schematics/giant-city-skyscraper-with-trees/","giant-city-skyscraper-with-trees.*","","failed","incompatible format for game: .litematic",""
"2026-09-26T12:33:09.263Z","mc-mod","https://www.mc-mod.net/schematics/modern-skyscraper/","modern-skyscraper.*","","failed","file HTTP 404",""
"2026-09-26T12:33:09.263Z","mc-mod","https://www.mc-mod.net/schematics/small-office-building/","small-office-building.*","","failed","file HTTP 404",""
"2026-09-26T12:33:09.263Z","mc-mod","https://www.mc-mod.net/schematics/avengers-tower-build/","avengers-tower-build.*","","failed","file HTTP 404",""
"2026-09-26T12:33:09.263Z","mc-mod","https://www.mc-mod.net/schematics/duffield-corporation-office-building/","duffield-corporation-office-building.*","","failed","file HTTP 404",""
"2026-09-26T12:33:09.263Z","mc-mod","https://www.mc-mod.net/schematics/building-contractors-office/","building-contractors-office.*","","failed","file HTTP 404",""
"2026-09-26T12:33:09.263Z","mc-mod","https://www.mc-mod.net/schematics/minamoto-corporation-modern-office-building/","minamoto-corporation-modern-office-building.*","","failed","file HTTP 404",""
"2026-09-26T12:33:09.263Z","mc-mod","https://www.mc-mod.net/schematics/johanson-and-sons-corporation-office-tower/","johanson-and-sons-corporation-office-tower.*","","failed","file HTTP 404",""
"2026-09-26T12:33:09.263Z","mc-mod","https://www.mc-mod.net/schematics/sandstone-office-tower/","sandstone-office-tower.*","","failed","file HTTP 404",""
"2026-09-26T12:33:09.263Z","mc-mod","https://www.mc-mod.net/schematics/modern-police-station-building/","modern-police-station-building.*","","failed","file HTTP 404",""
"2026-09-26T12:33:09.263Z","mc-mod","https://www.mc-mod.net/schematics/modern-office-tower-building/","modern-office-tower-building.*","","failed","file HTTP 404",""
"2026-09-26T12:33:09.263Z","mc-mod","https://www.mc-mod.net/schematics/rustic-modern-house-with-pool-and-barn/","rustic-modern-house-with-pool-and-barn.*","","failed","file HTTP 404",""
"2026-09-26T12:33:09.263Z","mc-mod","https://www.mc-mod.net/schematics/prismarine-island-tower/","prismarine-island-tower.*","","failed","file HTTP 404",""
"2026-09-26T12:33:09.263Z","mc-mod","https://www.mc-mod.net/schematics/quickdeli-cargo-services-warehouse-and-office/","quickdeli-cargo-services-warehouse-and-office.*","","failed","file HTTP 404",""
"2026-09-26T12:33:09.263Z","mc-mod","https://www.mc-mod.net/schematics/hi-business-corporation-building-second-design/","hi-business-corporation-building-second-design.*","","failed","file HTTP 404",""
"2026-09-26T12:33:09.263Z","mc-mod","https://www.mc-mod.net/schematics/gingerbread-factory/","gingerbread-factory.*","","failed","file HTTP 404",""
"2026-09-26T12:33:09.263Z","mc-mod","https://www.mc-mod.net/schematics/soviet-style-apartment-building/","soviet-style-apartment-building.*","","failed","file HTTP 404",""
"2026-09-26T12:33:09.263Z","mc-mod","https://www.mc-mod.net/schematics/modern-business-building/","modern-business-building.*","","failed","file HTTP 404",""
"2026-09-26T12:33:09.263Z","mc-mod","https://www.mc-mod.net/schematics/research-offices-for-ancient-books/","research-offices-for-ancient-books.*","","failed","file HTTP 404",""
"2026-09-26T12:33:09.263Z","mc-mod","https://www.mc-mod.net/schematics/modern-3-story-office-building/","modern-3-story-office-building.*","","failed","file HTTP 404",""
"2026-09-26T12:33:09.263Z","mc-mod","https://www.mc-mod.net/schematics/puren-chile-fountain-plaza/","puren-chile-fountain-plaza.*","","failed","incompatible format for game: .litematic",""
"2026-09-26T12:33:09.263Z","mc-mod","https://www.mc-mod.net/schematics/tilted-office-building/","tilted-office-building.*","","failed","file HTTP 404",""
"2026-09-26T12:33:09.263Z","mc-mod","https://www.mc-mod.net/schematics/modern-glass-office-tower-building/","modern-glass-office-tower-building.*","","failed","file HTTP 404",""
"2026-09-26T12:33:09.263Z","mc-mod","https://www.mc-mod.net/schematics/light-rail-vehicle-depot/","light-rail-vehicle-depot.*","","failed","file HTTP 404",""
"2026-09-26T12:33:09.263Z","mc-mod","https://www.mc-mod.net/schematics/corporate-office-building-2/","corporate-office-building-2.*","","failed","file HTTP 404",""
"2026-09-26T12:33:09.263Z","mc-mod","https://www.mc-mod.net/schematics/modern-luxury-residence/","modern-luxury-residence.*","","failed","file HTTP 404",""
"2026-09-26T12:33:09.263Z","mc-mod","https://www.mc-mod.net/schematics/saul-goodmans-office-build/","saul-goodmans-office-build.*","","failed","incompatible format for game: .litematic",""
"2026-09-26T12:33:09.263Z","mc-mod","https://www.mc-mod.net/schematics/modern-police-station-structure/","modern-police-station-structure.*","","failed","incompatible format for game: .litematic",""
"2026-09-26T12:33:09.263Z","mc-mod","https://www.mc-mod.net/schematics/lawyers-office-building-from-vice-city/","lawyers-office-building-from-vice-city.*","","failed","incompatible format for game: .litematic",""
"2026-09-26T12:33:09.263Z","mc-mod","https://www.mc-mod.net/schematics/elegant-grand-hotel/","elegant-grand-hotel.*","","failed","file HTTP 404",""
"2026-09-26T12:33:09.263Z","mc-mod","https://www.mc-mod.net/schematics/hotel-honk-house/","hotel-honk-house.*","","failed","file HTTP 404",""
"2026-09-26T12:33:09.263Z","mc-mod","https://www.mc-mod.net/schematics/modern-parallel-heights-hotel-building/","modern-parallel-heights-hotel-building.*","","failed","file HTTP 404",""
"2026-09-26T12:33:09.263Z","mc-mod","https://www.mc-mod.net/schematics/lava-hotel-resort/","lava-hotel-resort.*","","failed","file HTTP 404",""
"2026-09-26T12:33:09.263Z","mc-mod","https://www.mc-mod.net/schematics/cozy-small-hotel-building/","cozy-small-hotel-building.*","","failed","file HTTP 404",""
"2026-09-26T12:33:09.263Z","mc-mod","https://www.mc-mod.net/schematics/celestial-hotel-with-landing-disc/","celestial-hotel-with-landing-disc.*","","failed","file HTTP 404",""
"2026-09-26T12:33:09.263Z","mc-mod","https://www.mc-mod.net/schematics/grand-hotel-modern-edition/","grand-hotel-modern-edition.*","","failed","file HTTP 404",""
"2026-09-26T12:33:09.263Z","mc-mod","https://www.mc-mod.net/schematics/shady-oaks-hotel-townhouse/","shady-oaks-hotel-townhouse.*","","failed","file HTTP 404",""
"2026-09-26T12:33:09.263Z","mc-mod","https://www.mc-mod.net/schematics/sandstone-hotel/","sandstone-hotel.*","","failed","file HTTP 404",""
"2026-09-26T12:33:09.263Z","mc-mod","https://www.mc-mod.net/schematics/bellagio-hotel-resort/","bellagio-hotel-resort.*","","failed","incompatible format for game: .litematic",""
"2026-09-26T12:33:09.263Z","mc-mod","https://www.mc-mod.net/schematics/large-modern-hotel-jungle-planks/","large-modern-hotel-jungle-planks.*","","failed","file HTTP 404",""
"2026-09-26T12:33:09.263Z","mc-mod","https://www.mc-mod.net/schematics/mid-century-hotel/","mid-century-hotel.*","","failed","file HTTP 404",""
"2026-09-26T12:33:09.263Z","mc-mod","https://www.mc-mod.net/schematics/asian-hotel-building/","asian-hotel-building.*","","failed","file HTTP 404",""
"2026-09-26T12:33:09.263Z","mc-mod","https://www.mc-mod.net/schematics/modern-four-story-hotel/","modern-four-story-hotel.*","","failed","file HTTP 404",""
"2026-09-26T12:33:09.263Z","mc-mod","https://www.mc-mod.net/schematics/wii-island-hotel/","wii-island-hotel.*","","failed","file HTTP 404",""
"2026-09-26T12:33:09.263Z","mc-mod","https://www.mc-mod.net/schematics/elegant-hotel-with-bar-and-dining/","elegant-hotel-with-bar-and-dining.*","","failed","file HTTP 404",""
"2026-09-26T12:33:09.263Z","mc-mod","https://www.mc-mod.net/schematics/modern-hotel-residential-apartments/","modern-hotel-residential-apartments.*","","failed","incompatible format for game: .litematic",""
"2026-09-26T12:33:09.263Z","mc-mod","https://www.mc-mod.net/schematics/eight-story-hotel/","eight-story-hotel.*","","failed","file HTTP 404",""
"2026-09-26T12:33:09.263Z","mc-mod","https://www.mc-mod.net/schematics/the-vannah-hotel-large-build/","the-vannah-hotel-large-build.*","","failed","incompatible format for game: .litematic",""
"2026-09-26T12:33:09.263Z","mc-mod","https://www.mc-mod.net/schematics/charming-cottage-with-living-area-and-garage/","charming-cottage-with-living-area-and-garage.*","","failed","file HTTP 404",""
"2026-09-26T12:33:09.263Z","mc-mod","https://www.mc-mod.net/schematics/large-car-park/","large-car-park.*","","failed","file HTTP 404",""
"2026-09-26T12:33:09.263Z","mc-mod","https://www.mc-mod.net/schematics/multi-level-parking-garage-structure/","multi-level-parking-garage-structure.*","","failed","file HTTP 404",""
"2026-09-26T12:33:09.263Z","mc-mod","https://www.mc-mod.net/schematics/mcfey-astroworld-amusement-park/","mcfey-astroworld-amusement-park.*","","failed","file HTTP 404",""
"2026-09-26T12:33:09.263Z","mc-mod","https://www.mc-mod.net/schematics/traditional-brick-home-with-garage/","traditional-brick-home-with-garage.*","","failed","file HTTP 404",""
"2026-09-26T12:33:09.263Z","mc-mod","https://www.mc-mod.net/schematics/nierta-central-park-town-square/","nierta-central-park-town-square.*","","failed","file HTTP 404",""
"2026-09-26T12:33:09.263Z","mc-mod","https://www.mc-mod.net/schematics/modern-gas-station-and-shop/","modern-gas-station-and-shop.*","","failed","file HTTP 404",""
"2026-09-26T12:33:09.263Z","mc-mod","https://www.mc-mod.net/schematics/modern-park-with-fountain-and-benches/","modern-park-with-fountain-and-benches.*","","failed","file HTTP 404",""
"2026-09-26T12:33:09.263Z","mc-mod","https://www.mc-mod.net/schematics/modern-concrete-park/","modern-concrete-park.*","","failed","file HTTP 404",""
"2026-09-26T12:33:09.263Z","mc-mod","https://www.mc-mod.net/schematics/29-story-modern-parking-garage-structure/","29-story-modern-parking-garage-structure.*","","failed","file HTTP 404",""
"2026-09-26T12:33:09.263Z","mc-mod","https://www.mc-mod.net/schematics/elegant-quartz-water-fountain/","elegant-quartz-water-fountain.*","","failed","file HTTP 404",""
"2026-09-26T12:33:09.263Z","mc-mod","https://www.mc-mod.net/schematics/truck-stop-gas-station/","truck-stop-gas-station.*","","failed","file HTTP 404",""
"2026-09-26T12:33:09.263Z","mc-mod","https://www.mc-mod.net/schematics/grand-central-park-large-town-square/","grand-central-park-large-town-square.*","","failed","file HTTP 404",""
"2026-09-26T12:33:09.263Z","mc-mod","https://www.mc-mod.net/schematics/modern-high-rise-apartment-tower/","modern-high-rise-apartment-tower.*","","failed","file HTTP 404",""
"2026-09-26T12:33:09.263Z","mc-mod","https://www.mc-mod.net/schematics/modern-apartment-building-with-parking/","modern-apartment-building-with-parking.*","","failed","file HTTP 404",""
"2026-09-26T12:33:09.263Z","mc-mod","https://www.mc-mod.net/schematics/downtown-city-park-center/","downtown-city-park-center.*","","failed","incompatible format for game: .litematic",""
"2026-09-26T12:33:09.263Z","mc-mod","https://www.mc-mod.net/schematics/large-park-area/","large-park-area.*","","failed","file HTTP 404",""
"2026-09-26T12:33:09.263Z","mc-mod","https://www.mc-mod.net/schematics/luxury-mansion-with-party-room/","luxury-mansion-with-party-room.*","","failed","file HTTP 404",""
"2026-09-26T12:33:09.263Z","mc-mod","https://www.mc-mod.net/schematics/multi-level-6-story-parking-lot/","multi-level-6-story-parking-lot.*","","failed","file HTTP 404",""
"2026-09-26T12:33:09.263Z","mc-mod","https://www.mc-mod.net/schematics/futuristic-city-parking-lot/","futuristic-city-parking-lot.*","","failed","file HTTP 404",""
"2026-09-26T12:33:09.263Z","mc-mod","https://www.mc-mod.net/schematics/sea-creature-park-megalodon-whale/","sea-creature-park-megalodon-whale.*","","failed","file HTTP 404",""
"2026-09-26T12:33:09.263Z","mc-mod","https://www.mc-mod.net/schematics/aik-house-16-large-quartz-city-residence/","aik-house-16-large-quartz-city-residence.*","","failed","file HTTP 404",""
"2026-09-26T12:33:09.263Z","mc-mod","https://www.mc-mod.net/schematics/pleasant-park-fortnite-landmark/","pleasant-park-fortnite-landmark.*","","failed","incompatible format for game: .litematic",""
"2026-09-26T12:33:09.263Z","mc-mod","https://www.mc-mod.net/schematics/modern-condominium-tower/","modern-condominium-tower.*","","failed","file HTTP 404",""
"2026-09-26T12:33:09.263Z","mc-mod","https://www.mc-mod.net/schematics/decorative-greenhouse-design/","decorative-greenhouse-design.*","","failed","incompatible format for game: .litematic",""
"2026-09-26T12:33:09.263Z","mc-mod","https://www.mc-mod.net/schematics/simple-gazebo-park-decoration/","simple-gazebo-park-decoration.*","","failed","incompatible format for game: .litematic",""
"2026-09-26T12:33:09.263Z","mc-mod","https://www.mc-mod.net/schematics/park-ball-structure/","park-ball-structure.*","","failed","file HTTP 404",""
"2026-09-26T12:33:09.263Z","mc-mod","https://www.mc-mod.net/schematics/six-story-parking-garage/","six-story-parking-garage.*","","failed","file HTTP 404",""
"2026-09-26T12:33:09.263Z","mc-mod","https://www.mc-mod.net/schematics/modern-apartment-tower/","modern-apartment-tower.*","","failed","file HTTP 404",""
"2026-09-26T12:33:09.263Z","mc-mod","https://www.mc-mod.net/schematics/circular-botanical-park-pavilion/","circular-botanical-park-pavilion.*","","failed","incompatible format for game: .litematic",""
"2026-09-26T12:33:09.263Z","mc-mod","https://www.mc-mod.net/schematics/two-story-warehouse-with-parking/","two-story-warehouse-with-parking.*","","failed","file HTTP 404",""
"2026-09-26T12:33:09.263Z","mc-mod","https://www.mc-mod.net/schematics/undertale-themed-parkour-map/","undertale-themed-parkour-map.*","","failed","file HTTP 404",""
"2026-09-26T12:33:09.263Z","mc-mod","https://www.mc-mod.net/schematics/mediterranean-courtyard-house/","mediterranean-courtyard-house.*","","failed","incompatible format for game: .litematic",""
"2026-09-26T12:33:09.263Z","mc-mod","https://www.mc-mod.net/schematics/local-park-with-maze/","local-park-with-maze.*","","failed","incompatible format for game: .litematic",""
"2026-09-26T12:33:09.263Z","mc-mod","https://www.mc-mod.net/schematics/yin-yang-garden-fountain/","yin-yang-garden-fountain.*","","failed","file HTTP 404",""
"2026-09-26T12:33:09.263Z","mc-mod","https://www.mc-mod.net/schematics/hanging-gardens-of-brisbane/","hanging-gardens-of-brisbane.*","","failed","file HTTP 404",""
"2026-09-26T12:33:09.263Z","mc-mod","https://www.mc-mod.net/schematics/elegant-quartz-fountain/","elegant-quartz-fountain.*","","failed","file HTTP 404",""
"2026-09-26T12:33:09.263Z","mc-mod","https://www.mc-mod.net/schematics/quartz-pool-garden-feature/","quartz-pool-garden-feature.*","","failed","file HTTP 404",""
"2026-09-26T12:33:09.263Z","mc-mod","https://www.mc-mod.net/schematics/small-garden-fountain/","small-garden-fountain.*","","failed","file HTTP 404",""
"2026-09-26T12:33:09.263Z","mc-mod","https://www.mc-mod.net/schematics/modern-fountain-design/","modern-fountain-design.*","","failed","file HTTP 404",""
"2026-09-26T12:33:09.263Z","mc-mod","https://www.mc-mod.net/schematics/small-desert-cactus-fountain/","small-desert-cactus-fountain.*","","failed","file HTTP 404",""
"2026-09-26T12:33:09.263Z","mc-mod","https://www.mc-mod.net/schematics/small-garden-fountain-4/","small-garden-fountain-4.*","","failed","file HTTP 404",""
"2026-09-26T12:33:09.263Z","mc-mod","https://www.mc-mod.net/schematics/ornamental-garden-fountain/","ornamental-garden-fountain.*","","failed","file HTTP 404",""
"2026-09-26T12:33:09.263Z","mc-mod","https://www.mc-mod.net/schematics/small-garden-fountain-3/","small-garden-fountain-3.*","","failed","file HTTP 404",""
"2026-09-26T12:33:09.263Z","mc-mod","https://www.mc-mod.net/schematics/modern-grand-fountain-medium-garden/","modern-grand-fountain-medium-garden.*","","failed","file HTTP 404",""
"2026-09-26T12:33:09.263Z","mc-mod","https://www.mc-mod.net/schematics/majestic-fountain-structure/","majestic-fountain-structure.*","","failed","file HTTP 404",""
"2026-09-26T12:33:09.263Z","mc-mod","https://www.mc-mod.net/schematics/shard-tower-tall-unfurnished-structure/","shard-tower-tall-unfurnished-structure.*","","failed","file HTTP 404",""
"2026-09-26T12:33:09.263Z","mc-mod","https://www.mc-mod.net/schematics/dark-water-fountain/","dark-water-fountain.*","","failed","incompatible format for game: .litematic",""
"2026-09-26T12:33:09.263Z","mc-mod","https://www.mc-mod.net/schematics/peaceful-fountain/","peaceful-fountain.*","","failed","file HTTP 404",""
"2026-09-26T12:33:09.263Z","mc-mod","https://www.mc-mod.net/schematics/baroque-quartz-villa-with-garden/","baroque-quartz-villa-with-garden.*","","failed","file HTTP 404",""
"2026-09-26T12:33:09.263Z","mc-mod","https://www.mc-mod.net/schematics/abstract-quartz-fountain-structure/","abstract-quartz-fountain-structure.*","","failed","incompatible format for game: .litematic",""
"2026-09-26T12:33:09.263Z","mc-mod","https://www.mc-mod.net/schematics/modern-lakehouse-mansion/","modern-lakehouse-mansion.*","","failed","file HTTP 404",""
"2026-09-26T12:33:09.263Z","mc-mod","https://www.mc-mod.net/schematics/ancient-fountain/","ancient-fountain.*","","failed","file HTTP 404",""
"2026-09-26T12:33:09.263Z","mc-mod","https://www.mc-mod.net/schematics/frog-fountain-decoration/","frog-fountain-decoration.*","","failed","incompatible format for game: .litematic",""
"2026-09-26T12:33:09.263Z","mc-mod","https://www.mc-mod.net/schematics/cool-fountain-feature/","cool-fountain-feature.*","","failed","incompatible format for game: .mcstructure",""
"2026-09-26T12:33:09.263Z","mc-mod","https://www.mc-mod.net/schematics/oriental-style-fountain/","oriental-style-fountain.*","","failed","incompatible format for game: .litematic",""
"2026-09-26T12:33:09.263Z","mc-mod","https://www.mc-mod.net/schematics/stone-fountain-structure/","stone-fountain-structure.*","","failed","incompatible format for game: .litematic",""
"2026-09-26T12:33:09.263Z","mc-mod","https://www.mc-mod.net/schematics/central-fountain-maze-schematic/","central-fountain-maze-schematic.*","","failed","file HTTP 404",""
"2026-09-26T12:33:09.263Z","mc-mod","https://www.mc-mod.net/schematics/blue-palace-furnished-residence/","blue-palace-furnished-residence.*","","failed","file HTTP 404",""
"2026-09-26T12:33:09.263Z","mc-mod","https://www.mc-mod.net/schematics/elegant-quartz-mansion-with-furnishings/","elegant-quartz-mansion-with-furnishings.*","","failed","incompatible format for game: .litematic",""
"2026-09-26T12:33:09.263Z","mc-mod","https://www.mc-mod.net/schematics/classical-luxury-mansion/","classical-luxury-mansion.*","","failed","incompatible format for game: .litematic",""
"2026-09-26T12:33:09.263Z","mc-mod","https://www.mc-mod.net/schematics/grand-fountain/","grand-fountain.*","","failed","incompatible format for game: .litematic",""
"2026-09-26T12:33:09.263Z","mc-mod","https://www.mc-mod.net/schematics/beautiful-fountain/","beautiful-fountain.*","","failed","file HTTP 404",""
"2026-09-26T12:33:09.263Z","mc-mod","https://www.mc-mod.net/schematics/end-fountain-structure/","end-fountain-structure.*","","failed","incompatible format for game: .litematic",""
"2026-09-26T12:33:09.263Z","mc-mod","https://www.mc-mod.net/schematics/swan-fountain-structure/","swan-fountain-structure.*","","failed","incompatible format for game: .litematic",""
"2026-09-26T12:33:09.263Z","mc-mod","https://www.mc-mod.net/schematics/decorative-water-fountain/","decorative-water-fountain.*","","failed","incompatible format for game: .litematic",""
"2026-09-26T12:33:09.263Z","mc-mod","https://www.mc-mod.net/schematics/decorative-fountain/","decorative-fountain.*","","failed","incompatible format for game: .litematic",""
"2026-09-26T12:33:09.263Z","mc-mod","https://www.mc-mod.net/schematics/central-plaza-trophy-display/","central-plaza-trophy-display.*","","failed","incompatible format for game: .litematic",""
"2026-09-26T12:33:09.263Z","mc-mod","https://www.mc-mod.net/schematics/mediterranean-plaza-build/","mediterranean-plaza-build.*","","failed","file HTTP 404",""
"2026-09-26T12:33:09.263Z","mc-mod","https://www.mc-mod.net/schematics/fallout-3-springvale-school-building/","fallout-3-springvale-school-building.*","","failed","file HTTP 404",""
"2026-09-26T12:33:09.263Z","mc-mod","https://www.mc-mod.net/schematics/small-schoolhouse-with-blackboard/","small-schoolhouse-with-blackboard.*","","failed","file HTTP 404",""
"2026-09-26T12:33:09.263Z","mc-mod","https://www.mc-mod.net/schematics/sam-and-taurtis-roleplay-house/","sam-and-taurtis-roleplay-house.*","","failed","file HTTP 404",""
"2026-09-26T12:33:09.263Z","mc-mod","https://www.mc-mod.net/schematics/yandere-high-school-insane-rooms/","yandere-high-school-insane-rooms.*","","failed","file HTTP 404",""
"2026-09-26T12:33:09.263Z","mc-mod","https://www.mc-mod.net/schematics/yandere-high-school-electric-chair-room/","yandere-high-school-electric-chair-room.*","","failed","file HTTP 404",""
"2026-09-26T12:33:09.263Z","mc-mod","https://www.mc-mod.net/schematics/classic-school-bus-design/","classic-school-bus-design.*","","failed","file HTTP 404",""
"2026-09-26T12:33:09.263Z","mc-mod","https://www.mc-mod.net/schematics/modern-school-building/","modern-school-building.*","","failed","file HTTP 404",""
"2026-09-26T12:33:09.263Z","mc-mod","https://www.mc-mod.net/schematics/big-minion-house/","big-minion-house.*","","failed","file HTTP 404",""
"2026-09-26T12:33:09.263Z","mc-mod","https://www.mc-mod.net/schematics/1950s-moses-lake-high-school-building/","1950s-moses-lake-high-school-building.*","","failed","file HTTP 404",""
"2026-09-26T12:33:09.263Z","mc-mod","https://www.mc-mod.net/schematics/small-driving-school/","small-driving-school.*","","failed","file HTTP 404",""
"2026-09-26T12:33:09.263Z","mc-mod","https://www.mc-mod.net/schematics/simple-schoolhouse-structure/","simple-schoolhouse-structure.*","","failed","incompatible format for game: .litematic",""
"2026-09-26T12:33:09.263Z","mc-mod","https://www.mc-mod.net/schematics/medium-school-building/","medium-school-building.*","","failed","incompatible format for game: .litematic",""
"2026-09-26T12:33:09.263Z","mc-mod","https://www.mc-mod.net/schematics/minecraftia-elementary-school-blue-and-white-campus/","minecraftia-elementary-school-blue-and-white-campus.*","","failed","file HTTP 404",""
"2026-09-26T12:33:09.263Z","mc-mod","https://www.mc-mod.net/schematics/city-hospital-with-elevator-10890-blocks/","city-hospital-with-elevator-10890-blocks.*","","failed","incompatible format for game: .nbt",""
"2026-09-26T12:33:09.263Z","mc-mod","https://www.mc-mod.net/schematics/military-medical-academy-hospital-recreation/","military-medical-academy-hospital-recreation.*","","failed","file HTTP 404",""
"2026-09-26T12:33:09.263Z","mc-mod","https://www.mc-mod.net/schematics/compact-hospital-structure/","compact-hospital-structure.*","","failed","file HTTP 404",""
"2026-09-26T12:33:09.263Z","mc-mod","https://www.mc-mod.net/schematics/modern-police-station-smooth-stone-slab/","modern-police-station-smooth-stone-slab.*","","failed","file HTTP 404",""
"2026-09-26T12:33:09.263Z","mc-mod","https://www.mc-mod.net/schematics/police-vehicle/","police-vehicle.*","","failed","file HTTP 404",""
"2026-09-26T12:33:09.263Z","mc-mod","https://www.mc-mod.net/schematics/dream-police-station-structure/","dream-police-station-structure.*","","failed","incompatible format for game: .litematic",""
"2026-09-26T12:33:09.263Z","mc-mod","https://www.mc-mod.net/schematics/ancient-roman-house-design/","ancient-roman-house-design.*","","failed","file HTTP 404",""
"2026-09-26T12:33:09.263Z","mc-mod","https://www.mc-mod.net/schematics/library-garden-stash-43x21x26/","library-garden-stash-43x21x26.*","","failed","incompatible format for game: .litematic",""
"2026-09-26T12:33:09.263Z","mc-mod","https://www.mc-mod.net/schematics/modern-court-house-20x24x37/","modern-court-house-20x24x37.*","","failed","incompatible format for game: .litematic",""
"2026-09-26T12:33:09.263Z","mc-mod","https://www.mc-mod.net/schematics/flower-shop-bloomstand/","flower-shop-bloomstand.*","","failed","incompatible format for game: .litematic",""
"2026-09-26T12:33:09.263Z","mc-mod","https://www.mc-mod.net/schematics/keralis-style-giant-mansion/","keralis-style-giant-mansion.*","","failed","file HTTP 404",""
"2026-09-26T12:33:09.263Z","mc-mod","https://www.mc-mod.net/schematics/simple-port/","simple-port.*","","failed","incompatible format for game: .litematic",""
"2026-09-26T12:33:09.263Z","mc-mod","https://www.mc-mod.net/schematics/minecraft-build-book-house/","minecraft-build-book-house.*","","failed","file HTTP 404",""
"2026-09-26T12:33:09.263Z","mc-mod","https://www.mc-mod.net/schematics/rustic-lakehouse-retreat/","rustic-lakehouse-retreat.*","","failed","incompatible format for game: .litematic",""
"2026-09-26T12:33:09.263Z","mc-mod","https://www.mc-mod.net/schematics/the-owl-house-build/","the-owl-house-build.*","","failed","incompatible format for game: .litematic",""
"2026-09-26T12:33:09.263Z","mc-mod","https://www.mc-mod.net/schematics/small-survival-house-3/","small-survival-house-3.*","","failed","incompatible format for game: .litematic",""
"2026-09-26T12:33:09.263Z","mc-mod","https://www.mc-mod.net/schematics/monster-train-building/","monster-train-building.*","","failed","incompatible format for game: .litematic",""
"2026-09-26T12:33:09.263Z","mc-mod","https://www.mc-mod.net/schematics/small-bakery-32x32-house/","small-bakery-32x32-house.*","","failed","incompatible format for game: .litematic",""
"2026-09-26T12:33:09.263Z","mc-mod","https://www.mc-mod.net/schematics/japanese-style-shop/","japanese-style-shop.*","","failed","incompatible format for game: .litematic",""
"2026-09-26T12:33:09.263Z","mc-mod","https://www.mc-mod.net/schematics/obsidian-coven-house/","obsidian-coven-house.*","","failed","incompatible format for game: .litematic",""
"2026-09-26T12:33:09.263Z","mc-mod","https://www.mc-mod.net/schematics/dark-oak-starter-house-25x24-base/","dark-oak-starter-house-25x24-base.*","","failed","incompatible format for game: .litematic",""
"2026-09-26T12:33:09.263Z","mc-mod","https://www.mc-mod.net/schematics/generative-survival-house/","generative-survival-house.*","","failed","incompatible format for game: .litematic",""
"2026-09-26T12:33:09.263Z","mc-mod","https://www.mc-mod.net/schematics/fallout-3-rubble-house/","fallout-3-rubble-house.*","","failed","file HTTP 404",""
"2026-09-26T12:33:09.263Z","mc-mod","https://www.mc-mod.net/schematics/luxury-villa-with-courtyard-and-pool/","luxury-villa-with-courtyard-and-pool.*","","failed","file HTTP 404",""
"2026-09-26T12:33:09.263Z","mc-mod","https://www.mc-mod.net/schematics/hidden-wooden-house/","hidden-wooden-house.*","","failed","file HTTP 404",""
"2026-09-26T12:33:09.263Z","mc-mod","https://www.mc-mod.net/schematics/dark-house-2/","dark-house-2.*","","failed","incompatible format for game: .litematic",""
"2026-09-26T12:33:09.263Z","mc-mod","https://www.mc-mod.net/schematics/modern-villa-with-survival-features/","modern-villa-with-survival-features.*","","failed","file HTTP 404",""
"2026-09-26T12:33:09.263Z","mc-mod","https://www.mc-mod.net/schematics/blackstone-house-design/","blackstone-house-design.*","","failed","incompatible format for game: .litematic",""
"2026-09-26T12:33:09.263Z","mc-mod","https://www.mc-mod.net/schematics/fire-truck-vehicle/","fire-truck-vehicle.*","","failed","file HTTP 404",""
"2026-09-26T12:33:09.263Z","mc-mod","https://www.mc-mod.net/schematics/avalon-cityscape/","avalon-cityscape.*","","failed","file HTTP 404",""
"2026-09-26T12:33:09.263Z","mc-mod","https://www.mc-mod.net/schematics/avalon-manor-house/","avalon-manor-house.*","","failed","file HTTP 404",""
"2026-09-26T12:33:09.263Z","mc-mod","https://www.mc-mod.net/schematics/portuguese-style-house/","portuguese-style-house.*","","failed","file HTTP 404",""
"2026-09-26T12:33:09.263Z","mc-mod","https://www.mc-mod.net/schematics/lapis-and-pickaxe-shop-medium-house/","lapis-and-pickaxe-shop-medium-house.*","","failed","file HTTP 404",""
"2026-09-26T12:33:09.263Z","mc-mod","https://www.mc-mod.net/schematics/large-survival-mansion-house/","large-survival-mansion-house.*","","failed","file HTTP 404",""
"2026-09-26T12:33:09.263Z","mc-mod","https://www.mc-mod.net/schematics/spooky-monster-house/","spooky-monster-house.*","","failed","incompatible format for game: .litematic",""
"2026-09-26T12:33:09.263Z","mc-mod","https://www.mc-mod.net/schematics/modern-gas-station-with-store/","modern-gas-station-with-store.*","","failed","file HTTP 404",""
"2026-09-26T12:33:09.263Z","mc-mod","https://www.mc-mod.net/schematics/fallout-3-style-power-station/","fallout-3-style-power-station.*","","failed","file HTTP 404",""
"2026-09-26T12:33:09.263Z","mc-mod","https://www.mc-mod.net/schematics/fallout-3-inspired-substation/","fallout-3-inspired-substation.*","","failed","file HTTP 404",""
"2026-09-26T12:33:09.263Z","mc-mod","https://www.mc-mod.net/schematics/modern-gas-station-truck-stop/","modern-gas-station-truck-stop.*","","failed","file HTTP 404",""
"2026-09-26T12:33:09.263Z","mc-mod","https://www.mc-mod.net/schematics/simple-train-station/","simple-train-station.*","","failed","file HTTP 404",""
"2026-09-26T12:33:09.263Z","mc-mod","https://www.mc-mod.net/schematics/small-carwash-station/","small-carwash-station.*","","failed","file HTTP 404",""
"2026-09-26T12:33:09.263Z","mc-mod","https://www.mc-mod.net/schematics/modern-gas-station-exterior/","modern-gas-station-exterior.*","","failed","file HTTP 404",""
"2026-09-26T12:33:09.263Z","mc-mod","https://www.mc-mod.net/schematics/rustic-furnished-wooden-house/","rustic-furnished-wooden-house.*","","failed","file HTTP 404",""
"2026-09-26T12:33:09.263Z","mc-mod","https://www.mc-mod.net/schematics/metro-train-pass/","metro-train-pass.*","","failed","file HTTP 404",""
"2026-09-26T12:33:09.263Z","mc-mod","https://www.mc-mod.net/schematics/vintage-train-station-building/","vintage-train-station-building.*","","failed","file HTTP 404",""
"2026-09-26T12:33:09.263Z","mc-mod","https://www.mc-mod.net/schematics/elevated-railway-station/","elevated-railway-station.*","","failed","file HTTP 404",""
"2026-09-26T12:33:09.263Z","mc-mod","https://www.mc-mod.net/schematics/underground-metro-station-design/","underground-metro-station-design.*","","failed","file HTTP 404",""
"2026-09-26T12:33:09.263Z","mc-mod","https://www.mc-mod.net/schematics/elevated-metro-station-exterior/","elevated-metro-station-exterior.*","","failed","file HTTP 404",""
"2026-09-26T12:33:09.263Z","mc-mod","https://www.mc-mod.net/schematics/elevated-metro-station-with-side-platform/","elevated-metro-station-with-side-platform.*","","failed","file HTTP 404",""
"2026-09-26T12:33:09.263Z","mc-mod","https://www.mc-mod.net/schematics/elevated-metro-station-building/","elevated-metro-station-building.*","","failed","file HTTP 404",""
"2026-09-26T12:33:09.263Z","mc-mod","https://www.mc-mod.net/schematics/underground-metro-station/","underground-metro-station.*","","failed","file HTTP 404",""
"2026-09-26T12:33:09.263Z","mc-mod","https://www.mc-mod.net/schematics/functional-train-station/","functional-train-station.*","","failed","file HTTP 404",""
"2026-09-26T12:33:09.263Z","mc-mod","https://www.mc-mod.net/schematics/classic-train-station-design/","classic-train-station-design.*","","failed","file HTTP 404",""
"2026-09-26T12:33:09.263Z","mc-mod","https://www.mc-mod.net/schematics/sand-palace-station/","sand-palace-station.*","","failed","file HTTP 404",""
"2026-09-26T12:33:09.263Z","mc-mod","https://www.mc-mod.net/schematics/western-train-station-structure/","western-train-station-structure.*","","failed","file HTTP 404",""
"2026-09-26T12:33:09.263Z","mc-mod","https://www.mc-mod.net/schematics/modern-train-station-design/","modern-train-station-design.*","","failed","file HTTP 404",""
"2026-09-26T12:33:09.263Z","mc-mod","https://www.mc-mod.net/schematics/metro-train-station/","metro-train-station.*","","failed","file HTTP 404",""
"2026-09-26T12:33:09.263Z","mc-mod","https://www.mc-mod.net/schematics/thaumaturges-magical-residence/","thaumaturges-magical-residence.*","","failed","file HTTP 404",""
"2026-09-26T12:33:09.263Z","mc-mod","https://www.mc-mod.net/schematics/addexio-train-track-structure/","addexio-train-track-structure.*","","failed","file HTTP 404",""
"2026-09-26T12:33:09.263Z","mc-mod","https://www.mc-mod.net/schematics/futuristic-vehicle-station-quartz-design/","futuristic-vehicle-station-quartz-design.*","","failed","file HTTP 404",""
"2026-09-26T12:33:09.263Z","mc-mod","https://www.mc-mod.net/schematics/futuristic-vehicle-station-medium-build/","futuristic-vehicle-station-medium-build.*","","failed","file HTTP 404",""
"2026-09-26T12:33:09.263Z","mc-mod","https://www.mc-mod.net/schematics/futuristic-station-for-vehicles/","futuristic-station-for-vehicles.*","","failed","file HTTP 404",""
"2026-09-26T12:33:09.263Z","mc-mod","https://www.mc-mod.net/schematics/trainyard-automatic-refill-station/","trainyard-automatic-refill-station.*","","failed","file HTTP 404",""
"2026-09-26T12:33:09.263Z","mc-mod","https://www.mc-mod.net/schematics/underground-metro-station-with-blue-train/","underground-metro-station-with-blue-train.*","","failed","file HTTP 404",""
"2026-09-26T12:33:09.263Z","mc-mod","https://www.mc-mod.net/schematics/small-gas-station-with-custom-blocks/","small-gas-station-with-custom-blocks.*","","failed","file HTTP 404",""
"2026-09-26T12:33:09.263Z","mc-mod","https://www.mc-mod.net/schematics/minecraft-gas-station-build-2/","minecraft-gas-station-build-2.*","","failed","file HTTP 404",""
"2026-09-26T12:33:09.263Z","mc-mod","https://www.mc-mod.net/schematics/orbital-station/","orbital-station.*","","failed","file HTTP 404",""
"2026-09-26T12:33:09.263Z","mc-mod","https://www.mc-mod.net/schematics/minecraft-railway-station/","minecraft-railway-station.*","","failed","file HTTP 404",""
"2026-09-26T12:33:09.263Z","mc-mod","https://www.mc-mod.net/schematics/kokotonis-furnished-tower/","kokotonis-furnished-tower.*","","failed","file HTTP 404",""
"2026-09-26T12:33:09.263Z","mc-mod","https://www.mc-mod.net/schematics/light-rail-transit-station/","light-rail-transit-station.*","","failed","file HTTP 404",""
"2026-09-26T12:33:09.263Z","mc-mod","https://www.mc-mod.net/schematics/two-story-house-with-attic-and-balcony/","two-story-house-with-attic-and-balcony.*","","failed","file HTTP 404",""
"2026-09-26T12:33:09.263Z","mc-mod","https://www.mc-mod.net/schematics/large-ranch-style-minimalist-house/","large-ranch-style-minimalist-house.*","","failed","file HTTP 404",""
"2026-09-26T12:33:09.263Z","mc-mod","https://www.mc-mod.net/schematics/survival-mansion-2-story-build/","survival-mansion-2-story-build.*","","failed","file HTTP 404",""
"2026-09-26T12:33:09.263Z","mc-mod","https://www.mc-mod.net/schematics/create-mod-basic-workshop/","create-mod-basic-workshop.*","","failed","incompatible format for game: .nbt",""
"2026-09-26T12:33:09.263Z","mc-mod","https://www.mc-mod.net/schematics/16x16-plains-train-station/","16x16-plains-train-station.*","","failed","incompatible format for game: .nbt",""
"2026-09-26T12:33:09.263Z","mc-mod","https://www.mc-mod.net/schematics/asus-professional-workstation-motherboard-schematic/","asus-professional-workstation-motherboard-schematic.*","","failed","file HTTP 404",""
"2026-09-26T12:33:09.263Z","mc-mod","https://www.mc-mod.net/schematics/small-steam-locomotive/","small-steam-locomotive.*","","failed","incompatible format for game: .litematic",""
"2026-09-26T12:33:09.263Z","mc-mod","https://www.mc-mod.net/schematics/asus-workstation-motherboard-voxel-art/","asus-workstation-motherboard-voxel-art.*","","failed","file HTTP 404",""
"2026-09-26T12:33:09.263Z","mc-mod","https://www.mc-mod.net/schematics/piglin-barter-station-design/","piglin-barter-station-design.*","","failed","incompatible format for game: .litematic",""
"2026-09-26T12:33:09.263Z","mc-mod","https://www.mc-mod.net/schematics/small-church/","small-church.*","","failed","file HTTP 404",""
"2026-09-26T12:33:09.263Z","mc-mod","https://www.mc-mod.net/schematics/stone-church-building/","stone-church-building.*","","failed","file HTTP 404",""
"2026-09-26T12:33:09.263Z","mc-mod","https://www.mc-mod.net/schematics/mystical-church-structure/","mystical-church-structure.*","","failed","file HTTP 404",""
"2026-09-26T12:33:09.263Z","mc-mod","https://www.mc-mod.net/schematics/simple-minecraft-church-building/","simple-minecraft-church-building.*","","failed","file HTTP 404",""
"2026-09-26T12:33:09.263Z","mc-mod","https://www.mc-mod.net/schematics/st-pancras-old-church-exterior-replica/","st-pancras-old-church-exterior-replica.*","","failed","file HTTP 404",""
"2026-09-26T12:33:09.263Z","mc-mod","https://www.mc-mod.net/schematics/hamburg-michel-church-structure/","hamburg-michel-church-structure.*","","failed","file HTTP 404",""
"2026-09-26T12:33:09.263Z","mc-mod","https://www.mc-mod.net/schematics/large-stone-and-quartz-church/","large-stone-and-quartz-church.*","","failed","file HTTP 404",""
"2026-09-26T12:33:09.263Z","mc-mod","https://www.mc-mod.net/schematics/mountain-church-with-stained-glass/","mountain-church-with-stained-glass.*","","failed","incompatible format for game: .litematic",""
"2026-09-26T12:33:09.263Z","mc-mod","https://www.mc-mod.net/schematics/rural-style-old-small-church/","rural-style-old-small-church.*","","failed","incompatible format for game: .litematic",""
"2026-09-26T12:33:09.263Z","mc-mod","https://www.mc-mod.net/schematics/church-building/","church-building.*","","failed","incompatible format for game: .litematic",""
"2026-09-26T12:33:09.263Z","mc-mod","https://www.mc-mod.net/schematics/sant-joan-de-caselles-church/","sant-joan-de-caselles-church.*","","failed","incompatible format for game: .litematic",""
"2026-09-26T12:33:09.263Z","mc-mod","https://www.mc-mod.net/schematics/old-church-structure/","old-church-structure.*","","failed","file HTTP 404",""
"2026-09-26T12:33:09.263Z","mc-mod","https://www.mc-mod.net/schematics/sandstone-church-structure/","sandstone-church-structure.*","","failed","incompatible format for game: .litematic",""
"2026-09-26T12:33:09.263Z","mc-mod","https://www.mc-mod.net/schematics/elegant-minecraft-church-building/","elegant-minecraft-church-building.*","","failed","incompatible format for game: .litematic",""
"2026-09-26T12:33:09.263Z","mc-mod","https://www.mc-mod.net/schematics/akureyri/","akureyri.*","","failed","incompatible format for game: .litematic",""
"2026-09-26T12:33:09.263Z","mc-mod","https://www.mc-mod.net/schematics/sacred-blood-gothic-church/","sacred-blood-gothic-church.*","","failed","incompatible format for game: .litematic",""
"2026-09-26T12:33:09.263Z","mc-mod","https://www.mc-mod.net/schematics/christ-resurrection-church/","christ-resurrection-church.*","","failed","incompatible format for game: .litematic",""
"2026-09-26T12:33:09.263Z","mc-mod","https://www.mc-mod.net/schematics/grand-gothic-cathedral-with-detailed-interior/","grand-gothic-cathedral-with-detailed-interior.*","","failed","incompatible format for game: .litematic",""
"2026-09-26T12:33:09.263Z","mc-mod","https://www.mc-mod.net/schematics/baseball-stadium/","baseball-stadium.*","","failed","file HTTP 404",""
"2026-09-26T12:33:09.263Z","mc-mod","https://www.mc-mod.net/schematics/full-size-soccer-stadium-with-seating-and-roof/","full-size-soccer-stadium-with-seating-and-roof.*","","failed","file HTTP 404",""
"2026-09-26T12:33:09.263Z","mc-mod","https://www.mc-mod.net/schematics/futuristic-stadium-wall-section/","futuristic-stadium-wall-section.*","","failed","file HTTP 404",""
"2026-09-26T12:33:09.263Z","mc-mod","https://www.mc-mod.net/schematics/futuristic-stadium-entrance-gate/","futuristic-stadium-entrance-gate.*","","failed","file HTTP 404",""
"2026-09-26T12:33:09.263Z","mc-mod","https://www.mc-mod.net/schematics/futuristic-stadium-panel/","futuristic-stadium-panel.*","","failed","file HTTP 404",""
"2026-09-26T12:33:09.263Z","mc-mod","https://www.mc-mod.net/schematics/futuristic-stadium-angle-section/","futuristic-stadium-angle-section.*","","failed","file HTTP 404",""
"2026-09-26T12:33:09.263Z","mc-mod","https://www.mc-mod.net/schematics/football-stadium/","football-stadium.*","","failed","file HTTP 404",""
"2026-09-26T12:33:09.263Z","mc-mod","https://www.mc-mod.net/schematics/santiago-bernabeu-stadium/","santiago-bernabeu-stadium.*","","failed","incompatible format for game: .litematic",""
"2026-09-26T12:33:09.263Z","mc-mod","https://www.mc-mod.net/schematics/camp-nou-stadium-of-barcelona/","camp-nou-stadium-of-barcelona.*","","failed","incompatible format for game: .litematic",""
"2026-09-26T12:33:09.263Z","mc-mod","https://www.mc-mod.net/schematics/soccer-stadium-structure/","soccer-stadium-structure.*","","failed","incompatible format for game: .litematic",""
"2026-09-26T12:33:09.263Z","mc-mod","https://www.mc-mod.net/schematics/independiente-football-stadium/","independiente-football-stadium.*","","failed","incompatible format for game: .litematic",""
"2026-09-26T12:33:09.263Z","mc-mod","https://www.mc-mod.net/schematics/football-stadium-with-stands/","football-stadium-with-stands.*","","failed","incompatible format for game: .litematic",""
"2026-09-26T12:33:09.263Z","mc-mod","https://www.mc-mod.net/schematics/minecraft-soccer-stadium-schematic/","minecraft-soccer-stadium-schematic.*","","failed","file HTTP 404",""
"2026-09-26T12:33:09.263Z","mc-mod","https://www.mc-mod.net/schematics/la-bombonera-stadium-recreation/","la-bombonera-stadium-recreation.*","","failed","incompatible format for game: .litematic",""
"2026-09-26T12:33:09.263Z","mc-mod","https://www.mc-mod.net/schematics/la-bombonera-boca-juniors-soccer-stadium/","la-bombonera-boca-juniors-soccer-stadium.*","","failed","incompatible format for game: .litematic",""
"2026-09-26T12:33:09.263Z","mc-mod","https://www.mc-mod.net/schematics/small-oak-modern-house/","small-oak-modern-house.*","","failed","file HTTP 404",""
"2026-09-26T12:33:09.263Z","mc-mod","https://www.mc-mod.net/schematics/average-decor-house/","average-decor-house.*","","failed","file HTTP 404",""
"2026-09-26T12:33:09.263Z","mc-mod","https://www.mc-mod.net/schematics/cute-fox-house-structure/","cute-fox-house-structure.*","","failed","incompatible format for game: .litematic",""
"2026-09-26T12:33:09.263Z","mc-mod","https://www.mc-mod.net/schematics/small-asian-style-house/","small-asian-style-house.*","","failed","file HTTP 404",""
"2026-09-26T12:33:09.263Z","mc-mod","https://www.mc-mod.net/schematics/small-faction-base-for-hardcore-players/","small-faction-base-for-hardcore-players.*","","failed","file HTTP 404",""
"2026-09-26T12:33:09.263Z","mc-mod","https://www.mc-mod.net/schematics/starter-wood-house-small-footprint/","starter-wood-house-small-footprint.*","","failed","incompatible format for game: .litematic",""
"2026-09-26T12:33:09.263Z","mc-mod","https://www.mc-mod.net/schematics/small-fancy-wooden-house/","small-fancy-wooden-house.*","","failed","file HTTP 404",""
"2026-09-26T12:33:09.263Z","mc-mod","https://www.mc-mod.net/schematics/small-wooden-shop-with-multiple-entrances/","small-wooden-shop-with-multiple-entrances.*","","failed","file HTTP 404",""
"2026-09-26T12:33:09.263Z","mc-mod","https://www.mc-mod.net/schematics/pink-roof-starter-house/","pink-roof-starter-house.*","","failed","incompatible format for game: .litematic",""
"2026-09-26T12:33:09.263Z","mc-mod","https://www.mc-mod.net/schematics/small-wooden-mansion/","small-wooden-mansion.*","","failed","incompatible format for game: .litematic",""
"2026-09-26T12:33:09.263Z","mc-mod","https://www.mc-mod.net/schematics/small-chapel-structure/","small-chapel-structure.*","","failed","file HTTP 404",""
"2026-09-26T12:33:09.263Z","mc-mod","https://www.mc-mod.net/schematics/small-shop-building/","small-shop-building.*","","failed","file HTTP 404",""
"2026-09-26T12:33:09.263Z","mc-mod","https://www.mc-mod.net/schematics/quartz-spruce-small-house/","quartz-spruce-small-house.*","","failed","file HTTP 404",""
"2026-09-26T12:33:09.263Z","mc-mod","https://www.mc-mod.net/schematics/small-spade-shop/","small-spade-shop.*","","failed","file HTTP 404",""
"2026-09-26T12:33:09.263Z","mc-mod","https://www.mc-mod.net/schematics/charming-small-house-shop/","charming-small-house-shop.*","","failed","file HTTP 404",""
"2026-09-26T12:33:09.263Z","mc-mod","https://www.mc-mod.net/schematics/compact-quartz-modern-house/","compact-quartz-modern-house.*","","failed","file HTTP 404",""
"2026-09-26T12:33:09.263Z","mc-mod","https://www.mc-mod.net/schematics/small-open-cafe-design/","small-open-cafe-design.*","","failed","file HTTP 404",""
"2026-09-26T12:33:09.263Z","mc-mod","https://www.mc-mod.net/schematics/simple-small-house/","simple-small-house.*","","failed","file HTTP 404",""
"2026-09-26T12:33:09.263Z","mc-mod","https://www.mc-mod.net/schematics/small-waterfront-house/","small-waterfront-house.*","","failed","file HTTP 404",""
"2026-09-26T12:33:09.263Z","mc-mod","https://www.mc-mod.net/schematics/small-house-with-garden-path/","small-house-with-garden-path.*","","failed","file HTTP 404",""
"2026-09-26T12:33:09.263Z","mc-mod","https://www.mc-mod.net/schematics/small-miscellaneous-structure-2/","small-miscellaneous-structure-2.*","","failed","file HTTP 404",""
"2026-09-26T12:33:09.263Z","mc-mod","https://www.mc-mod.net/schematics/fallout-3-player-shack-house/","fallout-3-player-shack-house.*","","failed","file HTTP 404",""
"2026-09-26T12:33:09.263Z","mc-mod","https://www.mc-mod.net/schematics/modern-small-to-medium-futuristic-house/","modern-small-to-medium-futuristic-house.*","","failed","file HTTP 404",""
"2026-09-26T12:33:09.263Z","mc-mod","https://www.mc-mod.net/schematics/quaint-library-structure/","quaint-library-structure.*","","failed","file HTTP 404",""
"2026-09-26T12:33:09.263Z","mc-mod","https://www.mc-mod.net/schematics/small-concrete-bus-stop-schematic/","small-concrete-bus-stop-schematic.*","","failed","file HTTP 404",""
"2026-09-26T12:33:09.263Z","mc-mod","https://www.mc-mod.net/schematics/apartment-building-with-shop/","apartment-building-with-shop.*","","failed","file HTTP 404",""
"2026-09-26T12:33:09.263Z","mc-mod","https://www.mc-mod.net/schematics/stone-shop/","stone-shop.*","","failed","incompatible format for game: .litematic",""
"2026-09-26T12:33:09.263Z","mc-mod","https://www.mc-mod.net/schematics/gulhat-shop/","gulhat-shop.*","","failed","incompatible format for game: .litematic",""
"2026-09-26T12:33:09.263Z","mc-mod","https://www.mc-mod.net/schematics/frostforge-winter-workshop/","frostforge-winter-workshop.*","","failed","incompatible format for game: .litematic",""
"2026-09-26T12:33:09.263Z","mc-mod","https://www.mc-mod.net/schematics/giant-bank-structure/","giant-bank-structure.*","","failed","incompatible format for game: .litematic",""
"2026-09-26T12:33:09.263Z","mc-mod","https://www.mc-mod.net/schematics/us-bank-building-schematic/","us-bank-building-schematic.*","","failed","incompatible format for game: .litematic",""
"2026-09-26T12:33:09.263Z","mc-mod","https://www.mc-mod.net/schematics/library-building/","library-building.*","","failed","incompatible format for game: .litematic",""
"2026-09-26T12:33:09.263Z","mc-mod","https://www.mc-mod.net/schematics/modern-house-with-pool/","modern-house-with-pool.*","","failed","incompatible format for game: .mcstructure",""
"2026-09-26T12:33:09.263Z","mc-mod","https://www.mc-mod.net/schematics/amethyst-library-mansion/","amethyst-library-mansion.*","","failed","incompatible format for game: .litematic",""
"2026-09-26T12:33:09.263Z","mc-mod","https://www.mc-mod.net/schematics/andalusian-lattice-house-overgrown/","andalusian-lattice-house-overgrown.*","","failed","incompatible format for game: .litematic",""
"2026-09-26T12:33:09.263Z","mc-mod","https://www.mc-mod.net/schematics/grand-library-and-trading-hall/","grand-library-and-trading-hall.*","","failed","incompatible format for game: .litematic",""
"2026-09-26T12:33:09.263Z","mc-mod","https://www.mc-mod.net/schematics/mountain-library-structure/","mountain-library-structure.*","","failed","incompatible format for game: .litematic",""
"2026-09-26T12:33:09.263Z","mc-mod","https://www.mc-mod.net/schematics/steampunk-house-design/","steampunk-house-design.*","","failed","incompatible format for game: .litematic",""
"2026-09-26T12:33:09.263Z","mc-mod","https://www.mc-mod.net/schematics/elegant-modern-two-story-house/","elegant-modern-two-story-house.*","","failed","incompatible format for game: .litematic",""
"2026-09-26T12:33:09.263Z","mc-mod","https://www.mc-mod.net/schematics/library-observatory/","library-observatory.*","","failed","incompatible format for game: .litematic",""
"2026-09-26T12:33:09.263Z","mc-mod","https://www.mc-mod.net/schematics/massive-library-structure/","massive-library-structure.*","","failed","incompatible format for game: .litematic",""
"2026-09-26T12:33:09.263Z","mc-mod","https://www.mc-mod.net/schematics/rustic-library-trading-hall/","rustic-library-trading-hall.*","","failed","incompatible format for game: .litematic",""
"2026-09-26T12:33:09.263Z","mc-mod","https://www.mc-mod.net/schematics/two-story-library-building/","two-story-library-building.*","","failed","incompatible format for game: .litematic",""
"2026-09-26T12:33:09.263Z","mc-mod","https://www.mc-mod.net/schematics/acacia-copper-savanna-house/","acacia-copper-savanna-house.*","","failed","incompatible format for game: .litematic",""
"2026-09-26T12:33:09.263Z","mc-mod","https://www.mc-mod.net/schematics/minecraft-1-21-museum-hardcore-build/","minecraft-1-21-museum-hardcore-build.*","","failed","incompatible format for game: .litematic",""
"2026-09-26T12:33:09.263Z","mc-mod","https://www.mc-mod.net/schematics/god-armor-museum/","god-armor-museum.*","","failed","incompatible format for game: .litematic",""
"2026-09-26T12:33:09.263Z","mc-mod","https://www.mc-mod.net/schematics/minecraft-item-and-block-museum/","minecraft-item-and-block-museum.*","","failed","incompatible format for game: .litematic",""
"2026-09-26T12:33:09.263Z","mc-mod","https://www.mc-mod.net/schematics/white-museum-structure/","white-museum-structure.*","","failed","incompatible format for game: .litematic",""
"2026-09-26T12:33:09.263Z","mc-mod","https://www.mc-mod.net/schematics/art-and-archaeology-museum/","art-and-archaeology-museum.*","","failed","incompatible format for game: .litematic",""
"2026-09-26T12:33:09.263Z","mc-mod","https://www.mc-mod.net/schematics/modern-apartment-with-rooftop-terrace/","modern-apartment-with-rooftop-terrace.*","","failed","incompatible format for game: .mcstructure",""
"2026-09-26T12:33:09.263Z","mc-mod","https://www.mc-mod.net/schematics/nakano-apartment-building-recreation/","nakano-apartment-building-recreation.*","","failed","incompatible format for game: .litematic",""
"2026-09-26T12:33:09.263Z","mc-mod","https://www.mc-mod.net/schematics/six-story-wooden-apartment-building/","six-story-wooden-apartment-building.*","","failed","incompatible format for game: .litematic",""
"2026-09-26T12:33:09.263Z","mc-mod","https://www.mc-mod.net/schematics/modern-apartment-building/","modern-apartment-building.*","","failed","incompatible format for game: .litematic",""
"2026-09-26T12:33:09.263Z","mc-mod","https://www.mc-mod.net/schematics/modern-two-bedroom-apartment/","modern-two-bedroom-apartment.*","","failed","incompatible format for game: .litematic",""
"2026-09-26T12:33:09.263Z","mc-mod","https://www.mc-mod.net/schematics/apartment-building-with-12-units/","apartment-building-with-12-units.*","","failed","incompatible format for game: .litematic",""
"2026-09-26T12:33:09.263Z","mc-mod","https://www.mc-mod.net/schematics/large-nyc-style-apartment-building/","large-nyc-style-apartment-building.*","","failed","incompatible format for game: .litematic",""
"2026-09-26T12:33:09.263Z","mc-mod","https://www.mc-mod.net/schematics/compact-three-car-asphalt-parking-lot/","compact-three-car-asphalt-parking-lot.*","","failed","incompatible format for game: .litematic",""
"2026-09-26T12:33:09.263Z","mc-mod","https://www.mc-mod.net/schematics/modular-train-build/","modular-train-build.*","","failed","incompatible format for game: .litematic",""
"2026-09-26T12:33:09.263Z","mc-mod","https://www.mc-mod.net/schematics/underwater-ocean-city/","underwater-ocean-city.*","","failed","incompatible format for game: .litematic",""
"2026-09-26T12:33:09.263Z","mc-mod","https://www.mc-mod.net/schematics/perimetro-trencher-speed-build/","perimetro-trencher-speed-build.*","","failed","incompatible format for game: .litematic",""
"2026-09-26T12:33:09.263Z","mc-mod","https://www.mc-mod.net/schematics/dystopian-arbonville-city-build/","dystopian-arbonville-city-build.*","","failed","incompatible format for game: .litematic",""
"2026-09-26T12:33:09.263Z","mc-mod","https://www.mc-mod.net/schematics/large-house-schematic/","large-house-schematic.*","","failed","incompatible format for game: .litematic",""
"2026-09-26T12:33:09.263Z","mc-mod","https://www.mc-mod.net/schematics/simple-iron-lighthouse/","simple-iron-lighthouse.*","","failed","incompatible format for game: .litematic",""
"2026-09-26T12:33:09.263Z","mc-mod","https://www.mc-mod.net/schematics/giant-magic-lightning-rod-tower/","giant-magic-lightning-rod-tower.*","","failed","incompatible format for game: .litematic",""
"2026-09-26T12:33:09.263Z","mc-mod","https://www.mc-mod.net/schematics/rainbow-stained-glass-lighthouse/","rainbow-stained-glass-lighthouse.*","","failed","incompatible format for game: .litematic",""
"2026-09-26T12:33:09.263Z","mc-mod","https://www.mc-mod.net/schematics/white-and-red-concrete-lighthouse/","white-and-red-concrete-lighthouse.*","","failed","incompatible format for game: .litematic",""
"2026-09-26T12:33:09.263Z","mc-mod","https://www.mc-mod.net/schematics/cliffside-lighthouse-landscape/","cliffside-lighthouse-landscape.*","","failed","incompatible format for game: .litematic",""
"2026-09-26T12:33:09.263Z","mc-mod","https://www.mc-mod.net/schematics/oceanic-lighthouse-structure/","oceanic-lighthouse-structure.*","","failed","incompatible format for game: .litematic",""
"2026-09-26T12:33:09.263Z","mc-mod","https://www.mc-mod.net/schematics/lighthouse/","lighthouse.*","","failed","incompatible format for game: .litematic",""
"2026-09-26T12:33:09.263Z","mc-mod","https://www.mc-mod.net/schematics/ancient-desert-lighthouse-structure/","ancient-desert-lighthouse-structure.*","","failed","incompatible format for game: .litematic",""
"2026-09-26T12:33:09.263Z","mc-mod","https://www.mc-mod.net/schematics/coastal-lighthouse-residence/","coastal-lighthouse-residence.*","","failed","incompatible format for game: .litematic",""
"2026-09-26T12:33:09.263Z","mc-mod","https://www.mc-mod.net/schematics/simple-resource-warehouse-structure/","simple-resource-warehouse-structure.*","","failed","incompatible format for game: .litematic",""
"2026-09-26T12:33:09.263Z","mc-mod","https://www.mc-mod.net/schematics/stone-brick-factory-building/","stone-brick-factory-building.*","","failed","incompatible format for game: .nbt",""
"2026-09-26T12:33:09.263Z","mc-mod","https://www.mc-mod.net/schematics/factory-floor-with-create-blocks-grid-design/","factory-floor-with-create-blocks-grid-design.*","","failed","incompatible format for game: .nbt",""
"2026-09-26T12:33:09.263Z","mc-mod","https://www.mc-mod.net/schematics/waxed-copper-factory-all-variants/","waxed-copper-factory-all-variants.*","","failed","incompatible format for game: .litematic",""
"2026-09-26T12:33:09.263Z","mc-mod","https://www.mc-mod.net/schematics/automated-stone-factory/","automated-stone-factory.*","","failed","incompatible format for game: .litematic",""
"2026-09-26T12:33:09.263Z","mc-mod","https://www.mc-mod.net/schematics/automatic-furnace-factory/","automatic-furnace-factory.*","","failed","incompatible format for game: .litematic",""
"2026-09-26T12:33:09.263Z","mc-mod","https://www.mc-mod.net/schematics/ancient-brick-factory/","ancient-brick-factory.*","","failed","incompatible format for game: .litematic",""
"2026-09-26T12:33:09.263Z","mc-mod","https://www.mc-mod.net/schematics/automatic-concrete-factory/","automatic-concrete-factory.*","","failed","incompatible format for game: .litematic",""
"2026-09-26T12:33:09.263Z","mc-mod","https://www.mc-mod.net/schematics/large-factory/","large-factory.*","","failed","incompatible format for game: .litematic",""
"2026-09-26T12:33:09.263Z","mc-mod","https://www.mc-mod.net/schematics/concrete-factory-with-all-colors/","concrete-factory-with-all-colors.*","","failed","incompatible format for game: .litematic",""
"2026-09-26T12:33:09.263Z","mc-mod","https://www.mc-mod.net/schematics/three-lane-highway-structure/","three-lane-highway-structure.*","","failed","incompatible format for game: .litematic",""
"2026-09-26T12:33:09.263Z","mc-mod","https://www.mc-mod.net/schematics/underwater-train-street-with-sidewalk/","underwater-train-street-with-sidewalk.*","","failed","incompatible format for game: .litematic",""
"2026-09-26T12:33:09.263Z","mc-mod","https://www.mc-mod.net/schematics/four-dutch-style-homes-and-street/","four-dutch-style-homes-and-street.*","","failed","incompatible format for game: .litematic",""
"2026-09-26T12:33:09.263Z","mc-mod","https://www.mc-mod.net/schematics/street-house/","street-house.*","","failed","incompatible format for game: .litematic",""
"2026-09-26T12:33:09.263Z","mc-mod","https://www.mc-mod.net/schematics/street-house-two/","street-house-two.*","","failed","incompatible format for game: .litematic",""
"2026-09-26T12:33:09.263Z","mc-mod","https://www.mc-mod.net/schematics/patrick-stars-rock-house/","patrick-stars-rock-house.*","","failed","incompatible format for game: .litematic",""
"2026-09-27T18:40:13.465Z","buildschematics","https://buildschematics.com/presets/fire-station-building","public_fire-station-building_buildschematics_x.schematic","https://dl2.buildschematics.com/dl2.php?file=Fire-Station-Building.schematic","blocked","Monetag vignette HTML instead of file (both dl hosts)","45x40x45, 6366 blocks; RETRY"
"2026-09-27T18:40:13.465Z","buildschematics","https://buildschematics.com/presets/minecraft-fire-station-and-football-field","public_fire-station-football-field_buildschematics_x.schem","https://dl2.buildschematics.com/dl2.php?file=Minecraft-Fire-Station-And-Football-Field.schem","blocked","Monetag vignette HTML instead of file","89x20x63; RETRY"
"2026-09-27T18:40:13.465Z","buildschematics","https://buildschematics.com/presets/fire-station-house","public_fire-station-house_buildschematics_x.schematic","https://dl2.buildschematics.com/dl2.php?file=Fire-Station-House.schematic","blocked","Monetag vignette HTML instead of file","99x31x121; RETRY"
"2026-09-27T18:40:13.465Z","buildschematics","https://buildschematics.com/presets/city-police-station-building","public_city-police-station_buildschematics_x.schematic","https://dl2.buildschematics.com/dl2.php?file=City-Police-Station-Building.schematic","blocked","Monetag vignette HTML instead of file","25x17x32; RETRY"
"2026-09-27T18:40:13.465Z","buildschematics","https://buildschematics.com/presets/modern-police-station-design","public_modern-police-station_buildschematics_x.schematic","https://dl2.buildschematics.com/dl2.php?file=Modern-Police-Station-Design.schematic","blocked","Monetag vignette HTML instead of file","47x26x71; RETRY"
"2026-09-27T18:40:13.465Z","buildschematics","https://buildschematics.com/presets/modern-hospital-building","public_modern-hospital_buildschematics_x.schematic","https://dl2.buildschematics.com/dl2.php?file=Modern-Hospital-Building.schematic","blocked","Monetag vignette HTML instead of file","20x16x32; RETRY"
"2026-09-27T18:40:13.465Z","buildschematics","https://buildschematics.com/presets/two-story-hospital-building","public_hospital-2-story_buildschematics_x.schematic","https://dl2.buildschematics.com/dl2.php?file=Two-Story-Hospital-Building.schematic","blocked","Monetag vignette HTML instead of file","63x17x35; RETRY"
"2026-09-27T18:40:13.465Z","buildschematics","https://buildschematics.com/presets/villager-farm","industrial_villager-farm_buildschematics_x.schem","https://dl2.buildschematics.com/dl2.php?file=Villager-Farm.schem","blocked","Monetag vignette HTML instead of file","17x5x20 farm; RETRY"
"2026-09-27T18:40:13.465Z","buildschematics","https://buildschematics.com/presets/rustic-farmhouse-with-shop-and-garden","residential_rustic-farmhouse_buildschematics_x.schem","https://dl2.buildschematics.com/dl2.php?file=Rustic-Farmhouse-With-Shop-And-Garden.schem","blocked","Monetag vignette HTML instead of file","16x16x14; RETRY"
"2026-09-27T18:40:13.465Z","mcbuild","https://mcbuild.org/schematics/9074:fire-station","public_fire-station-matthew_mcbuild_x.schem","https://mcbuild.org/download/schematic=9074?format=schem","blocked","HTML interstitial even with session+cookies","same author series 9074-9076; RETRY"
"2026-09-27T18:40:13.465Z","mcbuild","https://mcbuild.org/schematics/9076:police-station","public_police-station-matthew_mcbuild_x.schem","https://mcbuild.org/download/schematic=9076?format=schem","blocked","HTML interstitial even with session+cookies","RETRY"
"2026-09-27T18:40:13.465Z","mcbuild","https://mcbuild.org/schematics/16851:fire-station","public_fire-station-tower_mcbuild_x.schem","https://mcbuild.org/download/schematic=16851?format=schem","blocked","HTML interstitial","fire tower 1.14.4; RETRY"
"2026-09-27T18:40:13.465Z","mcbuild","https://mcbuild.org/schematics/4701:school","public_school-deltanathan_mcbuild_x.schem","https://mcbuild.org/download/schematic=4701?format=schem","blocked","HTML interstitial","furnished modern school; RETRY"
"2026-09-27T18:40:13.465Z","mcbuild","https://mcbuild.org/schematics/5721:hospital","public_hospital-xtacx_mcbuild_x.schem","https://mcbuild.org/download/schematic=5721?format=schem","blocked","HTML interstitial","RETRY"
"2026-09-27T18:40:13.465Z","mcbuild","https://mcbuild.org/schematics/6676:modern-hospital","public_modern-hospital_mcbuild_x.schem","https://mcbuild.org/download/schematic=6676?format=schem","blocked","HTML interstitial","with helipad; RETRY"
"2026-09-27T18:40:13.465Z","mcbuild","https://mcbuild.org/schematics/7669:furnished-hospital","public_hospital-carp_mcbuild_x.schem","https://mcbuild.org/download/schematic=7669?format=schem","blocked","HTML interstitial","RETRY"
"2026-09-27T18:40:13.465Z","mcbuild","https://mcbuild.org/schematics/3960:large-farm","industrial_large-farm_mcbuild_x.schem","https://mcbuild.org/download/schematic=3960?format=schem","blocked","HTML interstitial","wheat/carrots/potatoes + chicken; RETRY"
"2026-09-27T18:40:13.465Z","mcbuild","https://mcbuild.org/schematics/8040:bus-depot","transport_bus-depot_mcbuild_x.schem","https://mcbuild.org/download/schematic=8040?format=schem","blocked","HTML interstitial","17 zones + parking; RETRY"
"2026-09-27T18:40:13.465Z","mcbuild","https://mcbuild.org/schematics/18572:factory-building","industrial_factory-building_mcbuild_x.schem","https://mcbuild.org/download/schematic=18572?format=schem","blocked","HTML interstitial","RETRY"
"2026-09-27T18:40:13.465Z","mcbuild","https://mcbuild.org/schematics/3411:bmc-mixed-use-building-updated","residential_bmc-mixed-use_mcbuild_x.schem","https://mcbuild.org/download/schematic=3411?format=schem","blocked","HTML interstitial","7 floors 51 apartments; RETRY"
"2026-09-27T18:40:13.465Z","mcbuild","https://mcbuild.org/schematics/7508:market-hall","commercial_market-hall_mcbuild_x.schem","https://mcbuild.org/download/schematic=7508?format=schem","blocked","HTML interstitial","4 floors 8 shops; RETRY"
"2026-09-27T18:40:13.465Z","mcbuild","https://mcbuild.org/schematics/2990:power-plant","industrial_power-plant_mcbuild_x.schem","https://mcbuild.org/download/schematic=2990?format=schem","blocked","HTML interstitial","cooling tower; RETRY"
"2026-09-27T18:40:13.465Z","mcbuild","https://mcbuild.org/schematics/12110:mccready-grocery-store","commercial_grocery-store_mcbuild_x.schem","https://mcbuild.org/download/schematic=12110?format=schem","blocked","HTML interstitial","RETRY"
"2026-09-27T18:40:13.465Z","mcbuild","https://mcbuild.org/schematics/16877:shopping-centre-2","commercial_shopping-centre_mcbuild_x.schem","https://mcbuild.org/download/schematic=16877?format=schem","blocked","HTML interstitial","RETRY"
"2026-09-27T18:40:13.465Z","mcbuild","https://mcbuild.org/schematics/18591:football-stadium","public_football-stadium_mcbuild_x.schematic","https://mcbuild.org/download/schematic=18591?format=schematic","blocked","HTML interstitial","legacy .schematic only; RETRY"
"2026-09-27T18:40:13.465Z","mcbuild","https://mcbuild.org/schematics/1171:hotel/hospital/office/shop-building","commercial_multi-purpose_mcbuild_x.schem","https://mcbuild.org/download/schematic=1171?format=schem","blocked","HTML interstitial","RETRY"
"2026-09-27T18:40:13.465Z","mcbuild","https://mcbuild.org/schematics/5997:911-vehicle-unit","vehicles_911-unit_mcbuild_x.schem","https://mcbuild.org/download/schematic=5997?format=schem","blocked","HTML interstitial","firetruck+ambulance+police car; RETRY"
"2026-09-27T18:40:13.465Z","mc-mod","https://www.mc-mod.net/schematics/elevated-metro-station-with-side-platform/","transport_metro-station_mc-mod_x.schematic","https://dl2.mc-mod.net/dl2.php?file=Elevated-Metro-Station-With-Side-Platform.schematic","blocked","same ad-gate family HTML","25x17x35, 4822 blocks; RETRY"
"2026-09-27T18:40:13.465Z","minecraft-schematics.com","https://www.minecraft-schematics.com/schematic/4644/","public_fire-station-4644_msc_x.schematic","https://www.minecraft-schematics.com/schematic/4644/download/","blocked","HTTP 403 Cloudflare","fire station + 3 trucks, 2014 legacy; RETRY"
"2026-09-28T08:18:30.333Z","mc-mod","https://www.mc-mod.net/schematics/magenta-storage-container/","decor_magenta-storage-container_mc-mod_1.21.8.schem","https://dl2.9minecraft.net/dl2storage800/Magenta-Storage-Container.schem","downloaded","","7x6x19, 398 blocks"
"2026-09-28T08:18:30.675Z","mc-mod","https://www.mc-mod.net/schematics/blue-container-outdoor-decoration/","decor_blue-container-outdoor-decoration_mc-mod_1.21.8.schem","https://dl2.9minecraft.net/dl2storage800/Blue-Container-Outdoor-Decoration.schem","downloaded","","7x6x19, 406 blocks"
"2026-09-28T08:18:31.044Z","mc-mod","https://www.mc-mod.net/schematics/pink-container-decoration/","decor_pink-container-decoration_mc-mod_1.21.8.schem","https://dl2.9minecraft.net/dl2storage800/Pink-Container-Decoration.schem","downloaded","","7x6x19, 406 blocks"
"2026-09-28T08:32:46.247Z","mc-mod","https://www.mc-mod.net/schematics/modern-city-stoplight/","intersections_modern-city-stoplight_mc-mod_x.schematic","https://dl2.9minecraft.net/dl2storage800/Modern-City-Stoplight.schematic","downloaded","","3x9x3, 65 blocks"
"2026-09-28T08:32:46.693Z","mc-mod","https://www.mc-mod.net/schematics/automatic-ice-boat-crossing/","waterfront_automatic-ice-boat-crossing_mc-mod_x.schematic","https://dl2.9minecraft.net/dl2storage800/Automatic-Ice-Boat-Crossing.schematic","downloaded","","37x13x37, 835 blocks, many unmapped blocks"
"2026-09-28T08:32:47.033Z","mc-mod","https://www.mc-mod.net/schematics/off-road-6x6-tanker-truck/","roads_off-road-6x6-tanker-truck_mc-mod_x.schematic","https://dl2.9minecraft.net/dl2storage800/Off-Road-6x6-Tanker-Truck.schematic","downloaded","","12x6x5, 78 blocks, many unmapped blocks"
"2026-09-28T08:32:47.498Z","mc-mod","https://www.mc-mod.net/schematics/four-lane-expressway-with-toll-booth/","","https://dl2.9minecraft.net/dl2storage800/Four-Lane-Expressway-With-Toll-Booth.schematic","incompatible","не NBT: схема .schematic: слишком большой объём","Four Lane Expressway With Toll Booth"
"2026-09-28T08:32:48.082Z","mc-mod","https://www.mc-mod.net/schematics/toll-booth-structure/","residential_toll-booth-structure_mc-mod_x.schematic","https://dl2.9minecraft.net/dl2storage800/Toll-Booth-Structure.schematic","downloaded","","440x17x115, 57768 blocks"
"2026-09-28T08:32:48.448Z","mc-mod","https://www.mc-mod.net/schematics/street-cleaning-tanker-truck/","roads_street-cleaning-tanker-truck_mc-mod_x.schematic","https://dl2.9minecraft.net/dl2storage800/Street-Cleaning-Tanker-Truck.schematic","downloaded","","14x6x5, 91 blocks"
"2026-09-28T08:32:49.252Z","mc-mod","https://www.mc-mod.net/schematics/luxury-hillside-mansions-and-road/","","https://dl2.9minecraft.net/dl2storage800/Luxury-Hillside-Mansions-and-Road.schematic","incompatible","не NBT: NBT: byte array: слишком большая длина","Luxury Hillside Mansions and Road"
"2026-09-28T08:32:49.612Z","mc-mod","https://www.mc-mod.net/schematics/street-lantern/","roads_street-lantern_mc-mod_x.schematic","https://dl2.9minecraft.net/dl2storage800/Street-Lantern.schematic","downloaded","","1x3x1, 3 blocks"
"2026-09-28T08:32:50.079Z","mc-mod","https://www.mc-mod.net/schematics/tree-lined-street-diorama/","","https://dl2.9minecraft.net/dl2storage800/Tree-Lined-Street-Diorama.schem","incompatible","не NBT: схема .schem: слишком большой объём","Tree-Lined Street Diorama"
"2026-09-28T08:32:50.435Z","mc-mod","https://www.mc-mod.net/schematics/fallout-3-billboard-structure/","decor_fallout-3-billboard-structure_mc-mod_x.schematic","https://dl2.9minecraft.net/dl2storage800/Fallout-3-Billboard-Structure.schematic","downloaded","","10x6x4, 80 blocks"
"2026-09-28T08:32:50.866Z","mc-mod","https://www.mc-mod.net/schematics/garbage-truck-with-front-loader/","vehicles_garbage-truck-with-front-loader_mc-mod_x.schematic","https://dl2.9minecraft.net/dl2storage800/Garbage-Truck-with-Front-Loader.schematic","downloaded","","11x4x7, 41 blocks, many unmapped blocks"
"2026-09-28T08:32:51.200Z","mc-mod","https://www.mc-mod.net/schematics/bedwars-bed-defence-structure/","public_bedwars-bed-defence-structure_mc-mod_x.schematic","https://dl2.9minecraft.net/dl2storage800/Bedwars-Bed-Defence-Structure.schematic","downloaded","","13x13x19, 405 blocks"
"2026-09-28T08:32:51.583Z","mc-mod","https://www.mc-mod.net/schematics/large-advertisement-billboard-structure/","decor_large-advertisement-billboard-structure_mc-mod_x.schematic","https://dl2.9minecraft.net/dl2storage800/Large-Advertisement-Billboard-Structure.schematic","downloaded","","49x41x13, 2765 blocks"
"2026-09-28T08:32:51.945Z","mc-mod","https://www.mc-mod.net/schematics/japanese-garbage-compactor-structure/","vehicles_japanese-garbage-compactor-structure_mc-mod_x.schematic","https://dl2.9minecraft.net/dl2storage800/Japanese-Garbage-Compactor-Structure.schematic","downloaded","","5x4x8, 49 blocks, many unmapped blocks"
"2026-09-28T08:32:52.283Z","mc-mod","https://www.mc-mod.net/schematics/industrial-warehouse-fence-and-gate/","industrial_industrial-warehouse-fence-and-gate_mc-mod_x.schematic","https://dl2.9minecraft.net/dl2storage800/Industrial-Warehouse-Fence-and-Gate.schematic","downloaded","","1x5x49, 245 blocks"
"2026-09-28T08:32:52.668Z","mc-mod","https://www.mc-mod.net/schematics/meme-billboard-advertisement/","decor_meme-billboard-advertisement_mc-mod_x.schematic","https://dl2.9minecraft.net/dl2storage800/Meme-Billboard-Advertisement.schematic","downloaded","","49x41x13, 5215 blocks"
"2026-09-28T08:32:53.008Z","mc-mod","https://www.mc-mod.net/schematics/automatic-trashcan-build/","public_automatic-trashcan-build_mc-mod_x.schematic","https://dl2.9minecraft.net/dl2storage800/trashcan.schematic","downloaded","","8x5x6, 156 blocks"
"2026-09-28T08:32:53.459Z","mc-mod","https://www.mc-mod.net/schematics/fence-totem-structure/","decor_fence-totem-structure_mc-mod_x.schematic","https://dl2.9minecraft.net/dl2storage800/Fence-Totem-Structure.schematic","downloaded","","17x17x16, 302 blocks"
"2026-09-28T08:32:53.824Z","mc-mod","https://www.mc-mod.net/schematics/realistic-car-trailer-468-blocks/","vehicles_realistic-car-trailer-468-blocks_mc-mod_1.21.1.nbt","https://dl2.9minecraft.net/dl2storage800/Realistic-Car-Trailer-468-Blocks.nbt","downloaded","","25x9x6, 3 blocks, many unmapped blocks"
"2026-09-28T08:32:54.190Z","mc-mod","https://www.mc-mod.net/schematics/1994-nissan-dump-truck-vehicle/","vehicles_1994-nissan-dump-truck-vehicle_mc-mod_x.schematic","https://dl2.9minecraft.net/dl2storage800/1994-Nissan-Dump-Truck-Vehicle.schematic","downloaded","","9x4x5, 68 blocks"
"2026-09-28T08:32:54.580Z","mc-mod","https://www.mc-mod.net/schematics/super-motorcycle-design/","vehicles_super-motorcycle-design_mc-mod_x.schematic","https://dl2.9minecraft.net/dl2storage800/Super-Motorcycle-Design.schematic","downloaded","","256x1x128, 32727 blocks"
"2026-09-28T08:32:54.927Z","mc-mod","https://www.mc-mod.net/schematics/tow-truck-semi-trailer/","vehicles_tow-truck-semi-trailer_mc-mod_x.schematic","https://dl2.9minecraft.net/dl2storage800/Tow-Truck-Semi-Trailer.schematic","downloaded","","5x4x13, 88 blocks"
"2026-09-28T08:32:55.324Z","mc-mod","https://www.mc-mod.net/schematics/aluminum-van-truck-6x6/","vehicles_aluminum-van-truck-6x6_mc-mod_x.schematic","https://dl2.9minecraft.net/dl2storage800/Aluminum-Van-Truck-6x6.schematic","downloaded","","11x6x5, 53 blocks, many unmapped blocks"
"2026-09-28T08:32:55.697Z","mc-mod","https://www.mc-mod.net/schematics/industrial-iron-car-vehicle/","vehicles_industrial-iron-car-vehicle_mc-mod_1.21.1.nbt","https://dl2.9minecraft.net/dl2storage800/Industrial-Iron-Car-Vehicle.nbt","downloaded","","15x7x11, 190 blocks"
"2026-09-28T08:32:56.042Z","mc-mod","https://www.mc-mod.net/schematics/1995-isuzu-forward-crane-truck/","vehicles_1995-isuzu-forward-crane-truck_mc-mod_x.schematic","https://dl2.9minecraft.net/dl2storage800/1995-Isuzu-Forward-Crane-Truck.schematic","downloaded","","11x4x5, 52 blocks"
"2026-09-28T08:32:56.571Z","mc-mod","https://www.mc-mod.net/schematics/inhabitable-bridge-cafe-and-bike-store/","","https://dl2.9minecraft.net/dl2storage800/Inhabitable-Bridge-Cafe-and-Bike-Store.schematic","incompatible","не NBT: схема .schematic: слишком большой объём","Inhabitable Bridge Cafe and Bike Store"
"2026-09-28T08:32:56.913Z","mc-mod","https://www.mc-mod.net/schematics/ten-wheeler-crane-tow-truck/","vehicles_ten-wheeler-crane-tow-truck_mc-mod_x.schematic","https://dl2.9minecraft.net/dl2storage800/Ten-Wheeler-Crane-Tow-Truck.schematic","downloaded","","10x4x5, 42 blocks, many unmapped blocks"
"2026-09-28T08:32:57.253Z","mc-mod","https://www.mc-mod.net/schematics/fuso-fighter-wing-van-truck/","vehicles_fuso-fighter-wing-van-truck_mc-mod_x.schematic","https://dl2.9minecraft.net/dl2storage800/Fuso-Fighter-Wing-Van-Truck.schematic","downloaded","","5x5x13, 47 blocks, many unmapped blocks"
"2026-09-28T08:32:57.599Z","mc-mod","https://www.mc-mod.net/schematics/car-carrier-truck-and-trailer/","vehicles_car-carrier-truck-and-trailer_mc-mod_x.schematic","https://dl2.9minecraft.net/dl2storage800/Car-Carrier-Truck-and-Trailer.schematic","downloaded","","24x8x5, 218 blocks"
"2026-09-28T08:32:57.949Z","mc-mod","https://www.mc-mod.net/schematics/1998-isuzu-freezer-truck/","vehicles_1998-isuzu-freezer-truck_mc-mod_x.schematic","https://dl2.9minecraft.net/dl2storage800/1998-Isuzu-Freezer-Truck.schematic","downloaded","","5x5x13, 43 blocks, many unmapped blocks"
"2026-09-28T08:32:58.278Z","mc-mod","https://www.mc-mod.net/schematics/heavy-duty-ambulance-vehicle/","vehicles_heavy-duty-ambulance-vehicle_mc-mod_x.schematic","https://dl2.9minecraft.net/dl2storage800/Heavy-Duty-Ambulance-Vehicle.schematic","downloaded","","5x5x10, 97 blocks"
"2026-09-28T08:32:58.686Z","mc-mod","https://www.mc-mod.net/schematics/japanese-van-with-8-wheels/","vehicles_japanese-van-with-8-wheels_mc-mod_x.schematic","https://dl2.9minecraft.net/dl2storage800/Japanese-Van-with-8-Wheels.schematic","downloaded","","5x5x15, 50 blocks, many unmapped blocks"
"2026-09-28T08:32:59.027Z","mc-mod","https://www.mc-mod.net/schematics/compact-japanese-kei-car/","","https://dl2.9minecraft.net/dl2storage800/Compact-Japanese-Kei-Car.schematic","duplicate","","sha256 already in library"
"2026-09-28T08:32:59.403Z","mc-mod","https://www.mc-mod.net/schematics/fuso-fighter-dump-truck-vehicle/","vehicles_fuso-fighter-dump-truck-vehicle_mc-mod_x.schematic","https://dl2.9minecraft.net/dl2storage800/Fuso-Fighter-Dump-Truck-Vehicle.schematic","downloaded","","5x5x8, 54 blocks"
"2026-09-28T08:32:59.825Z","mc-mod","https://www.mc-mod.net/schematics/fire-truck-with-manlift/","vehicles_fire-truck-with-manlift_mc-mod_x.schematic","https://dl2.9minecraft.net/dl2storage800/Fire-Truck-with-Manlift.schematic","downloaded","","5x7x13, 156 blocks"
"2026-09-28T08:33:00.195Z","mc-mod","https://www.mc-mod.net/schematics/decorated-10w-truck-van/","vehicles_decorated-10w-truck-van_mc-mod_x.schematic","https://dl2.9minecraft.net/dl2storage800/Decorated-10W-Truck-Van.schematic","downloaded","","17x5x5, 70 blocks, many unmapped blocks"
"2026-09-28T08:33:00.598Z","mc-mod","https://www.mc-mod.net/schematics/crane-truck-with-car-carrier/","vehicles_crane-truck-with-car-carrier_mc-mod_x.schematic","https://dl2.9minecraft.net/dl2storage800/Crane-Truck-with-Car-Carrier.schematic","downloaded","","5x4x14, 91 blocks"
"2026-09-28T08:33:00.945Z","mc-mod","https://www.mc-mod.net/schematics/fuso-fv411j-dump-truck-model/","vehicles_fuso-fv411j-dump-truck-model_mc-mod_x.schematic","https://dl2.9minecraft.net/dl2storage800/Fuso-FV411J-Dump-Truck-Model.schematic","downloaded","","9x5x5, 61 blocks, many unmapped blocks"
"2026-09-28T08:33:01.458Z","mc-mod","https://www.mc-mod.net/schematics/decorated-12-wheel-refrigerated-van/","vehicles_decorated-12-wheel-refrigerated-van_mc-mod_x.schematic","https://dl2.9minecraft.net/dl2storage800/Decorated-12-Wheel-Refrigerated-Van.schematic","downloaded","","16x6x5, 127 blocks, many unmapped blocks"
"2026-09-28T08:33:02.235Z","mc-mod","https://www.mc-mod.net/schematics/frog-driving-a-car/","vehicles_frog-driving-a-car_mc-mod_x.schematic","https://dl2.9minecraft.net/dl2storage800/Frog-Driving-a-Car.schematic","downloaded","","16x15x1, 152 blocks"
"2026-09-28T08:33:02.629Z","mc-mod","https://www.mc-mod.net/schematics/fuso-fighter-cargo-truck-detailed-build/","vehicles_fuso-fighter-cargo-truck-detailed-build_mc-mod_x.schematic","https://dl2.9minecraft.net/dl2storage800/Fuso-Fighter-Cargo-Truck-Detailed-Build.schematic","downloaded","","11x5x5, 57 blocks, many unmapped blocks"
"2026-09-28T08:33:03.293Z","mc-mod","https://www.mc-mod.net/schematics/decorated-japanese-refrigerated-van/","vehicles_decorated-japanese-refrigerated-van_mc-mod_x.schematic","https://dl2.9minecraft.net/dl2storage800/Decorated-Japanese-Refrigerated-Van.schematic","downloaded","","16x6x5, 99 blocks, many unmapped blocks"
"2026-09-28T08:33:03.662Z","mc-mod","https://www.mc-mod.net/schematics/fallout-3-inspired-car-schematic/","vehicles_fallout-3-inspired-car-schematic_mc-mod_x.schematic","https://dl2.9minecraft.net/dl2storage800/Fallout-3-Inspired-Car-Schematic.schematic","downloaded","","5x3x13, 75 blocks"
"2026-09-28T08:33:04.008Z","mc-mod","https://www.mc-mod.net/schematics/tractor-with-cometto-trailer/","vehicles_tractor-with-cometto-trailer_mc-mod_x.schematic","https://dl2.9minecraft.net/dl2storage800/Tractor-and-Trailer-Vehicle.schematic","downloaded","","35x4x5, 126 blocks"
"2026-09-28T08:33:04.393Z","mc-mod","https://www.mc-mod.net/schematics/decorated-refrigerated-van/","vehicles_decorated-refrigerated-van_mc-mod_x.schematic","https://dl2.9minecraft.net/dl2storage800/Decorated-Refrigerated-Van.schematic","downloaded","","13x6x5, 104 blocks, many unmapped blocks"
"2026-09-28T08:33:04.819Z","mc-mod","https://www.mc-mod.net/schematics/fallout-3-style-car-no-engine/","vehicles_fallout-3-style-car-no-engine_mc-mod_x.schematic","https://dl2.9minecraft.net/dl2storage800/Fallout-3-Style-Car-No-Engine.schematic","downloaded","","12x3x5, 68 blocks"
"2026-09-28T08:33:05.188Z","mc-mod","https://www.mc-mod.net/schematics/aluminum-wing-van-truck-with-solar-radiator/","vehicles_aluminum-wing-van-truck-with-solar-radiator_mc-mod_x.schematic","https://dl2.9minecraft.net/dl2storage800/Aluminum-Wing-Van-Truck-with-Solar-Radiator.schematic","downloaded","","14x6x5, 94 blocks, many unmapped blocks"
"2026-09-28T08:33:05.569Z","mc-mod","https://www.mc-mod.net/schematics/fallout-3-car-replica/","vehicles_fallout-3-car-replica_mc-mod_x.schematic","https://dl2.9minecraft.net/dl2storage800/Fallout-3-Car-Replica.schematic","downloaded","","5x3x13, 64 blocks"
"2026-09-28T08:33:05.934Z","mc-mod","https://www.mc-mod.net/schematics/cometto-self-propelled-trailer/","vehicles_cometto-self-propelled-trailer_mc-mod_x.schematic","https://dl2.9minecraft.net/dl2storage800/Cometto-Self-Propelled-Trailer.schematic","downloaded","","29x4x17, 123 blocks, many unmapped blocks"
"2026-09-28T08:33:06.331Z","mc-mod","https://www.mc-mod.net/schematics/secure-transport-van/","vehicles_secure-transport-van_mc-mod_x.schematic","https://dl2.9minecraft.net/dl2storage800/Secure-Transport-Van.schematic","downloaded","","13x4x5, 58 blocks, many unmapped blocks"
"2026-09-28T08:33:06.707Z","mc-mod","https://www.mc-mod.net/schematics/thomas-and-friends-candy-car/","vehicles_thomas-and-friends-candy-car_mc-mod_x.schematic","https://dl2.9minecraft.net/dl2storage800/Thomas-and-Friends-Candy-Car.schematic","downloaded","","7x14x33, 815 blocks"
"2026-09-28T08:33:07.030Z","mc-mod","https://www.mc-mod.net/schematics/heavy-duty-14-wheeler-dump-truck/","vehicles_heavy-duty-14-wheeler-dump-truck_mc-mod_x.schematic","https://dl2.9minecraft.net/dl2storage800/Heavy-Duty-14-Wheeler-Dump-Truck.schematic","downloaded","","13x5x5, 103 blocks"
"2026-09-28T08:33:07.357Z","mc-mod","https://www.mc-mod.net/schematics/refrigerated-double-cab-van/","vehicles_refrigerated-double-cab-van_mc-mod_x.schematic","https://dl2.9minecraft.net/dl2storage800/Refrigerated-Double-Cab-Van.schematic","downloaded","","10x5x5, 43 blocks, many unmapped blocks"
"2026-09-28T08:33:07.915Z","mc-mod","https://www.mc-mod.net/schematics/racing-sports-car/","","https://dl2.9minecraft.net/dl2storage800/Racing-Sports-Car.schematic","incompatible","не NBT: схема .schematic: слишком большой объём","Racing Sports Car"
"2026-09-28T08:33:08.307Z","mc-mod","https://www.mc-mod.net/schematics/concrete-pump-truck-with-derricks/","vehicles_concrete-pump-truck-with-derricks_mc-mod_x.schematic","https://dl2.9minecraft.net/dl2storage800/Concrete-Pump-Truck-with-Derricks.schematic","downloaded","","18x6x5, 185 blocks"
"2026-09-28T08:33:08.652Z","mc-mod","https://www.mc-mod.net/schematics/10-wheeler-wing-van-truck-and-trailer/","vehicles_10-wheeler-wing-van-truck-and-trailer_mc-mod_x.schematic","https://dl2.9minecraft.net/dl2storage800/10-Wheeler-Wing-Van-Truck-and-Trailer.schematic","downloaded","","24x5x5, 224 blocks"
"2026-09-28T08:33:09.121Z","mc-mod","https://www.mc-mod.net/schematics/sdkfz-222-armored-car/","vehicles_sdkfz-222-armored-car_mc-mod_x.schematic","https://dl2.9minecraft.net/dl2storage800/Sdkfz-222-Armored-Car.schematic","downloaded","","8x8x16, 226 blocks"
"2026-09-28T08:33:09.514Z","mc-mod","https://www.mc-mod.net/schematics/heavy-crane-truck/","vehicles_heavy-crane-truck_mc-mod_x.schematic","https://dl2.9minecraft.net/dl2storage800/Heavy-Crane-Truck.schematic","downloaded","","51x10x9, 788 blocks, many unmapped blocks"
"2026-09-28T08:33:09.870Z","mc-mod","https://www.mc-mod.net/schematics/fruehauf-empty-can-van-trailer/","vehicles_fruehauf-empty-can-van-trailer_mc-mod_x.schematic","https://dl2.9minecraft.net/dl2storage800/Fruehauf-Empty-Can-Van-Trailer.schematic","downloaded","","17x6x5, 236 blocks"
"2026-09-28T08:33:10.339Z","mc-mod","https://www.mc-mod.net/schematics/sporty-suv-vehicle/","","https://dl2.9minecraft.net/dl2storage800/Sporty-SUV-Vehicle.schematic","incompatible","не NBT: схема .schematic: слишком большой объём","Sporty SUV Vehicle"
"2026-09-28T08:33:11.017Z","mc-mod","https://www.mc-mod.net/schematics/armored-snow-patrol-truck/","vehicles_armored-snow-patrol-truck_mc-mod_x.schematic","https://dl2.9minecraft.net/dl2storage800/Armored-Snow-Patrol-Truck.schematic","downloaded","","162x63x89, 65318 blocks"
"2026-09-28T08:33:11.366Z","mc-mod","https://www.mc-mod.net/schematics/9-block-long-van-box-truck-compartment/","vehicles_9-block-long-van-box-truck-compartment_mc-mod_x.schematic","https://dl2.9minecraft.net/dl2storage800/9-Block-Long-Van-Box-Truck-Compartment.schematic","downloaded","","5x5x10, 39 blocks, many unmapped blocks"
"2026-09-28T08:33:11.701Z","mc-mod","https://www.mc-mod.net/schematics/small-car-dealership-building/","vehicles_small-car-dealership-building_mc-mod_x.schematic","https://dl2.9minecraft.net/dl2storage800/Small-Car-Dealership-Building.schematic","downloaded","","31x8x31, 2861 blocks"
"2026-09-28T08:33:12.157Z","mc-mod","https://www.mc-mod.net/schematics/cargo-truck-vehicle-schematic/","","https://dl2.9minecraft.net/dl2storage800/Cargo-Truck-Vehicle-Schematic.schematic","incompatible","не NBT: схема .schematic: слишком большой объём","Cargo Truck Vehicle Schematic"
"2026-09-28T08:33:12.509Z","mc-mod","https://www.mc-mod.net/schematics/heavy-tractor-head-and-van-trailer/","vehicles_heavy-tractor-head-and-van-trailer_mc-mod_x.schematic","https://dl2.9minecraft.net/dl2storage800/Heavy-Tractor-Head-and-Van-Trailer.schematic","downloaded","","5x6x23, 303 blocks"
"2026-09-28T08:33:12.852Z","mc-mod","https://www.mc-mod.net/schematics/double-cab-pickup-truck/","vehicles_double-cab-pickup-truck_mc-mod_x.schematic","https://dl2.9minecraft.net/dl2storage800/Double-Cab-Pickup-Truck.schematic","downloaded","","9x4x5, 50 blocks"
"2026-09-28T08:33:13.218Z","mc-mod","https://www.mc-mod.net/schematics/massive-haul-truck/","vehicles_massive-haul-truck_mc-mod_x.schematic","https://dl2.9minecraft.net/dl2storage800/Massive-Haul-Truck.schematic","downloaded","","25x26x45, 9197 blocks"
"2026-09-28T08:33:13.629Z","mc-mod","https://www.mc-mod.net/schematics/acacia-spruce-small-aircraft-hangar/","transport_acacia-spruce-small-aircraft-hangar_mc-mod_1.20.1.nbt","https://dl2.9minecraft.net/dl2storage800/Acacia-Spruce-Small-Aircraft-Hangar.nbt","downloaded","","70x11x26, 2050 blocks"
"2026-09-28T08:33:13.986Z","mc-mod","https://www.mc-mod.net/schematics/small-garden-with-wither-platform/","transport_small-garden-with-wither-platform_mc-mod_x.schematic","https://dl2.9minecraft.net/dl2storage800/Small-Garden-With-Wither-Platform.schematic","downloaded","","30x19x30, 3131 blocks"
"2026-09-28T08:33:14.648Z","mc-mod","https://www.mc-mod.net/schematics/modern-apartment-building-with-parking/","","https://dl2.9minecraft.net/dl2storage800/Modern-Apartment-Building-with-Parking.schematic","incompatible","не NBT: схема .schematic: слишком большой объём","Modern Apartment Building with Parking"
"2026-09-28T08:33:15.053Z","mc-mod","https://www.mc-mod.net/schematics/abandoned-town-with-subway-system/","transport_abandoned-town-with-subway-system_mc-mod_x.schematic","https://dl2.9minecraft.net/dl2storage800/Abandoned-Town-with-Subway-System.schematic","downloaded","","64x20x70, 37138 blocks"
"2026-09-28T08:33:15.395Z","mc-mod","https://www.mc-mod.net/schematics/minecraft-airport-terminal-building/","transport_minecraft-airport-terminal-building_mc-mod_x.schematic","https://dl2.9minecraft.net/dl2storage800/Minecraft-Airport-Terminal-Building.schematic","downloaded","","30x14x27, 2904 blocks"
"2026-09-28T08:33:15.740Z","mc-mod","https://www.mc-mod.net/schematics/fallout-3-red-rocket-gas-station/","transport_fallout-3-red-rocket-gas-station_mc-mod_x.schematic","https://dl2.9minecraft.net/dl2storage800/Fallout-3-Red-Rocket-Gas-Station.schematic","downloaded","","25x25x17, 937 blocks"
"2026-09-28T08:33:16.099Z","mc-mod","https://www.mc-mod.net/schematics/aircraft-hangar-structure/","transport_aircraft-hangar-structure_mc-mod_x.schematic","https://dl2.9minecraft.net/dl2storage800/Aircraft-Hangar-Structure.schematic","downloaded","","36x24x40, 10969 blocks"
"2026-09-28T08:33:16.459Z","mc-mod","https://www.mc-mod.net/schematics/small-village-train-station/","transport_small-village-train-station_mc-mod_x.schematic","https://dl2.9minecraft.net/dl2storage800/Small-Village-Train-Station.schematic","downloaded","","20x27x29, 8116 blocks"
"2026-09-28T08:33:16.811Z","mc-mod","https://www.mc-mod.net/schematics/subway-station-build/","transport_subway-station-build_mc-mod_1.19.schem","https://dl2.9minecraft.net/dl2storage800/Subway-Station-Build.schem","downloaded","","17x11x17, 969 blocks"
"2026-09-28T08:33:17.147Z","mc-mod","https://www.mc-mod.net/schematics/minecraft-airport-terminal-build/","transport_minecraft-airport-terminal-build_mc-mod_x.schematic","https://dl2.9minecraft.net/dl2storage800/Minecraft-Airport-Terminal-Build.schematic","downloaded","","9x6x22, 607 blocks"
"2026-09-28T08:33:17.570Z","mc-mod","https://www.mc-mod.net/schematics/modern-gas-station-with-shop-and-tankers/","transport_modern-gas-station-with-shop-and-tankers_mc-mod_x.schematic","https://dl2.9minecraft.net/dl2storage800/Modern-Gas-Station-With-Shop-and-Tankers.schematic","downloaded","","76x17x119, 21284 blocks"
"2026-09-28T08:33:17.933Z","mc-mod","https://www.mc-mod.net/schematics/airfield-and-barracks-structure/","public_airfield-and-barracks-structure_mc-mod_x.schematic","https://dl2.9minecraft.net/dl2storage800/Airfield-and-Barracks-Structure.schematic","downloaded","","47x16x134, 11553 blocks"
"2026-09-28T08:33:18.280Z","mc-mod","https://www.mc-mod.net/schematics/wooden-platform-for-ravines-and-cliffs/","transport_wooden-platform-for-ravines-and-cliffs_mc-mod_x.schematic","https://dl2.9minecraft.net/dl2storage800/Wooden-Platform-for-Ravines-and-Cliffs.schematic","downloaded","","27x10x7, 241 blocks"
"2026-09-28T08:33:18.644Z","mc-mod","https://www.mc-mod.net/schematics/small-gas-station-with-custom-blocks/","transport_small-gas-station-with-custom-blocks_mc-mod_x.schematic","https://dl2.9minecraft.net/dl2storage800/Minecraft-Gas-Station-Build.schematic","downloaded","","16x6x30, 612 blocks, many unmapped blocks"
"2026-09-28T08:33:19.026Z","mc-mod","https://www.mc-mod.net/schematics/obsidian-runway-build/","transport_obsidian-runway-build_mc-mod_x.schematic","https://dl2.9minecraft.net/dl2storage800/Obsidian-Runway-Build.schematic","downloaded","","135x2x13, 1105 blocks"
"2026-09-28T08:33:19.371Z","mc-mod","https://www.mc-mod.net/schematics/long-cargo-platform/","transport_long-cargo-platform_mc-mod_x.schematic","https://dl2.9minecraft.net/dl2storage800/Long-Cargo-Platform.schematic","downloaded","","3x4x7, 26 blocks, many unmapped blocks"
"2026-09-28T08:33:19.720Z","mc-mod","https://www.mc-mod.net/schematics/modern-fueling-station/","transport_modern-fueling-station_mc-mod_1.19.2.schem","https://dl2.9minecraft.net/dl2storage800/Modern-Fueling-Station.schem","downloaded","","52x18x38, 7253 blocks"
"2026-09-28T08:33:20.243Z","mc-mod","https://www.mc-mod.net/schematics/castiamc-lobby-platform-build/","transport_castiamc-lobby-platform-build_mc-mod_x.schematic","https://dl2.9minecraft.net/dl2storage800/CastiaMC-Lobby-Platform-Build.schematic","downloaded","","29x45x32, 5992 blocks"
"2026-09-28T08:33:20.630Z","mc-mod","https://www.mc-mod.net/schematics/16x16-plains-train-station/","transport_16x16-plains-train-station_mc-mod_1.21.1.nbt","https://dl2.9minecraft.net/dl2storage800/16x16-Plains-Train-Station.nbt","downloaded","","16x9x16, 641 blocks"
"2026-09-28T08:33:20.975Z","mc-mod","https://www.mc-mod.net/schematics/ancient-mayan-depot-house/","transport_ancient-mayan-depot-house_mc-mod_1.20.4.schem","https://dl2.9minecraft.net/dl2storage800/Ancient-Mayan-Depot-House.schem","downloaded","","15x16x16, 313 blocks"
"2026-09-28T08:33:21.324Z","mc-mod","https://www.mc-mod.net/schematics/ancient-mayan-pyramid-depot/","","https://dl2.9minecraft.net/dl2storage800/Ancient-Mayan-Pyramid-Depot.schem","duplicate","","sha256 already in library"
"2026-09-28T08:33:22.167Z","mc-mod","https://www.mc-mod.net/schematics/light-rail-vehicle-depot/","","https://dl2.9minecraft.net/dl2storage800/Light-Rail-Vehicle-Depot.schematic","incompatible","не NBT: NBT: byte array: слишком большая длина","Light Rail Vehicle Depot"
"2026-09-28T08:33:22.526Z","mc-mod","https://www.mc-mod.net/schematics/minecart-dropper-station/","transport_minecart-dropper-station_mc-mod_x.schematic","https://dl2.9minecraft.net/dl2storage800/Minecart-Dropper-Station.schematic","downloaded","","26x19x9, 933 blocks"
"2026-09-28T08:33:22.872Z","mc-mod","https://www.mc-mod.net/schematics/modern-wi-fi-station-tower/","transport_modern-wi-fi-station-tower_mc-mod_x.schematic","https://dl2.9minecraft.net/dl2storage800/Modern-Wi-Fi-Station-Tower.schematic","downloaded","","17x27x17, 149 blocks"
"2026-09-28T08:33:23.221Z","mc-mod","https://www.mc-mod.net/schematics/customs-station-building/","transport_customs-station-building_mc-mod_1.17.1.schem","https://dl2.9minecraft.net/dl2storage800/Customs-Station-Building.schem","downloaded","","37x27x21, 8659 blocks"
"2026-09-28T08:33:23.574Z","mc-mod","https://www.mc-mod.net/schematics/minecraft-fire-station-and-football-field/","transport_minecraft-fire-station-and-football-field_mc-mod_1.19.4.schem","https://dl2.9minecraft.net/dl2storage800/Minecraft-Fire-Station-and-Football-Field.schem","downloaded","","89x20x63, 1745 blocks"
"2026-09-28T08:33:24.156Z","mc-mod","https://www.mc-mod.net/schematics/cargo-port-and-shipyard/","","https://dl2.9minecraft.net/dl2storage800/Cargo-Port-and-Shipyard.schematic","incompatible","не NBT: NBT: byte array: слишком большая длина","Cargo Port and Shipyard"
"2026-09-28T08:33:24.479Z","mc-mod","https://www.mc-mod.net/schematics/small-lighthouse-tower-3/","","https://dl2.9minecraft.net/dl2storage800/Small-Lighthouse-Tower.schematic","duplicate","","sha256 already in library"
"2026-09-28T08:33:24.838Z","mc-mod","https://www.mc-mod.net/schematics/small-fishing-boat-with-storage/","waterfront_small-fishing-boat-with-storage_mc-mod_x.schematic","https://dl2.9minecraft.net/dl2storage800/Small-Fishing-Boat-with-Storage.schematic","downloaded","","22x16x33, 3382 blocks"
"2026-09-28T08:33:25.573Z","mc-mod","https://www.mc-mod.net/schematics/lostsea-ocean-village-with-ships/","waterfront_lostsea-ocean-village-with-ships_mc-mod_x.schematic","https://dl2.9minecraft.net/dl2storage800/LostSea-Ocean-Village-with-Ships.schematic","downloaded","","124x37x117, 254470 blocks"
"2026-09-28T08:33:25.921Z","mc-mod","https://www.mc-mod.net/schematics/asian-style-dock/","waterfront_asian-style-dock_mc-mod_x.schematic","https://dl2.9minecraft.net/dl2storage800/Asian-Style-Dock.schematic","downloaded","","32x14x21, 1177 blocks"
"2026-09-28T08:33:26.247Z","mc-mod","https://www.mc-mod.net/schematics/axiumsa-medium-boat/","","https://dl2.9minecraft.net/dl2storage800/AxiumSA-Medium-Boat.schematic","duplicate","","sha256 already in library"
"2026-09-28T08:33:26.710Z","mc-mod","https://www.mc-mod.net/schematics/trading-ship-small-creative-build/","waterfront_trading-ship-small-creative-build_mc-mod_x.schematic","https://dl2.9minecraft.net/dl2storage800/Trading-Ship-Small-Creative-Build.schematic","downloaded","","114x83x48, 76528 blocks"
"2026-09-28T08:33:27.059Z","mc-mod","https://www.mc-mod.net/schematics/diagonal-port-structure/","waterfront_diagonal-port-structure_mc-mod_x.schematic","https://dl2.9minecraft.net/dl2storage800/Diagonal-Port-Structure.schematic","downloaded","","43x45x48, 9309 blocks"
"2026-09-28T08:33:27.410Z","mc-mod","https://www.mc-mod.net/schematics/axiumsa-luxury-liner-modern-yacht/","waterfront_axiumsa-luxury-liner-modern-yacht_mc-mod_x.schematic","https://dl2.9minecraft.net/dl2storage800/AxiumSA-Luxury-Liner-Modern-Yacht.schematic","downloaded","","21x23x69, 9014 blocks"
"2026-09-28T08:33:27.773Z","mc-mod","https://www.mc-mod.net/schematics/corvette-tuna-naval-cannon-ship/","waterfront_corvette-tuna-naval-cannon-ship_mc-mod_x.schematic","https://dl2.9minecraft.net/dl2storage800/Corvette-Tuna-Naval-Cannon-Ship.schematic","downloaded","","28x12x17, 667 blocks"
"2026-09-28T08:33:28.122Z","mc-mod","https://www.mc-mod.net/schematics/moderate-size-dock-with-chests/","waterfront_moderate-size-dock-with-chests_mc-mod_x.schematic","https://dl2.9minecraft.net/dl2storage800/Moderate-Size-Dock-with-Chests.schematic","downloaded","","32x12x28, 908 blocks"
"2026-09-28T08:33:28.463Z","mc-mod","https://www.mc-mod.net/schematics/luxury-yacht/","","https://dl2.9minecraft.net/dl2storage800/Luxury-Yacht.schematic","duplicate","","sha256 already in library"
"2026-09-28T08:33:28.872Z","mc-mod","https://www.mc-mod.net/schematics/imposing-flying-ship-design/","waterfront_imposing-flying-ship-design_mc-mod_x.schematic","https://dl2.9minecraft.net/dl2storage800/Imposing-Flying-Ship-Design.schematic","downloaded","","33x70x89, 7851 blocks"
"2026-09-28T08:33:29.239Z","mc-mod","https://www.mc-mod.net/schematics/coastal-port-village/","waterfront_coastal-port-village_mc-mod_x.schematic","https://dl2.9minecraft.net/dl2storage800/Coastal-Port-Village.schematic","downloaded","","22x18x17, 3693 blocks"
"2026-09-28T08:33:29.621Z","mc-mod","https://www.mc-mod.net/schematics/gretjoy-boat-build/","waterfront_gretjoy-boat-build_mc-mod_x.schematic","https://dl2.9minecraft.net/dl2storage800/Gretjoy-Boat-Build.schematic","downloaded","","75x52x51, 4633 blocks"
"2026-09-28T08:33:30.216Z","mc-mod","https://www.mc-mod.net/schematics/german-train-ferry-preussen-1909-ship-recreation/","waterfront_german-train-ferry-preussen-1909-ship-recreation_mc-mod_x.schematic","https://dl2.9minecraft.net/dl2storage800/German-Train-Ferry-Preussen-1909-Ship-Recreation.schematic","downloaded","","196x75x35, 108570 blocks"
"2026-09-28T08:33:30.571Z","mc-mod","https://www.mc-mod.net/schematics/modern-port-town/","waterfront_modern-port-town_mc-mod_1.15.2.schem","https://dl2.9minecraft.net/dl2storage800/Modern-Port-Town.schem","downloaded","","54x34x32, 11587 blocks"
"2026-09-28T08:33:30.912Z","mc-mod","https://www.mc-mod.net/schematics/luxury-yacht-quartz-block-design/","waterfront_luxury-yacht-quartz-block-design_mc-mod_x.schematic","https://dl2.9minecraft.net/dl2storage800/Luxury-Yacht-Design.schematic","downloaded","","7x14x22, 427 blocks"
"2026-09-28T08:33:31.313Z","mc-mod","https://www.mc-mod.net/schematics/oak-sailing-ship/","waterfront_oak-sailing-ship_mc-mod_x.schematic","https://dl2.9minecraft.net/dl2storage800/Wooden-Sailing-Ship.schematic","downloaded","","30x23x11, 898 blocks"
"2026-09-28T08:33:31.948Z","mc-mod","https://www.mc-mod.net/schematics/port-town-and-shipyard/","","https://dl2.9minecraft.net/dl2storage800/Port-Town-and-Shipyard.schem","incompatible","не NBT: схема .schem: слишком большой объём","Port Town and Shipyard"
"2026-09-28T08:33:32.309Z","mc-mod","https://www.mc-mod.net/schematics/modern-vip-yacht/","waterfront_modern-vip-yacht_mc-mod_x.schematic","https://dl2.9minecraft.net/dl2storage800/Modern-VIP-Yacht.schematic","downloaded","","77x23x15, 12462 blocks"
"2026-09-28T08:33:32.753Z","mc-mod","https://www.mc-mod.net/schematics/starfleet-shipyard/","","https://dl2.9minecraft.net/dl2storage800/Starfleet-Shipyard.schematic","incompatible","не NBT: схема .schematic: слишком большой объём","Starfleet Shipyard"
"2026-09-28T08:33:33.100Z","mc-mod","https://www.mc-mod.net/schematics/fishermans-hut-with-boat/","waterfront_fishermans-hut-with-boat_mc-mod_x.schematic","https://dl2.9minecraft.net/dl2storage800/Fisherman-s-Hut-with-Boat.schematic","downloaded","","26x10x14, 907 blocks"
"2026-09-28T08:33:33.440Z","mc-mod","https://www.mc-mod.net/schematics/three-masted-sailing-ship/","waterfront_three-masted-sailing-ship_mc-mod_x.schematic","https://dl2.9minecraft.net/dl2storage800/Three-Masted-Sailing-Ship.schematic","downloaded","","13x26x49, 2781 blocks"
"2026-09-28T08:33:33.802Z","mc-mod","https://www.mc-mod.net/schematics/sloop-boat/","waterfront_sloop-boat_mc-mod_x.schematic","https://dl2.9minecraft.net/dl2storage800/Sloop-Boat.schematic","downloaded","","48x54x15, 3547 blocks"
"2026-09-28T08:33:34.165Z","mc-mod","https://www.mc-mod.net/schematics/ancient-roman-galley-ship/","waterfront_ancient-roman-galley-ship_mc-mod_x.schematic","https://dl2.9minecraft.net/dl2storage800/Ancient-Roman-Galley-Ship.schematic","downloaded","","42x24x31, 4689 blocks"
"2026-09-28T08:33:34.536Z","mc-mod","https://www.mc-mod.net/schematics/small-fishing-trawler-boat/","waterfront_small-fishing-trawler-boat_mc-mod_x.schematic","https://dl2.9minecraft.net/dl2storage800/Small-Fishing-Trawler-Boat.schematic","downloaded","","22x28x12, 373 blocks"
"2026-09-28T08:33:34.876Z","mc-mod","https://www.mc-mod.net/schematics/chinese-junk-ship/","waterfront_chinese-junk-ship_mc-mod_x.schematic","https://dl2.9minecraft.net/dl2storage800/Chinese-Junk-Ship.schematic","downloaded","","17x31x49, 4851 blocks"
"2026-09-28T08:33:35.227Z","mc-mod","https://www.mc-mod.net/schematics/minecraft-vet-clinic-building/","public_minecraft-vet-clinic-building_mc-mod_x.schematic","https://dl2.9minecraft.net/dl2storage800/Minecraft-Vet-Clinic.schematic","downloaded","","38x25x46, 5541 blocks"
"2026-09-28T08:33:35.587Z","mc-mod","https://www.mc-mod.net/schematics/futuristic-police-space-vehicle/","vehicles_futuristic-police-space-vehicle_mc-mod_x.schematic","https://dl2.9minecraft.net/dl2storage800/Futuristic-Police-Space-Vehicle.schematic","downloaded","","11x9x24, 589 blocks"
"2026-09-28T08:33:35.975Z","mc-mod","https://www.mc-mod.net/schematics/small-town-hall/","public_small-town-hall_mc-mod_x.schematic","https://dl2.9minecraft.net/dl2storage800/Small-Town-Hall.schematic","downloaded","","56x40x24, 22284 blocks"
"2026-09-28T08:33:36.302Z","mc-mod","https://www.mc-mod.net/schematics/stone-library-outpost/","public_stone-library-outpost_mc-mod_x.schematic","https://dl2.9minecraft.net/dl2storage800/Stone-Library-Outpost.schematic","downloaded","","13x14x13, 500 blocks"
"2026-09-28T08:33:36.950Z","mc-mod","https://www.mc-mod.net/schematics/grand-trophy-museum-with-furnishable-space/","","https://dl2.9minecraft.net/dl2storage800/Trophy-Museum.schematic","incompatible","не NBT: схема .schematic: слишком большой объём","Grand Trophy Museum With Furnishable Space"
"2026-09-28T08:33:37.287Z","mc-mod","https://www.mc-mod.net/schematics/yandere-high-school-insane-rooms/","public_yandere-high-school-insane-rooms_mc-mod_x.schematic","https://dl2.9minecraft.net/dl2storage800/Yandere-High-School-Insane-Rooms.schematic","downloaded","","5x5x11, 212 blocks"
"2026-09-28T08:33:37.934Z","mc-mod","https://www.mc-mod.net/schematics/full-size-soccer-stadium-with-seating-and-roof/","","https://dl2.9minecraft.net/dl2storage800/Full-Size-Soccer-Stadium-With-Seating-and-Roof.schematic","incompatible","не NBT: NBT: byte array: слишком большая длина","Full Size Soccer Stadium With Seating and Roof"
"2026-09-28T08:33:38.298Z","mc-mod","https://www.mc-mod.net/schematics/fallout-drive-in-movie-theater/","public_fallout-drive-in-movie-theater_mc-mod_x.schematic","https://dl2.9minecraft.net/dl2storage800/Fallout-Drive-In-Movie-Theater.schematic","downloaded","","3x10x16, 172 blocks"
"2026-09-28T08:33:38.665Z","mc-mod","https://www.mc-mod.net/schematics/small-prison-structure/","public_small-prison-structure_mc-mod_x.schematic","https://dl2.9minecraft.net/dl2storage800/Small-Prison-Structure.schematic","downloaded","","89x11x30, 12939 blocks, many unmapped blocks"
"2026-09-28T08:33:39.446Z","mc-mod","https://www.mc-mod.net/schematics/abandoned-costa-rican-hospital-build/","","https://dl2.9minecraft.net/dl2storage800/Abandoned-Costa-Rican-Hospital-Build.schem","incompatible","не NBT: NBT: byte array: слишком большая длина","Abandoned Costa Rican Hospital Build"
"2026-09-28T08:33:39.804Z","mc-mod","https://www.mc-mod.net/schematics/prison-transport-bus-for-police/","vehicles_prison-transport-bus-for-police_mc-mod_x.schematic","https://dl2.9minecraft.net/dl2storage800/Prison-Transport-Bus-For-Police.schematic","downloaded","","13x6x5, 123 blocks"
"2026-09-28T08:33:40.278Z","mc-mod","https://www.mc-mod.net/schematics/old-town-hall/","public_old-town-hall_mc-mod_x.schematic","https://dl2.9minecraft.net/dl2storage800/Old-Town-Hall.schematic","downloaded","","104x63x60, 19059 blocks"
"2026-09-28T08:33:40.636Z","mc-mod","https://www.mc-mod.net/schematics/enchanted-library-building/","public_enchanted-library-building_mc-mod_1.14.4.schematic","https://dl2.9minecraft.net/dl2storage800/Enchanted-Library-Building.schematic","downloaded","","39x36x39, 12468 blocks"
"2026-09-28T08:33:41.180Z","mc-mod","https://www.mc-mod.net/schematics/football-stadium/","","https://dl2.9minecraft.net/dl2storage800/stade-de-foot.schematic","incompatible","не NBT: NBT: byte array: слишком большая длина","Football Stadium"
"2026-09-28T08:33:41.554Z","mc-mod","https://www.mc-mod.net/schematics/minecraft-theatre-stage-design/","public_minecraft-theatre-stage-design_mc-mod_x.schematic","https://dl2.9minecraft.net/dl2storage800/Minecraft-Theatre-Stage-Design.schematic","downloaded","","41x19x78, 27769 blocks"
"2026-09-28T08:33:42.151Z","mc-mod","https://www.mc-mod.net/schematics/prison-mining-outpost/","public_prison-mining-outpost_mc-mod_x.schematic","https://dl2.9minecraft.net/dl2storage800/Prison-Mining-Outpost.schematic","downloaded","","76x79x83, 69011 blocks"
"2026-09-28T08:33:42.497Z","mc-mod","https://www.mc-mod.net/schematics/courthouse-design/","public_courthouse-design_mc-mod_x.schematic","https://dl2.9minecraft.net/dl2storage800/Courthouse-Design.schematic","downloaded","","49x28x42, 9618 blocks"
"2026-09-28T08:33:42.852Z","mc-mod","https://www.mc-mod.net/schematics/cozy-village-library/","public_cozy-village-library_mc-mod_1.16.5.schem","https://dl2.9minecraft.net/dl2storage800/Cozy-Village-Library.schem","downloaded","","20x12x17, 1412 blocks"
"2026-09-28T08:33:43.402Z","mc-mod","https://www.mc-mod.net/schematics/purple-football-stadium/","","https://dl2.9minecraft.net/dl2storage800/Purple-Football-Stadium.schem","incompatible","не NBT: NBT: byte array: слишком большая длина","Purple Football Stadium"
"2026-09-28T08:33:43.830Z","mc-mod","https://www.mc-mod.net/schematics/ancient-greek-theatre/","public_ancient-greek-theatre_mc-mod_x.schematic","https://dl2.9minecraft.net/dl2storage800/Greek-theatre.schematic","downloaded","","94x45x59, 8761 blocks"
"2026-09-28T08:33:44.319Z","mc-mod","https://www.mc-mod.net/schematics/mastermind-prison-mine/","public_mastermind-prison-mine_mc-mod_x.schematic","https://dl2.9minecraft.net/dl2storage800/Mastermind-Prison-Mine.schematic","downloaded","","78x67x119, 36117 blocks"
"2026-09-28T08:33:44.661Z","mc-mod","https://www.mc-mod.net/schematics/server-town-hall-building/","public_server-town-hall-building_mc-mod_x.schematic","https://dl2.9minecraft.net/dl2storage800/Server-Town-Hall-Building.schematic","downloaded","","32x32x32, 7621 blocks"
"2026-09-28T08:33:45.121Z","mc-mod","https://www.mc-mod.net/schematics/repaired-stronghold-with-libraries/","public_repaired-stronghold-with-libraries_mc-mod_1.20.1.schem","https://dl2.9minecraft.net/dl2storage800/Repaired-Stronghold-With-Libraries.schem","downloaded","","118x26x139, 29715 blocks"
"2026-09-28T08:33:45.470Z","mc-mod","https://www.mc-mod.net/schematics/wooden-amphitheatre-structure/","public_wooden-amphitheatre-structure_mc-mod_1.16.3.schem","https://dl2.9minecraft.net/dl2storage800/Wooden-Amphitheatre-Structure.schem","downloaded","","63x25x70, 8274 blocks"
"2026-09-28T08:33:45.801Z","mc-mod","https://www.mc-mod.net/schematics/prisoner-transport-truck-vehicle/","vehicles_prisoner-transport-truck-vehicle_mc-mod_x.schematic","https://dl2.9minecraft.net/dl2storage800/Prisoner-Transport-Truck-Vehicle.schematic","downloaded","","5x4x9, 74 blocks"
"2026-09-28T08:33:46.385Z","mc-mod","https://www.mc-mod.net/schematics/courthouse-schematic/","","https://dl2.9minecraft.net/dl2storage800/Courthouse-Schematic.schematic","incompatible","не NBT: NBT: byte array: слишком большая длина","Courthouse Schematic"
"2026-09-28T08:33:46.758Z","mc-mod","https://www.mc-mod.net/schematics/britain-s-got-talent-theatre-with-interior/","public_britain-s-got-talent-theatre-with-interior_mc-mod_1.16.5.schem","https://dl2.9minecraft.net/dl2storage800/Britain-s-Got-Talent-Theatre-with-Interior-operational.schem","downloaded","","82x50x76, 91212 blocks"
"2026-09-28T08:33:47.102Z","mc-mod","https://www.mc-mod.net/schematics/simple-jail-structure/","public_simple-jail-structure_mc-mod_x.schematic","https://dl2.9minecraft.net/dl2storage800/Simple-Jail-Structure.schematic","downloaded","","6x6x6, 83 blocks"
"2026-09-28T08:33:47.456Z","mc-mod","https://www.mc-mod.net/schematics/quartz-town-hall-versatile-design/","public_quartz-town-hall-versatile-design_mc-mod_x.schematic","https://dl2.9minecraft.net/dl2storage800/Town-Hall-Building.schematic","downloaded","","46x17x30, 4384 blocks"
"2026-09-28T08:33:47.824Z","mc-mod","https://www.mc-mod.net/schematics/ancient-mayan-amphitheater-structure/","public_ancient-mayan-amphitheater-structure_mc-mod_1.20.1.schem","https://dl2.9minecraft.net/dl2storage800/Ancient-Mayan-Amphitheater-Structure.schem","downloaded","","33x22x25, 3063 blocks"
"2026-09-28T08:33:48.168Z","mc-mod","https://www.mc-mod.net/schematics/bedrock-prison-structure/","public_bedrock-prison-structure_mc-mod_1.16.4.schem","https://dl2.9minecraft.net/dl2storage800/Bedrock-Prison-Structure.schem","downloaded","","7x4x8, 162 blocks"
"2026-09-28T08:33:48.508Z","mc-mod","https://www.mc-mod.net/schematics/simple-town-hall-design/","public_simple-town-hall-design_mc-mod_x.schematic","https://dl2.9minecraft.net/dl2storage800/Simple-Town-Hall-Design.schematic","downloaded","","23x27x29, 2787 blocks"
"2026-09-28T08:33:48.838Z","mc-mod","https://www.mc-mod.net/schematics/mayan-amphitheater/","","https://dl2.9minecraft.net/dl2storage800/Mayan-Amphitheater.schem","duplicate","","sha256 already in library"
"2026-09-28T08:33:49.372Z","mc-mod","https://www.mc-mod.net/schematics/pandoras-vault-prison-structure/","","https://dl2.9minecraft.net/dl2storage800/Pandora-s-Vault-Prison-Structure.schem","incompatible","не NBT: схема .schem: слишком большой объём","Pandora’s Vault Prison Structure"
"2026-09-28T08:33:49.748Z","mc-mod","https://www.mc-mod.net/schematics/covid-19-testing-town-hall-center/","public_covid-19-testing-town-hall-center_mc-mod_x.schematic","https://dl2.9minecraft.net/dl2storage800/town-hall-Covid-19-testing.schematic","downloaded","","14x15x16, 679 blocks"
"2026-09-28T08:33:50.211Z","mc-mod","https://www.mc-mod.net/schematics/corner-cinema-and-houses/","public_corner-cinema-and-houses_mc-mod_1.14.4.schem","https://dl2.9minecraft.net/dl2storage800/Corner-Cinema-and-Houses.schem","downloaded","","38x32x51, 17310 blocks"
"2026-09-28T08:33:50.847Z","mc-mod","https://www.mc-mod.net/schematics/hades-vault-prison-structure/","","https://dl2.9minecraft.net/dl2storage800/Hades-Vault-Prison-Structure.schem","incompatible","не NBT: схема .schem: слишком большой объём","Hades Vault Prison Structure"
"2026-09-28T08:33:51.189Z","mc-mod","https://www.mc-mod.net/schematics/basic-city-hall-for-small-towns/","public_basic-city-hall-for-small-towns_mc-mod_1.15.2.schem","https://dl2.9minecraft.net/dl2storage800/City-hall.schem","downloaded","","32x28x30, 6848 blocks"
"2026-09-28T08:33:51.640Z","mc-mod","https://www.mc-mod.net/schematics/grand-performance-theatre/","public_grand-performance-theatre_mc-mod_1.14.4.schem","https://dl2.9minecraft.net/dl2storage800/Grand-Performance-Theatre.schem","downloaded","","80x66x67, 40683 blocks"
"2026-09-28T08:33:52.000Z","mc-mod","https://www.mc-mod.net/schematics/european-style-prison-bus/","vehicles_european-style-prison-bus_mc-mod_1.18.1.schem","https://dl2.9minecraft.net/dl2storage800/European-Style-Prison-Bus.schem","downloaded","","84x38x40, 9177 blocks"
"2026-09-28T08:33:52.364Z","mc-mod","https://www.mc-mod.net/schematics/hermitcraft-season-7-town-hall-replica/","public_hermitcraft-season-7-town-hall-replica_mc-mod_1.16.5.schem","https://dl2.9minecraft.net/dl2storage800/Hermitcraft-Season-7-Town-Hall-Replica.schem","downloaded","","50x45x41, 13652 blocks"
"2026-09-28T08:33:52.710Z","mc-mod","https://www.mc-mod.net/schematics/french-town-hall-building/","public_french-town-hall-building_mc-mod_1.16.5.schem","https://dl2.9minecraft.net/dl2storage800/French-Town-Hall-Building.schem","downloaded","","77x16x53, 10101 blocks"
"2026-09-28T08:33:53.059Z","mc-mod","https://www.mc-mod.net/schematics/simple-courthouse-design-v2/","public_simple-courthouse-design-v2_mc-mod_1.16.5.schem","https://dl2.9minecraft.net/dl2storage800/Simple-Courthouse-Design-V2.schem","downloaded","","36x12x38, 1566 blocks"
"2026-09-28T08:33:53.414Z","mc-mod","https://www.mc-mod.net/schematics/town-hall-building-2/","public_town-hall-building-2_mc-mod_1.17.1.schem","https://dl2.9minecraft.net/dl2storage800/Town-Hall-Building.schem","downloaded","","76x51x38, 16521 blocks"
"2026-09-28T08:33:53.752Z","mc-mod","https://www.mc-mod.net/schematics/village-town-hall-building/","public_village-town-hall-building_mc-mod_x.schematic","https://dl2.9minecraft.net/dl2storage800/Village-Town-Hall-Building.schematic","downloaded","","18x10x16, 949 blocks"
"2026-09-28T08:33:54.199Z","mc-mod","https://www.mc-mod.net/schematics/diorite-stone-factory-2605-blocks/","industrial_diorite-stone-factory-2605-blocks_mc-mod_1.21.1.nbt","https://dl2.9minecraft.net/dl2storage800/Diorite-Stone-Factory-2605-Blocks.nbt","downloaded","","41x8x21, 2036 blocks"
"2026-09-28T08:33:54.603Z","mc-mod","https://www.mc-mod.net/schematics/industrial-warehouse-building/","industrial_industrial-warehouse-building_mc-mod_x.schematic","https://dl2.9minecraft.net/dl2storage800/Industrial-Warehouse-Building.schematic","downloaded","","76x20x148, 27864 blocks"
"2026-09-28T08:33:55.137Z","mc-mod","https://www.mc-mod.net/schematics/extreme-reactor-nuclear-power-plant/","","https://dl2.9minecraft.net/dl2storage800/Extreme-Reactor-Nuclear-Power-Plant.schematic","incompatible","","bad dimensions 30x28x30 blocks=0"
"2026-09-28T08:33:55.496Z","mc-mod","https://www.mc-mod.net/schematics/rustic-water-tower/","towers_rustic-water-tower_mc-mod_1.16.3.schem","https://dl2.9minecraft.net/dl2storage800/Rustic-Water-Tower.schem","downloaded","","11x22x13, 669 blocks"
"2026-09-28T08:33:55.831Z","mc-mod","https://www.mc-mod.net/schematics/fallout-3-style-grain-silo/","industrial_fallout-3-style-grain-silo_mc-mod_x.schematic","https://dl2.9minecraft.net/dl2storage800/Fallout-3-Style-Grain-Silo.schematic","downloaded","","13x22x13, 556 blocks"
"2026-09-28T08:33:56.181Z","mc-mod","https://www.mc-mod.net/schematics/small-industrial-factory-structure/","industrial_small-industrial-factory-structure_mc-mod_x.schematic","https://dl2.9minecraft.net/dl2storage800/Small-Industrial-Factory-Structure.schematic","downloaded","","22x32x19, 1171 blocks"
"2026-09-28T08:33:56.641Z","mc-mod","https://www.mc-mod.net/schematics/granite-concrete-factory-8286-blocks/","industrial_granite-concrete-factory-8286-blocks_mc-mod_1.21.1.nbt","https://dl2.9minecraft.net/dl2storage800/Granite-Concrete-Factory-8286-Blocks.nbt","downloaded","","29x14x55, 7300 blocks"
"2026-09-28T08:33:57.010Z","mc-mod","https://www.mc-mod.net/schematics/village-warehouse-structure/","industrial_village-warehouse-structure_mc-mod_x.schematic","https://dl2.9minecraft.net/dl2storage800/Village-Warehouse-Structure.schematic","downloaded","","31x18x18, 2737 blocks"
"2026-09-28T08:33:57.352Z","mc-mod","https://www.mc-mod.net/schematics/solarpunk-quartz-tower/","towers_solarpunk-quartz-tower_mc-mod_1.20.1.schem","https://dl2.9minecraft.net/dl2storage800/Solarpunk-Quartz-Tower.schem","downloaded","","35x232x35, 13562 blocks"
"2026-09-28T08:33:57.725Z","mc-mod","https://www.mc-mod.net/schematics/modern-water-mill-structure/","industrial_modern-water-mill-structure_mc-mod_x.schematic","https://dl2.9minecraft.net/dl2storage800/Modern-Water-Mill-Structure.schematic","downloaded","","17x37x17, 1414 blocks"
"2026-09-28T08:33:58.245Z","mc-mod","https://www.mc-mod.net/schematics/spacious-industrial-warehouse-building/","industrial_spacious-industrial-warehouse-building_mc-mod_x.schematic","https://dl2.9minecraft.net/dl2storage800/Spacious-Industrial-Warehouse-Building.schematic","downloaded","","98x29x237, 40448 blocks"
"2026-09-28T08:33:58.575Z","mc-mod","https://www.mc-mod.net/schematics/stone-brick-factory-building/","industrial_stone-brick-factory-building_mc-mod_1.20.1.nbt","https://dl2.9minecraft.net/dl2storage800/Stone-Brick-Factory-Building.nbt","downloaded","","16x11x28, 1794 blocks"
"2026-09-28T08:33:59.029Z","mc-mod","https://www.mc-mod.net/schematics/industrial-warehouse-storage-facility/","industrial_industrial-warehouse-storage-facility_mc-mod_x.schematic","https://dl2.9minecraft.net/dl2storage800/Industrial-Warehouse-Storage-Facility.schematic","downloaded","","100x24x155, 31351 blocks"
"2026-09-28T08:33:59.387Z","mc-mod","https://www.mc-mod.net/schematics/minecraft-lumber-mill-structure/","industrial_minecraft-lumber-mill-structure_mc-mod_x.schematic","https://dl2.9minecraft.net/dl2storage800/Minecraft-Lumber-Mill-Structure.schematic","downloaded","","9x11x19, 684 blocks"
"2026-09-28T08:33:59.735Z","mc-mod","https://www.mc-mod.net/schematics/industrial-pipe-with-pressure-gauge/","industrial_industrial-pipe-with-pressure-gauge_mc-mod_x.schematic","https://dl2.9minecraft.net/dl2storage800/Industrial-Pipe-with-Pressure-Gauge.schematic","downloaded","","13x23x5, 540 blocks"
"2026-09-28T08:34:00.285Z","mc-mod","https://www.mc-mod.net/schematics/maxton-heavy-industries-vehicle-factory/","","https://dl2.9minecraft.net/dl2storage800/Maxton-Heavy-Industries-Vehicle-Factory.schematic","incompatible","не NBT: схема .schematic: слишком большой объём","Maxton Heavy Industries Vehicle Factory"
"2026-09-28T08:34:00.715Z","mc-mod","https://www.mc-mod.net/schematics/warehouse-7-industrial-building/","industrial_warehouse-7-industrial-building_mc-mod_x.schematic","https://dl2.9minecraft.net/dl2storage800/Warehouse-7.schematic","downloaded","","157x18x105, 30693 blocks"
"2026-09-28T08:34:01.415Z","mc-mod","https://www.mc-mod.net/schematics/euromast-style-storage-silo/","","https://dl2.9minecraft.net/dl2storage800/Euromast-Style-Storage-Silo.schem","incompatible","не NBT: NBT: byte array: слишком большая длина","Euromast Style Storage Silo"
"2026-09-28T08:34:02.023Z","mc-mod","https://www.mc-mod.net/schematics/industrial-style-bridge/","bridges_industrial-style-bridge_mc-mod_x.schematic","https://dl2.9minecraft.net/dl2storage800/Industrial-Style-Bridge.schematic","downloaded","","85x19x13, 2574 blocks"
"2026-09-28T08:34:02.538Z","mc-mod","https://www.mc-mod.net/schematics/industrial-factory-hall/","industrial_industrial-factory-hall_mc-mod_x.schematic","https://dl2.9minecraft.net/dl2storage800/Industrial-Factory-Hall.schematic","downloaded","","29x58x62, 7135 blocks"
"2026-09-28T08:34:02.886Z","mc-mod","https://www.mc-mod.net/schematics/create-mod-birch-lumber-mill-and-factory/","industrial_create-mod-birch-lumber-mill-and-factory_mc-mod_1.21.1.nbt","https://dl2.9minecraft.net/dl2storage800/Create-Mod-Birch-Lumber-Mill-and-Factory.nbt","downloaded","","16x22x16, 1062 blocks"
"2026-09-28T08:34:03.614Z","mc-mod","https://www.mc-mod.net/schematics/rustic-wood-workshop/","industrial_rustic-wood-workshop_mc-mod_x.schematic","https://dl2.9minecraft.net/dl2storage800/Wood-Shop.schematic","downloaded","","69x87x70, 65191 blocks"
"2026-09-28T08:34:03.992Z","mc-mod","https://www.mc-mod.net/schematics/factory-floor-with-create-blocks-grid-design/","","https://dl2.9minecraft.net/dl2storage800/Floor-with-Create-Blocks.nbt","incompatible","","bad dimensions 8x1x53 blocks=0"
"2026-09-28T08:34:04.487Z","mc-mod","https://www.mc-mod.net/schematics/abandoned-textile-mill-structure/","industrial_abandoned-textile-mill-structure_mc-mod_x.schematic","https://dl2.9minecraft.net/dl2storage800/Abandoned-Textile-Mill-Structure.schematic","downloaded","","44x24x57, 41032 blocks"
"2026-09-28T08:34:04.836Z","mc-mod","https://www.mc-mod.net/schematics/create-mod-basic-workshop/","industrial_create-mod-basic-workshop_mc-mod_1.21.1.nbt","https://dl2.9minecraft.net/dl2storage800/Create-Mod-Basic-Workshop.nbt","downloaded","","16x12x16, 555 blocks"
"2026-09-28T08:34:05.289Z","mc-mod","https://www.mc-mod.net/schematics/create-mod-andesite-factory/","industrial_create-mod-andesite-factory_mc-mod_1.21.1.nbt","https://dl2.9minecraft.net/dl2storage800/Create-Mod-Andesite-Factory.nbt","downloaded","","15x33x15, 2034 blocks"
"2026-09-28T08:34:05.734Z","mc-mod","https://www.mc-mod.net/schematics/mega-clothing-store-with-workshop/","industrial_mega-clothing-store-with-workshop_mc-mod_1.14.4.schem","https://dl2.9minecraft.net/dl2storage800/Mega-Clothing-Store-With-Workshop.schem","downloaded","","33x41x21, 8348 blocks"
"2026-09-28T08:34:06.139Z","mc-mod","https://www.mc-mod.net/schematics/create-16x16-andesite-alloy-factory/","industrial_create-16x16-andesite-alloy-factory_mc-mod_1.21.1.nbt","https://dl2.9minecraft.net/dl2storage800/Create-16x16-Andesite-Alloy-Factory.nbt","downloaded","","16x29x16, 2243 blocks"
"2026-09-28T08:34:06.493Z","mc-mod","https://www.mc-mod.net/schematics/aik-foundry-structure/","industrial_aik-foundry-structure_mc-mod_1.14.4.schem","https://dl2.9minecraft.net/dl2storage800/AIK-Foundry-Structure.schem","downloaded","","29x60x36, 61258 blocks"
"2026-09-28T08:34:07.156Z","mc-mod","https://www.mc-mod.net/schematics/factory-build-v3/","industrial_factory-build-v3_mc-mod_1.20.1.nbt","https://dl2.9minecraft.net/dl2storage800/Factory-Build-V3.nbt","downloaded","","84x57x81, 24644 blocks"
"2026-09-28T08:34:07.561Z","mc-mod","https://www.mc-mod.net/schematics/advanced-syngas-industrial-complex/","industrial_advanced-syngas-industrial-complex_mc-mod_x.schematic","https://dl2.9minecraft.net/dl2storage800/Advanced-Syngas-Industrial-Complex.schematic","downloaded","","89x18x47, 18268 blocks"
"2026-09-28T08:34:07.903Z","mc-mod","https://www.mc-mod.net/schematics/create-mod-gravel-factory-16x16/","industrial_create-mod-gravel-factory-16x16_mc-mod_1.21.1.nbt","https://dl2.9minecraft.net/dl2storage800/Create-Mod-Gravel-Factory-16x16.nbt","downloaded","","16x15x16, 894 blocks"
"2026-09-28T08:34:08.386Z","mc-mod","https://www.mc-mod.net/schematics/industrial-age-factory-structure/","","https://dl2.9minecraft.net/dl2storage800/Industrial-Age-Factory-Structure.schem","incompatible","не NBT: NBT: byte array: слишком большая длина","Industrial Age Factory Structure"
"2026-09-28T08:34:08.757Z","mc-mod","https://www.mc-mod.net/schematics/create-mod-andesite-factory-16x16-taiga/","industrial_create-mod-andesite-factory-16x16-taiga_mc-mod_1.21.1.nbt","https://dl2.9minecraft.net/dl2storage800/CREATE-16x16-FAbrica-de-Andesita-AleaciA3n-de-Andesita-TAIGA.nbt","downloaded","","16x33x16, 2895 blocks"
"2026-09-28T08:34:09.107Z","mc-mod","https://www.mc-mod.net/schematics/industrial-style-modern-house/","industrial_industrial-style-modern-house_mc-mod_1.14.4.schem","https://dl2.9minecraft.net/dl2storage800/Industrial-Style-Modern-House.schem","downloaded","","30x42x31, 9071 blocks"
"2026-09-28T08:34:09.574Z","mc-mod","https://www.mc-mod.net/schematics/create-mod-andesite-factory-in-16x16-chunk/","industrial_create-mod-andesite-factory-in-16x16-chunk_mc-mod_1.21.1.nbt","https://dl2.9minecraft.net/dl2storage800/Create-Mod-Andesite-Alloy-Factory.nbt","downloaded","","15x34x15, 2126 blocks"
"2026-09-28T08:34:09.958Z","mc-mod","https://www.mc-mod.net/schematics/industrial-style-house/","industrial_industrial-style-house_mc-mod_1.14.4.schem","https://dl2.9minecraft.net/dl2storage800/Industrial-Style-House.schem","downloaded","","30x60x31, 12542 blocks"
"2026-09-28T08:34:10.291Z","mc-mod","https://www.mc-mod.net/schematics/industrial-factory-building-4/","industrial_industrial-factory-building-4_mc-mod_1.14.4.schem","https://dl2.9minecraft.net/dl2storage800/Industrial-Factory-Building.schem","downloaded","","20x27x34, 4762 blocks"
"2026-09-28T08:34:10.624Z","mc-mod","https://www.mc-mod.net/schematics/rustic-farmhouse-shop/","commercial_rustic-farmhouse-shop_mc-mod_x.schematic","https://dl2.9minecraft.net/dl2storage800/Rustic-Farmhouse-Shop.schematic","downloaded","","33x15x28, 2766 blocks"
"2026-09-28T08:34:11.028Z","mc-mod","https://www.mc-mod.net/schematics/town-layout-with-plots-for-houses-and-markets/","residential_town-layout-with-plots-for-houses-and-markets_mc-mod_x.schematic","https://dl2.9minecraft.net/dl2storage800/Town-Layout-with-Plots-for-Houses-and-Markets.schematic","downloaded","","130x11x144, 4237 blocks"
"2026-09-28T08:34:11.375Z","mc-mod","https://www.mc-mod.net/schematics/modern-mcdonalds-restaurant-with-exterior/","commercial_modern-mcdonalds-restaurant-with-exterior_mc-mod_x.schematic","https://dl2.9minecraft.net/dl2storage800/Modern-McDonald-s-Restaurant-With-Exterior.schematic","downloaded","","35x21x44, 2854 blocks"
"2026-09-28T08:34:11.908Z","mc-mod","https://www.mc-mod.net/schematics/grand-hotel-modern-edition/","","https://dl2.9minecraft.net/dl2storage800/Grand-Hotel-Modern-Edition.schematic","incompatible","не NBT: схема .schematic: слишком большой объём","Grand Hotel – Modern Edition"
"2026-09-28T08:34:13.320Z","mc-mod","https://www.mc-mod.net/schematics/union-bank-building/","commercial_union-bank-building_mc-mod_x.schematic","https://dl2.9minecraft.net/dl2storage800/Union-Bank-Building.schematic","downloaded","","85x173x45, 610233 blocks"
"2026-09-28T08:34:13.788Z","mc-mod","https://www.mc-mod.net/schematics/downtown-shopping-mall/","","https://dl2.9minecraft.net/dl2storage800/Downtown-Shopping-Mall.schematic","incompatible","не NBT: схема .schematic: слишком большой объём","Downtown Shopping Mall"
"2026-09-28T08:34:14.134Z","mc-mod","https://www.mc-mod.net/schematics/circuit-city-electronics-store/","","https://dl2.9minecraft.net/dl2storage800/Circuit-City-Electronics-Store.schematic","incompatible","не NBT: схема .schematic: слишком большой объём","Circuit City Electronics Store"
"2026-09-28T08:34:14.572Z","mc-mod","https://www.mc-mod.net/schematics/classical-greek-market/","commercial_classical-greek-market_mc-mod_1.21.schem","https://dl2.9minecraft.net/dl2storage800/Classical-Greek-Market.schem","downloaded","","75x46x75, 11314 blocks"
"2026-09-28T08:34:14.911Z","mc-mod","https://www.mc-mod.net/schematics/unique-treehouse-restaurant/","commercial_unique-treehouse-restaurant_mc-mod_x.schematic","https://dl2.9minecraft.net/dl2storage800/Unique-Treehouse-Restaurant.schematic","downloaded","","15x8x17, 961 blocks"
"2026-09-28T08:34:15.568Z","mc-mod","https://www.mc-mod.net/schematics/first-world-hotel-resort-replica/","","https://dl2.9minecraft.net/dl2storage800/First-World-Hotel-Resort-Replica.schematic","incompatible","не NBT: схема .schematic: слишком большой объём","First World Hotel Resort Replica"
"2026-09-28T08:34:16.063Z","mc-mod","https://www.mc-mod.net/schematics/craftbank-corporation-bank-building/","","https://dl2.9minecraft.net/dl2storage800/CraftBank-Corporation-Bank-Building.schematic","incompatible","не NBT: схема .schematic: слишком большой объём","CraftBank Corporation Bank Building"
"2026-09-28T08:34:16.429Z","mc-mod","https://www.mc-mod.net/schematics/the-x-mall/","commercial_the-x-mall_mc-mod_1.16.4.schem","https://dl2.9minecraft.net/dl2storage800/The-X-Mall.schem","downloaded","","20x20x21, 2488 blocks"
"2026-09-28T08:34:16.782Z","mc-mod","https://www.mc-mod.net/schematics/witchs-potion-shop-house/","commercial_witchs-potion-shop-house_mc-mod_x.schematic","https://dl2.9minecraft.net/dl2storage800/Witch-s-Potion-Shop-House.schematic","downloaded","","17x21x21, 1985 blocks"
"2026-09-28T08:34:17.152Z","mc-mod","https://www.mc-mod.net/schematics/fallout-3-diner-restaurant-build/","commercial_fallout-3-diner-restaurant-build_mc-mod_x.schematic","https://dl2.9minecraft.net/dl2storage800/Fallout-3-Diner-Restaurant-Build.schematic","downloaded","","17x6x14, 499 blocks"
"2026-09-28T08:34:17.689Z","mc-mod","https://www.mc-mod.net/schematics/celestial-hotel-with-landing-disc/","","https://dl2.9minecraft.net/dl2storage800/Celestial-Hotel-with-Landing-Disc.schematic","incompatible","не NBT: схема .schematic: слишком большой объём","Celestial Hotel with Landing Disc"
"2026-09-28T08:34:18.051Z","mc-mod","https://www.mc-mod.net/schematics/gold-bank-vault-tower/","commercial_gold-bank-vault-tower_mc-mod_x.schematic","https://dl2.9minecraft.net/dl2storage800/Gold-Bank-Vault-Tower.schematic","downloaded","","16x15x11, 1087 blocks"
"2026-09-28T08:34:18.415Z","mc-mod","https://www.mc-mod.net/schematics/modern-shopping-mall/","commercial_modern-shopping-mall_mc-mod_1.14.4.schem","https://dl2.9minecraft.net/dl2storage800/Modern-Shopping-Mall.schem","downloaded","","43x41x33, 13257 blocks"
"2026-09-28T08:34:18.762Z","mc-mod","https://www.mc-mod.net/schematics/birch-blacksmith-shop/","commercial_birch-blacksmith-shop_mc-mod_x.schematic","https://dl2.9minecraft.net/dl2storage800/Birch-Blacksmith-Shop.schematic","downloaded","","7x6x10, 276 blocks"
"2026-09-28T08:34:19.123Z","mc-mod","https://www.mc-mod.net/schematics/seabubbles-cafe-building/","commercial_seabubbles-cafe-building_mc-mod_x.schematic","https://dl2.9minecraft.net/dl2storage800/Seabubbles-Cafe-Building.schematic","downloaded","","14x10x14, 417 blocks"
"2026-09-28T08:34:19.790Z","mc-mod","https://www.mc-mod.net/schematics/50-story-hotel-tower/","","https://dl2.9minecraft.net/dl2storage800/50-Story-Hotel-Tower.schematic","incompatible","не NBT: NBT: byte array: слишком большая длина","50 Story Hotel Tower"
"2026-09-28T08:34:20.152Z","mc-mod","https://www.mc-mod.net/schematics/blacksmith-shop-structure/","commercial_blacksmith-shop-structure_mc-mod_x.schematic","https://dl2.9minecraft.net/dl2storage800/Blacksmith-Shop-Structure.schematic","downloaded","","7x6x10, 276 blocks"
"2026-09-28T08:34:20.504Z","mc-mod","https://www.mc-mod.net/schematics/joes-diner-restaurant/","commercial_joes-diner-restaurant_mc-mod_x.schematic","https://dl2.9minecraft.net/dl2storage800/Joe-s-Diner-Restaurant.schematic","downloaded","","16x9x13, 929 blocks"
"2026-09-28T08:34:21.024Z","mc-mod","https://www.mc-mod.net/schematics/beachfront-hotel-tower/","","https://dl2.9minecraft.net/dl2storage800/Beachfront-Hotel-Tower.schem","incompatible","не NBT: схема .schem: слишком большой объём","Beachfront Hotel Tower"
"2026-09-28T08:34:21.384Z","mc-mod","https://www.mc-mod.net/schematics/brick-blacksmith-shop/","commercial_brick-blacksmith-shop_mc-mod_x.schematic","https://dl2.9minecraft.net/dl2storage800/Brick-Blacksmith-Shop.schematic","downloaded","","7x6x10, 276 blocks"
"2026-09-28T08:34:21.776Z","mc-mod","https://www.mc-mod.net/schematics/modern-fast-food-restaurant/","commercial_modern-fast-food-restaurant_mc-mod_x.schematic","https://dl2.9minecraft.net/dl2storage800/Modern-Fast-Food-Restaurant.schematic","downloaded","","18x24x25, 960 blocks, many unmapped blocks"
"2026-09-28T08:34:22.109Z","mc-mod","https://www.mc-mod.net/schematics/blacksmith-shop-npc/","commercial_blacksmith-shop-npc_mc-mod_x.schematic","https://dl2.9minecraft.net/dl2storage800/Blacksmith-Shop-NPC.schematic","downloaded","","7x6x10, 276 blocks"
"2026-09-28T08:34:22.474Z","mc-mod","https://www.mc-mod.net/schematics/mcdonalds-restaurant-with-play-area/","commercial_mcdonalds-restaurant-with-play-area_mc-mod_x.schematic","https://dl2.9minecraft.net/dl2storage800/McDonald-s-Restaurant-with-Play-Area.schematic","downloaded","","55x24x67, 7239 blocks"
"2026-09-28T08:34:22.819Z","mc-mod","https://www.mc-mod.net/schematics/blacksmith-shop-in-jungle-setting/","commercial_blacksmith-shop-in-jungle-setting_mc-mod_x.schematic","https://dl2.9minecraft.net/dl2storage800/Blacksmith-Shop-in-Jungle-Setting.schematic","downloaded","","7x6x10, 276 blocks"
"2026-09-28T08:34:23.184Z","mc-mod","https://www.mc-mod.net/schematics/spanish-italian-fusion-restaurant/","commercial_spanish-italian-fusion-restaurant_mc-mod_x.schematic","https://dl2.9minecraft.net/dl2storage800/Spanish-Italian-Fusion-Restaurant.schematic","downloaded","","35x30x36, 3381 blocks"
"2026-09-28T08:34:23.524Z","mc-mod","https://www.mc-mod.net/schematics/oak-blacksmith-shop/","commercial_oak-blacksmith-shop_mc-mod_x.schematic","https://dl2.9minecraft.net/dl2storage800/Oak-Blacksmith-Shop.schematic","downloaded","","7x6x10, 276 blocks"
"2026-09-28T08:34:23.856Z","mc-mod","https://www.mc-mod.net/schematics/mcdonalds-restaurant-building/","commercial_mcdonalds-restaurant-building_mc-mod_x.schematic","https://dl2.9minecraft.net/dl2storage800/McDonald-s-Restaurant-Building.schematic","downloaded","","29x15x36, 2794 blocks"
"2026-09-28T08:34:24.259Z","mc-mod","https://www.mc-mod.net/schematics/blacksmith-shop-sandstone-design/","commercial_blacksmith-shop-sandstone-design_mc-mod_x.schematic","https://dl2.9minecraft.net/dl2storage800/Blacksmith-Shop-Sandstone-Design.schematic","downloaded","","7x6x10, 276 blocks"
"2026-09-28T08:34:24.611Z","mc-mod","https://www.mc-mod.net/schematics/restaurant-bar-towers/","commercial_restaurant-bar-towers_mc-mod_1.14.2.schematic","https://dl2.9minecraft.net/dl2storage800/Restaurant-Bar-Towers.schematic","downloaded","","20x92x41, 13680 blocks"
"2026-09-28T08:34:24.965Z","mc-mod","https://www.mc-mod.net/schematics/spruce-blacksmith-shop/","commercial_spruce-blacksmith-shop_mc-mod_x.schematic","https://dl2.9minecraft.net/dl2storage800/Spruce-Blacksmith-Shop.schematic","downloaded","","7x6x10, 276 blocks"
"2026-09-28T08:34:25.774Z","mc-mod","https://www.mc-mod.net/schematics/mcdonalds-restaurant/","commercial_mcdonalds-restaurant_mc-mod_x.schematic","https://dl2.9minecraft.net/dl2storage800/McDonalds-Restaurant.schematic","downloaded","","18x16x28, 3441 blocks"
"2026-09-28T08:34:26.107Z","mc-mod","https://www.mc-mod.net/schematics/blacksmith-shop-exterior/","commercial_blacksmith-shop-exterior_mc-mod_x.schematic","https://dl2.9minecraft.net/dl2storage800/Blacksmith-Shop-Exterior.schematic","downloaded","","7x6x10, 276 blocks"
"2026-09-28T08:34:26.450Z","mc-mod","https://www.mc-mod.net/schematics/small-minecraft-bakery-shop/","commercial_small-minecraft-bakery-shop_mc-mod_x.schematic","https://dl2.9minecraft.net/dl2storage800/Small-Minecraft-Bakery-Shop.schematic","downloaded","","5x4x10, 76 blocks"
"2026-09-28T08:34:26.782Z","mc-mod","https://www.mc-mod.net/schematics/modern-retail-store/","","https://dl2.9minecraft.net/dl2storage800/Modern-Retail-Store.schematic","duplicate","","sha256 already in library"
"2026-09-28T08:34:27.120Z","mc-mod","https://www.mc-mod.net/schematics/restaurant-building/","commercial_restaurant-building_mc-mod_x.schematic","https://dl2.9minecraft.net/dl2storage800/Restaurant-Building.schematic","downloaded","","35x36x27, 1686 blocks, many unmapped blocks"
"2026-09-28T08:34:27.473Z","mc-mod","https://www.mc-mod.net/schematics/gucci-store/","commercial_gucci-store_mc-mod_x.schematic","https://dl2.9minecraft.net/dl2storage800/Gucci-Store.schematic","downloaded","","21x17x12, 727 blocks"
"2026-09-28T08:34:28.156Z","mc-mod","https://www.mc-mod.net/schematics/modern-eco-skyscraper-house/","","https://dl2.9minecraft.net/dl2storage800/Modern-Eco-Skyscraper-House.schematic","incompatible","не NBT: NBT: byte array: слишком большая длина","Modern Eco Skyscraper House"
"2026-09-28T08:34:28.528Z","mc-mod","https://www.mc-mod.net/schematics/quartz-gold-modern-office-tower/","towers_quartz-gold-modern-office-tower_mc-mod_x.schematic","https://dl2.9minecraft.net/dl2storage800/Modern-Office-Tower.schematic","downloaded","","17x98x33, 22594 blocks"
"2026-09-28T08:34:28.993Z","mc-mod","https://www.mc-mod.net/schematics/cobblestone-and-glass-portal-towers/","public_cobblestone-and-glass-portal-towers_mc-mod_x.schematic","https://dl2.9minecraft.net/dl2storage800/Cobblestone-and-Glass-Portal-Towers.schematic","downloaded","","74x71x92, 28350 blocks"
"2026-09-28T08:34:30.247Z","mc-mod","https://www.mc-mod.net/schematics/quadrominium-apartment-towers/","","https://dl2.9minecraft.net/dl2storage800/Quadrominium-Apartment-Towers.schematic","incompatible","не NBT: NBT: слишком много тегов","Quadrominium Apartment Towers"
"2026-09-28T08:34:30.823Z","mc-mod","https://www.mc-mod.net/schematics/hi-business-corporation-v2-modern-skyscraper/","","https://dl2.9minecraft.net/dl2storage800/Hi-Business-Corporation-V2-Modern-Skyscraper.schematic","incompatible","не NBT: схема .schematic: слишком большой объём","Hi-Business Corporation V2 Modern Skyscraper"
"2026-09-28T08:34:31.213Z","mc-mod","https://www.mc-mod.net/schematics/duffield-corporation-office-building/","","https://dl2.9minecraft.net/dl2storage800/Duffield-Corporation-Office-Building.schematic","incompatible","не NBT: схема .schematic: слишком большой объём","Duffield Corporation Office Building"
"2026-09-28T08:34:31.643Z","mc-mod","https://www.mc-mod.net/schematics/abandonedcraft-fortress-tower/","towers_abandonedcraft-fortress-tower_mc-mod_x.schematic","https://dl2.9minecraft.net/dl2storage800/Abandonedcraft-Fortress-Tower.schematic","downloaded","","28x125x49, 30854 blocks"
"2026-09-28T08:34:32.291Z","mc-mod","https://www.mc-mod.net/schematics/high-rise-condominium-tower/","","https://dl2.9minecraft.net/dl2storage800/High-Rise-Condominium-Tower.schematic","incompatible","не NBT: схема .schematic: слишком большой объём","High-Rise Condominium Tower"
"2026-09-28T08:34:33.218Z","mc-mod","https://www.mc-mod.net/schematics/big-bend-skyscraper-600m-tall/","towers_big-bend-skyscraper-600m-tall_mc-mod_x.schematic","https://dl2.9minecraft.net/dl2storage800/Big-Bend-Skyscraper-600m-Tall.schematic","downloaded","","170x184x32, 184334 blocks"
"2026-09-28T08:34:33.710Z","mc-mod","https://www.mc-mod.net/schematics/minamoto-corporation-modern-office-building/","","https://dl2.9minecraft.net/dl2storage800/Minamoto-Corporation-Modern-Office-Building.schematic","incompatible","не NBT: схема .schematic: слишком большой объём","Minamoto Corporation Modern Office Building"
"2026-09-28T08:34:34.084Z","mc-mod","https://www.mc-mod.net/schematics/desert-tower-with-enchanting-room/","towers_desert-tower-with-enchanting-room_mc-mod_x.schematic","https://dl2.9minecraft.net/dl2storage800/Desert-Tower-with-Enchanting-Room.schematic","downloaded","","33x56x26, 4432 blocks"
"2026-09-28T08:34:34.520Z","mc-mod","https://www.mc-mod.net/schematics/modern-apartment-tower-with-amenities/","","https://dl2.9minecraft.net/dl2storage800/Modern-Apartment-Tower-with-Amenities.schematic","incompatible","не NBT: схема .schematic: слишком большой объём","Modern Apartment Tower with Amenities"
"2026-09-28T08:34:35.007Z","mc-mod","https://www.mc-mod.net/schematics/transamerica-pyramid-skyscraper/","","https://dl2.9minecraft.net/dl2storage800/Transamerica-Pyramid-Skyscraper.schematic","incompatible","не NBT: NBT: byte array: слишком большая длина","Transamerica Pyramid Skyscraper"
"2026-09-28T08:34:36.124Z","mc-mod","https://www.mc-mod.net/schematics/johanson-and-sons-corporation-office-tower/","","https://dl2.9minecraft.net/dl2storage800/Johanson-and-Sons-Corporation-Office-Tower.schematic","incompatible","не NBT: схема .schematic: слишком большой объём","Johanson and Sons Corporation Office Tower"
"2026-09-28T08:34:36.523Z","mc-mod","https://www.mc-mod.net/schematics/rustic-village-with-longhouse-and-towers/","public_rustic-village-with-longhouse-and-towers_mc-mod_x.schematic","https://dl2.9minecraft.net/dl2storage800/Rustic-Village-with-Longhouse-and-Towers.schematic","downloaded","","68x28x75, 21060 blocks"
"2026-09-28T08:34:37.084Z","mc-mod","https://www.mc-mod.net/schematics/premier-condominium-tower/","","https://dl2.9minecraft.net/dl2storage800/Premier-Condominium-Tower.schematic","incompatible","не NBT: схема .schematic: слишком большой объём","Premier Condominium Tower"
"2026-09-28T08:34:37.539Z","mc-mod","https://www.mc-mod.net/schematics/osborne-corporation-building-modern-skyscraper/","","https://dl2.9minecraft.net/dl2storage800/Osborne-Corporation-Building-Modern-Skyscraper.schematic","incompatible","не NBT: схема .schematic: слишком большой объём","Osborne Corporation Building: Modern Skyscraper"
"2026-09-28T08:34:38.172Z","mc-mod","https://www.mc-mod.net/schematics/desert-island-ruin-towers/","","https://dl2.9minecraft.net/dl2storage800/Desert-Island-Ruin-Towers.schematic","incompatible","не NBT: NBT: byte array: слишком большая длина","Desert Island Ruin Towers"
"2026-09-28T08:34:38.660Z","mc-mod","https://www.mc-mod.net/schematics/modern-city-condominium-tower/","","https://dl2.9minecraft.net/dl2storage800/Modern-City-Condominium-Tower.schematic","incompatible","не NBT: схема .schematic: слишком большой объём","Modern City Condominium Tower"
"2026-09-28T08:34:39.020Z","mc-mod","https://www.mc-mod.net/schematics/art-deco-skyscraper-cut-sandstone-tower/","","https://dl2.9minecraft.net/dl2storage800/Empire-State-Building-Skyscraper.schematic","incompatible","не NBT: схема .schematic: слишком большой объём","Art Deco Skyscraper – Cut Sandstone Tower"
"2026-09-28T08:34:39.428Z","mc-mod","https://www.mc-mod.net/schematics/desert-water-temple-with-symmetrical-towers/","public_desert-water-temple-with-symmetrical-towers_mc-mod_x.schematic","https://dl2.9minecraft.net/dl2storage800/Desert-Water-Temple-With-Symmetrical-Towers.schematic","downloaded","","59x19x59, 19943 blocks"
"2026-09-28T08:34:40.075Z","mc-mod","https://www.mc-mod.net/schematics/modern-condominium-tower/","","https://dl2.9minecraft.net/dl2storage800/Modern-Condominium-Tower.schematic","incompatible","не NBT: схема .schematic: слишком большой объём","Modern Condominium Tower"
"2026-09-28T08:34:40.519Z","mc-mod","https://www.mc-mod.net/schematics/block-showcase-tower-with-mini-biomes/","towers_block-showcase-tower-with-mini-biomes_mc-mod_x.schematic","https://dl2.9minecraft.net/dl2storage800/Block-Showcase-Tower-with-Mini-Biomes.schematic","downloaded","","97x23x98, 50275 blocks"
"2026-09-28T08:34:40.888Z","mc-mod","https://www.mc-mod.net/schematics/steampunk-skyscraper-model/","towers_steampunk-skyscraper-model_mc-mod_1.19.3.schem","https://dl2.9minecraft.net/dl2storage800/Steampunk-Skyscraper-Model.schem","downloaded","","53x251x56, 28420 blocks"
"2026-09-28T08:34:41.241Z","mc-mod","https://www.mc-mod.net/schematics/crusader-style-small-tower/","towers_crusader-style-small-tower_mc-mod_x.schematic","https://dl2.9minecraft.net/dl2storage800/Crusader-Style-Small-Tower.schematic","downloaded","","11x22x11, 853 blocks"
"2026-09-28T08:34:41.621Z","mc-mod","https://www.mc-mod.net/schematics/steampunk-skyscraper-model-4/","towers_steampunk-skyscraper-model-4_mc-mod_1.19.3.schem","https://dl2.9minecraft.net/dl2storage800/Steampunk-Skyscraper-Model-4.schem","downloaded","","44x251x50, 35644 blocks"
"2026-09-28T08:34:41.950Z","mc-mod","https://www.mc-mod.net/schematics/stone-tower-with-automatic-lighting/","towers_stone-tower-with-automatic-lighting_mc-mod_x.schematic","https://dl2.9minecraft.net/dl2storage800/Stone-Tower-with-Automatic-Lighting.schematic","downloaded","","7x16x7, 332 blocks"
"2026-09-28T08:34:42.387Z","mc-mod","https://www.mc-mod.net/schematics/steampunk-skyscraper-model-5-tower/","towers_steampunk-skyscraper-model-5-tower_mc-mod_1.19.3.schem","https://dl2.9minecraft.net/dl2storage800/Steampunk-Skyscraper-Model-5-Tower.schem","downloaded","","48x273x47, 51498 blocks"
"2026-09-28T08:34:43.372Z","mc-mod","https://www.mc-mod.net/schematics/world-trade-center-towers-replica/","","https://dl2.9minecraft.net/dl2storage800/World-Trade-Center-Towers-Replica.schematic","incompatible","не NBT: NBT: byte array: слишком большая длина","World Trade Center Towers Replica"
"2026-09-28T08:34:43.921Z","mc-mod","https://www.mc-mod.net/schematics/eiffel-tower/","towers_eiffel-tower_mc-mod_x.schematic","https://dl2.9minecraft.net/dl2storage800/Eiffel-Tower-Replica.schematic","downloaded","","65x193x65, 23853 blocks"
"2026-09-28T08:34:44.270Z","mc-mod","https://www.mc-mod.net/schematics/tower-trivia-game-show/","towers_tower-trivia-game-show_mc-mod_x.schematic","https://dl2.9minecraft.net/dl2storage800/Tower-Trivia-Game-Show.schematic","downloaded","","26x30x37, 4816 blocks"
"2026-09-28T08:34:44.627Z","mc-mod","https://www.mc-mod.net/schematics/enchanted-end-stone-brick-tower/","towers_enchanted-end-stone-brick-tower_mc-mod_x.schematic","https://dl2.9minecraft.net/dl2storage800/Enchanted-Wizard-Tower.schematic","downloaded","","17x67x17, 632 blocks, many unmapped blocks"
"2026-09-28T08:34:44.968Z","mc-mod","https://www.mc-mod.net/schematics/maxs-tower-outpost/","towers_maxs-tower-outpost_mc-mod_x.schematic","https://dl2.9minecraft.net/dl2storage800/Max-s-Tower-Outpost.schematic","downloaded","","13x16x13, 622 blocks"
"2026-09-28T08:34:45.327Z","mc-mod","https://www.mc-mod.net/schematics/big-ben-clock-tower-replica-oak-birch-build/","towers_big-ben-clock-tower-replica-oak-birch-build_mc-mod_x.schematic","https://dl2.9minecraft.net/dl2storage800/Big-Ben-Clock-Tower.schematic","downloaded","","21x100x24, 4676 blocks"
"2026-09-28T08:34:45.686Z","mc-mod","https://www.mc-mod.net/schematics/small-storage-house-2/","residential_small-storage-house-2_mc-mod_x.schematic","https://dl2.9minecraft.net/dl2storage800/Small-Storage-House.schematic","downloaded","","7x256x7, 320 blocks"
"2026-09-28T08:34:46.059Z","mc-mod","https://www.mc-mod.net/schematics/spacious-modern-mansion-estate/","residential_spacious-modern-mansion-estate_mc-mod_x.schematic","https://dl2.9minecraft.net/dl2storage800/Spacious-Modern-Mansion-Estate.schematic","downloaded","","73x15x62, 19612 blocks"
"2026-09-28T08:34:46.437Z","mc-mod","https://www.mc-mod.net/schematics/modern-quartz-and-dirt-residence/","residential_modern-quartz-and-dirt-residence_mc-mod_x.schematic","https://dl2.9minecraft.net/dl2storage800/Modern-Style-Residence.schematic","downloaded","","39x11x31, 5750 blocks"
"2026-09-28T08:34:46.782Z","mc-mod","https://www.mc-mod.net/schematics/medium-town-house-with-three-floors/","residential_medium-town-house-with-three-floors_mc-mod_x.schematic","https://dl2.9minecraft.net/dl2storage800/Medium-Town-House-with-Three-Floors.schematic","downloaded","","29x22x58, 4023 blocks"
"2026-09-28T08:34:47.161Z","mc-mod","https://www.mc-mod.net/schematics/medium-brick-cottage-house/","residential_medium-brick-cottage-house_mc-mod_x.schematic","https://dl2.9minecraft.net/dl2storage800/Medium-Brick-Cottage-House.schematic","downloaded","","41x23x47, 6180 blocks"
"2026-09-28T08:34:47.534Z","mc-mod","https://www.mc-mod.net/schematics/modern-house-design-with-soartex-textures/","residential_modern-house-design-with-soartex-textures_mc-mod_x.schematic","https://dl2.9minecraft.net/dl2storage800/Modern-House-Design-with-Soartex-Textures.schematic","downloaded","","31x58x29, 5279 blocks"
"2026-09-28T08:34:47.980Z","mc-mod","https://www.mc-mod.net/schematics/tudor-manor-house-large-scale/","","https://dl2.9minecraft.net/dl2storage800/Tudor-Manor-House-Large-Scale.schematic","incompatible","не NBT: схема .schematic: слишком большой объём","Tudor Manor House – Large Scale"
"2026-09-28T08:34:48.544Z","mc-mod","https://www.mc-mod.net/schematics/high-hills-apartment-complex/","","https://dl2.9minecraft.net/dl2storage800/High-Hills-Apartment-Complex.schematic","incompatible","не NBT: NBT: byte array: слишком большая длина","High Hills Apartment Complex"
"2026-09-28T08:34:48.900Z","mc-mod","https://www.mc-mod.net/schematics/small-decorative-town-house/","residential_small-decorative-town-house_mc-mod_x.schematic","https://dl2.9minecraft.net/dl2storage800/Small-Decorative-Town-House.schematic","downloaded","","16x8x24, 667 blocks"
"2026-09-28T08:34:49.249Z","mc-mod","https://www.mc-mod.net/schematics/starter-cottage-oak-quartz/","residential_starter-cottage-oak-quartz_mc-mod_x.schematic","https://dl2.9minecraft.net/dl2storage800/Cozy-Starter-House.schematic","downloaded","","19x11x28, 1889 blocks"
"2026-09-28T08:34:49.601Z","mc-mod","https://www.mc-mod.net/schematics/basic-house-structure/","residential_basic-house-structure_mc-mod_x.schematic","https://dl2.9minecraft.net/dl2storage800/Basic-House-Structure.schematic","downloaded","","13x7x11, 490 blocks"
"2026-09-28T08:34:49.952Z","mc-mod","https://www.mc-mod.net/schematics/large-estate-house/","residential_large-estate-house_mc-mod_x.schematic","https://dl2.9minecraft.net/dl2storage800/Large-Estate-House.schematic","downloaded","","35x22x17, 3562 blocks"
"2026-09-28T08:34:50.285Z","mc-mod","https://www.mc-mod.net/schematics/contemporary-residence-with-two-unfurnished-floors/","","https://dl2.9minecraft.net/dl2storage800/Contemporary-Residence-with-Two-Unfurnished-Floors.schematic","duplicate","","sha256 already in library"
"2026-09-28T08:34:50.630Z","mc-mod","https://www.mc-mod.net/schematics/furnished-brick-townhouse/","residential_furnished-brick-townhouse_mc-mod_x.schematic","https://dl2.9minecraft.net/dl2storage800/Furnished-Brick-Townhouse.schematic","downloaded","","31x16x40, 5821 blocks"
"2026-09-28T08:34:50.992Z","mc-mod","https://www.mc-mod.net/schematics/cozy-small-wooden-cottage/","residential_cozy-small-wooden-cottage_mc-mod_x.schematic","https://dl2.9minecraft.net/dl2storage800/Cozy-Small-Wooden-Cottage.schematic","downloaded","","30x31x26, 8643 blocks"
"2026-09-28T08:34:51.343Z","mc-mod","https://www.mc-mod.net/schematics/snowy-small-house/","residential_snowy-small-house_mc-mod_x.schematic","https://dl2.9minecraft.net/dl2storage800/Snowy-Small-House.schematic","downloaded","","15x5x14, 461 blocks"
"2026-09-28T08:34:51.735Z","mc-mod","https://www.mc-mod.net/schematics/spacious-modern-mansion-with-furnished-interior/","residential_spacious-modern-mansion-with-furnished-interior_mc-mod_x.schematic","https://dl2.9minecraft.net/dl2storage800/Spacious-Modern-Mansion-with-Furnished-Interior.schematic","downloaded","","63x43x50, 17048 blocks"
"2026-09-28T08:34:52.089Z","mc-mod","https://www.mc-mod.net/schematics/contemporary-residence-schematic/","residential_contemporary-residence-schematic_mc-mod_x.schematic","https://dl2.9minecraft.net/dl2storage800/Contemporary-Residence-Schematic.schematic","downloaded","","21x14x21, 1243 blocks"
"2026-09-28T08:34:52.824Z","mc-mod","https://www.mc-mod.net/schematics/condensed-townhouse-compound-structure/","residential_condensed-townhouse-compound-structure_mc-mod_x.schematic","https://dl2.9minecraft.net/dl2storage800/Condensed-Townhouse-Compound-Structure.schematic","downloaded","","251x20x203, 208838 blocks"
"2026-09-28T08:34:53.171Z","mc-mod","https://www.mc-mod.net/schematics/rustic-log-cabin-house/","residential_rustic-log-cabin-house_mc-mod_x.schematic","https://dl2.9minecraft.net/dl2storage800/Rustic-Log-Cabin-House.schematic","downloaded","","14x35x41, 5570 blocks"
"2026-09-28T08:34:53.550Z","mc-mod","https://www.mc-mod.net/schematics/small-house-with-kitchen-and-shower/","residential_small-house-with-kitchen-and-shower_mc-mod_x.schematic","https://dl2.9minecraft.net/dl2storage800/Small-House-With-Kitchen-and-Shower.schematic","downloaded","","41x76x52, 14033 blocks"
"2026-09-28T08:34:54.085Z","mc-mod","https://www.mc-mod.net/schematics/large-three-story-mansion/","residential_large-three-story-mansion_mc-mod_x.schematic","https://dl2.9minecraft.net/dl2storage800/Large-Three-Story-Mansion.schematic","downloaded","","62x69x62, 34343 blocks"
"2026-09-28T08:34:54.433Z","mc-mod","https://www.mc-mod.net/schematics/large-modern-villa-residence/","residential_large-modern-villa-residence_mc-mod_x.schematic","https://dl2.9minecraft.net/dl2storage800/Large-Modern-Villa-Residence.schematic","downloaded","","45x12x31, 2764 blocks, many unmapped blocks"
"2026-09-28T08:34:54.795Z","mc-mod","https://www.mc-mod.net/schematics/cozy-town-house-with-hay-roof/","residential_cozy-town-house-with-hay-roof_mc-mod_x.schematic","https://dl2.9minecraft.net/dl2storage800/Cozy-Town-House-with-Hay-Roof.schematic","downloaded","","19x12x13, 1248 blocks"
"2026-09-28T08:34:55.146Z","mc-mod","https://www.mc-mod.net/schematics/birch-cottage-house-with-furnishings/","residential_birch-cottage-house-with-furnishings_mc-mod_x.schematic","https://dl2.9minecraft.net/dl2storage800/Birch-Cottage-House-with-Furnishings.schematic","downloaded","","30x19x19, 2455 blocks"
"2026-09-28T08:34:55.556Z","mc-mod","https://www.mc-mod.net/schematics/cozy-hillside-house/","residential_cozy-hillside-house_mc-mod_x.schematic","https://dl2.9minecraft.net/dl2storage800/Cozy-Hillside-House.schematic","downloaded","","33x48x33, 4652 blocks"
"2026-09-28T08:34:55.970Z","mc-mod","https://www.mc-mod.net/schematics/small-villa-house-with-storage/","residential_small-villa-house-with-storage_mc-mod_x.schematic","https://dl2.9minecraft.net/dl2storage800/Small-Villa-House-with-Storage.schematic","downloaded","","63x33x57, 33062 blocks"
"2026-09-28T08:34:56.355Z","mc-mod","https://www.mc-mod.net/schematics/modern-villa-residence-dirt-white-concrete/","residential_modern-villa-residence-dirt-white-concrete_mc-mod_x.schematic","https://dl2.9minecraft.net/dl2storage800/Modern-Villa-Residence.schematic","downloaded","","55x25x33, 24777 blocks"
"2026-09-28T08:34:56.685Z","mc-mod","https://www.mc-mod.net/schematics/terraced-wooden-house/","","https://dl2.9minecraft.net/dl2storage800/Terraced-Wooden-House.schematic","duplicate","","sha256 already in library"
"2026-09-28T08:34:57.035Z","mc-mod","https://www.mc-mod.net/schematics/rustic-country-cottage/","residential_rustic-country-cottage_mc-mod_x.schematic","https://dl2.9minecraft.net/dl2storage800/Rustic-Country-Cottage.schematic","downloaded","","25x16x23, 1565 blocks"
"2026-09-28T08:34:57.390Z","mc-mod","https://www.mc-mod.net/schematics/modern-three-story-house-3/","","https://dl2.9minecraft.net/dl2storage800/Modern-Three-Story-House.schematic","duplicate","","sha256 already in library"
"2026-09-28T08:34:57.772Z","mc-mod","https://www.mc-mod.net/schematics/rustic-3-story-mansion/","residential_rustic-3-story-mansion_mc-mod_x.schematic","https://dl2.9minecraft.net/dl2storage800/Rustic-3-Story-Mansion.schematic","downloaded","","39x57x55, 18229 blocks"
"2026-09-28T08:34:58.408Z","mc-mod","https://www.mc-mod.net/schematics/spacious-high-rise-apartment-building/","","https://dl2.9minecraft.net/dl2storage800/Spacious-High-Rise-Apartment-Building.schematic","incompatible","не NBT: схема .schematic: слишком большой объём","Spacious High-Rise Apartment Building"
"2026-09-28T08:34:58.746Z","mc-mod","https://www.mc-mod.net/schematics/small-brick-townhouse-with-jack-o-lanterns/","residential_small-brick-townhouse-with-jack-o-lanterns_mc-mod_1.19.2.schem","https://dl2.9minecraft.net/dl2storage800/Small-Brick-Townhouse-With-Jack-o-Lanterns.schem","downloaded","","13x24x22, 2796 blocks"
"2026-09-28T08:34:59.087Z","mc-mod","https://www.mc-mod.net/schematics/spruce-log-cabin-house/","residential_spruce-log-cabin-house_mc-mod_x.schematic","https://dl2.9minecraft.net/dl2storage800/Big-spruce-house.schematic","downloaded","","42x37x35, 9829 blocks"
"2026-09-28T08:34:59.451Z","mc-mod","https://www.mc-mod.net/schematics/asian-style-house-with-furnished-interior/","residential_asian-style-house-with-furnished-interior_mc-mod_x.schematic","https://dl2.9minecraft.net/dl2storage800/Asian-Style-House-with-Furnished-Interior.schematic","downloaded","","30x29x25, 4487 blocks"
"2026-09-28T08:34:59.844Z","mc-mod","https://www.mc-mod.net/schematics/modern-blue-villa/","residential_modern-blue-villa_mc-mod_x.schematic","https://dl2.9minecraft.net/dl2storage800/Modern-Blue-Villa.schematic","downloaded","","58x30x56, 12587 blocks"
"2026-09-28T08:35:00.200Z","mc-mod","https://www.mc-mod.net/schematics/modern-square-residence/","parks_modern-square-residence_mc-mod_x.schematic","https://dl2.9minecraft.net/dl2storage800/Modern-Square-Residence.schematic","downloaded","","11x9x13, 228 blocks, many unmapped blocks"
"2026-09-28T08:35:00.556Z","mc-mod","https://www.mc-mod.net/schematics/new-york-style-townhouses-with-pool/","public_new-york-style-townhouses-with-pool_mc-mod_1.19.4.schem","https://dl2.9minecraft.net/dl2storage800/New-York-Style-Townhouses-With-Pool.schem","downloaded","","48x25x47, 11281 blocks"
"2026-09-28T08:35:00.901Z","mc-mod","https://www.mc-mod.net/schematics/cozy-woodcutter-s-cottage/","residential_cozy-woodcutter-s-cottage_mc-mod_x.schematic","https://dl2.9minecraft.net/dl2storage800/Woodcutter-s-Cottage.schematic","downloaded","","21x13x16, 747 blocks"
"2026-09-28T08:35:01.302Z","mc-mod","https://www.mc-mod.net/schematics/modern-two-story-house-over-pond/","residential_modern-two-story-house-over-pond_mc-mod_x.schematic","https://dl2.9minecraft.net/dl2storage800/Modern-Two-Story-House-Over-Pond.schematic","downloaded","","62x23x63, 45103 blocks"
"2026-09-28T08:35:01.733Z","mc-mod","https://www.mc-mod.net/schematics/modern-mansion-with-fire-safety-upgrades/","residential_modern-mansion-with-fire-safety-upgrades_mc-mod_x.schematic","https://dl2.9minecraft.net/dl2storage800/Modern-Mansion-with-Fire-Safety-Upgrades.schematic","downloaded","","63x32x48, 17046 blocks"
"2026-09-28T08:35:02.152Z","mc-mod","https://www.mc-mod.net/schematics/simple-birch-cottage/","residential_simple-birch-cottage_mc-mod_1.16.1.schem","https://dl2.9minecraft.net/dl2storage800/Simple-Birch-Cottage.schem","downloaded","","14x6x14, 676 blocks"
"2026-09-28T08:35:02.823Z","mc-mod","https://www.mc-mod.net/schematics/snowy-house-and-vehicles/","vehicles_snowy-house-and-vehicles_mc-mod_1.21.1.nbt","https://dl2.9minecraft.net/dl2storage800/Snowy-House-and-Vehicles.nbt","downloaded","","74x16x97, 3328 blocks"
"2026-09-28T08:35:03.696Z","mc-mod","https://www.mc-mod.net/schematics/large-park-area/","","https://dl2.9minecraft.net/dl2storage800/Large-Park-Area.schematic","incompatible","не NBT: схема .schematic: слишком большой объём","Large Park Area"
"2026-09-28T08:35:04.183Z","mc-mod","https://www.mc-mod.net/schematics/futuristic-arcology-garden/","","https://dl2.9minecraft.net/dl2storage800/Futuristic-Arcology-Garden.schematic","duplicate","","sha256 already in library"
"2026-09-28T08:35:04.546Z","mc-mod","https://www.mc-mod.net/schematics/piston-fountain-small-garden-feature/","parks_piston-fountain-small-garden-feature_mc-mod_x.schematic","https://dl2.9minecraft.net/dl2storage800/Piston-Fountain-Small-Garden-Feature.schematic","downloaded","","7x11x7, 230 blocks"
"2026-09-28T08:35:04.911Z","mc-mod","https://www.mc-mod.net/schematics/mini-hedge-maze-with-cave-entrance/","parks_mini-hedge-maze-with-cave-entrance_mc-mod_x.schematic","https://dl2.9minecraft.net/dl2storage800/Mini-Hedge-Maze-With-Cave-Entrance.schematic","downloaded","","20x15x18, 1625 blocks"
"2026-09-28T08:35:05.519Z","mc-mod","https://www.mc-mod.net/schematics/small-town-square/","parks_small-town-square_mc-mod_x.schematic","https://dl2.9minecraft.net/dl2storage800/Small-Town-Square.schematic","downloaded","","73x256x64, 21597 blocks"
"2026-09-28T08:35:05.967Z","mc-mod","https://www.mc-mod.net/schematics/rustic-farmhouse-with-garden-and-pond/","parks_rustic-farmhouse-with-garden-and-pond_mc-mod_x.schematic","https://dl2.9minecraft.net/dl2storage800/Rustic-Farmhouse-with-Garden-and-Pond.schematic","downloaded","","37x29x52, 11943 blocks"
"2026-09-28T08:35:06.347Z","mc-mod","https://www.mc-mod.net/schematics/sea-creature-park-megalodon-whale/","parks_sea-creature-park-megalodon-whale_mc-mod_x.schematic","https://dl2.9minecraft.net/dl2storage800/Sea-Creature-Park-Megalodon-Whale.schematic","downloaded","","52x26x62, 71810 blocks"
"2026-09-28T08:35:06.704Z","mc-mod","https://www.mc-mod.net/schematics/small-garden-oasis/","parks_small-garden-oasis_mc-mod_x.schematic","https://dl2.9minecraft.net/dl2storage800/Small-Garden-Oasis.schematic","downloaded","","35x46x24, 2364 blocks"
"2026-09-28T08:35:07.060Z","mc-mod","https://www.mc-mod.net/schematics/village-fountain/","parks_village-fountain_mc-mod_x.schematic","https://dl2.9minecraft.net/dl2storage800/Village-Fountain.schematic","downloaded","","13x13x17, 831 blocks"
"2026-09-28T08:35:07.543Z","mc-mod","https://www.mc-mod.net/schematics/giant-tree-structure-2/","","https://dl2.9minecraft.net/dl2storage800/Giant-Tree-Structure.schematic","incompatible","не NBT: схема .schematic: слишком большой объём","Giant Tree Structure"
"2026-09-28T08:35:07.881Z","mc-mod","https://www.mc-mod.net/schematics/soviet-style-city-square/","parks_soviet-style-city-square_mc-mod_x.schematic","https://dl2.9minecraft.net/dl2storage800/Soviet-Style-City-Square.schematic","downloaded","","32x13x23, 1296 blocks, many unmapped blocks"
"2026-09-28T08:35:08.225Z","mc-mod","https://www.mc-mod.net/schematics/two-cubes-modern-house-with-garden-pool/","parks_two-cubes-modern-house-with-garden-pool_mc-mod_x.schematic","https://dl2.9minecraft.net/dl2storage800/Two-Cubes-Modern-House-With-Garden-Pool.schematic","downloaded","","20x17x18, 1803 blocks"
"2026-09-28T08:35:08.594Z","mc-mod","https://www.mc-mod.net/schematics/park-ball-structure/","parks_park-ball-structure_mc-mod_x.schematic","https://dl2.9minecraft.net/dl2storage800/Park-Ball-Structure.schematic","downloaded","","41x14x39, 4096 blocks"
"2026-09-28T08:35:10.425Z","mc-mod","https://www.mc-mod.net/schematics/schwetzingen-palace-and-gardens/","","https://dl2.9minecraft.net/dl2storage800/Schwetzingen-Palace-and-Gardens.schematic","incompatible","не удалось распаковать (gzip/zlib): gzip: распакованный файл превышает предел","Schwetzingen Palace and Gardens"
"2026-09-28T08:35:10.765Z","mc-mod","https://www.mc-mod.net/schematics/creeper-head-fountain/","parks_creeper-head-fountain_mc-mod_x.schematic","https://dl2.9minecraft.net/dl2storage800/Creeper-Fountain.schematic","downloaded","","14x15x14, 813 blocks"
"2026-09-28T08:35:11.103Z","mc-mod","https://www.mc-mod.net/schematics/simple-minecraft-tree/","parks_simple-minecraft-tree_mc-mod_x.schematic","https://dl2.9minecraft.net/dl2storage800/Simple-Minecraft-Tree.schematic","downloaded","","8x12x6, 153 blocks"
"2026-09-28T08:35:11.497Z","mc-mod","https://www.mc-mod.net/schematics/gothic-square-structure/","parks_gothic-square-structure_mc-mod_1.20.1.schem","https://dl2.9minecraft.net/dl2storage800/Gothic-Square-Structure.schem","downloaded","","91x29x91, 14299 blocks"
"2026-09-28T08:35:11.854Z","mc-mod","https://www.mc-mod.net/schematics/olive-garden-restaurant-salt-lake-city/","parks_olive-garden-restaurant-salt-lake-city_mc-mod_1.16.5.schem","https://dl2.9minecraft.net/dl2storage800/Ol-ve-Garden-Salt-Lake-City-Utah.schem","downloaded","","26x10x41, 2843 blocks"
"2026-09-28T08:35:12.197Z","mc-mod","https://www.mc-mod.net/schematics/playground-park-for-minecrafty-town/","parks_playground-park-for-minecrafty-town_mc-mod_1.19.4.schem","https://dl2.9minecraft.net/dl2storage800/Playground-Park-for-Minecrafty-Town.schem","downloaded","","18x9x16, 122 blocks"
"2026-09-28T08:35:12.714Z","mc-mod","https://www.mc-mod.net/schematics/survival-sphere-house-and-garden/","parks_survival-sphere-house-and-garden_mc-mod_x.schematic","https://dl2.9minecraft.net/dl2storage800/Survival-Sphere-House-and-Garden.schematic","downloaded","","70x50x69, 27477 blocks"
"2026-09-28T08:35:13.114Z","mc-mod","https://www.mc-mod.net/schematics/spanish-moss-oak-tree/","parks_spanish-moss-oak-tree_mc-mod_x.schematic","https://dl2.9minecraft.net/dl2storage800/Spanish-Moss-Oak-Tree.schematic","downloaded","","20x19x21, 236 blocks"
"2026-09-28T08:35:13.478Z","mc-mod","https://www.mc-mod.net/schematics/square-earth-build/","","https://dl2.9minecraft.net/dl2storage800/Square-Earth-Build.schem","duplicate","","sha256 already in library"
"2026-09-28T08:35:13.824Z","mc-mod","https://www.mc-mod.net/schematics/cozy-brick-home-with-garden-and-storage/","parks_cozy-brick-home-with-garden-and-storage_mc-mod_x.schematic","https://dl2.9minecraft.net/dl2storage800/Cozy-Brick-Home-with-Garden-and-Storage.schematic","downloaded","","44x18x31, 3871 blocks"
"2026-09-28T08:35:14.168Z","mc-mod","https://www.mc-mod.net/schematics/medium-palm-tree-with-cocoa-pods/","parks_medium-palm-tree-with-cocoa-pods_mc-mod_x.schematic","https://dl2.9minecraft.net/dl2storage800/Medium-Palm-Tree-With-Cocoa-Pods.schematic","downloaded","","10x14x10, 36 blocks"
"2026-09-28T08:35:14.523Z","mc-mod","https://www.mc-mod.net/schematics/beautiful-garden/","parks_beautiful-garden_mc-mod_x.schematic","https://dl2.9minecraft.net/dl2storage800/Beautiful-Garden.schematic","downloaded","","45x14x45, 130 blocks, many unmapped blocks"
"2026-09-28T08:35:14.885Z","mc-mod","https://www.mc-mod.net/schematics/tropical-palm-tree/","parks_tropical-palm-tree_mc-mod_x.schematic","https://dl2.9minecraft.net/dl2storage800/Tropical-Palm-Tree.schematic","downloaded","","7x9x4, 38 blocks"
"2026-09-28T08:35:15.230Z","mc-mod","https://www.mc-mod.net/schematics/rustic-garden-shed/","parks_rustic-garden-shed_mc-mod_x.schematic","https://dl2.9minecraft.net/dl2storage800/Rustic-Garden-Shed.schematic","downloaded","","12x8x7, 124 blocks"
"2026-09-28T08:35:15.560Z","mc-mod","https://www.mc-mod.net/schematics/small-oak-decorative-tree/","parks_small-oak-decorative-tree_mc-mod_x.schematic","https://dl2.9minecraft.net/dl2storage800/Small-Decorative-Tree.schematic","downloaded","","10x13x11, 101 blocks"
"2026-09-28T08:35:16.212Z","mc-mod","https://www.mc-mod.net/schematics/xl-ecological-building-with-rooftop-garden/","","https://dl2.9minecraft.net/dl2storage800/XL-Ecological-Building-with-Rooftop-Garden.schematic","incompatible","не NBT: схема .schematic: слишком большой объём","XL Ecological Building with Rooftop Garden"
"2026-09-28T08:35:16.575Z","mc-mod","https://www.mc-mod.net/schematics/small-tree-decoration/","parks_small-tree-decoration_mc-mod_x.schematic","https://dl2.9minecraft.net/dl2storage800/Small-Tree-Decoration.schematic","downloaded","","5x10x7, 11 blocks"
"2026-09-28T08:35:16.959Z","mc-mod","https://www.mc-mod.net/schematics/3tris-modern-garden-structure/","parks_3tris-modern-garden-structure_mc-mod_x.schematic","https://dl2.9minecraft.net/dl2storage800/3Tri-s-Modern-Garden-Structure.schematic","downloaded","","47x37x50, 5002 blocks"
"2026-09-28T08:35:17.336Z","mc-mod","https://www.mc-mod.net/schematics/decorative-lantern-tree/","parks_decorative-lantern-tree_mc-mod_x.schematic","https://dl2.9minecraft.net/dl2storage800/Decorative-Lantern-Tree.schematic","downloaded","","10x11x11, 65 blocks"
"2026-09-28T08:35:17.680Z","mc-mod","https://www.mc-mod.net/schematics/cozy-house-with-garden-and-garage/","parks_cozy-house-with-garden-and-garage_mc-mod_x.schematic","https://dl2.9minecraft.net/dl2storage800/Cozy-House-with-Garden-and-Garage.schematic","downloaded","","13x12x10, 977 blocks"
"2026-09-28T08:35:18.014Z","mc-mod","https://www.mc-mod.net/schematics/magical-tree-structure/","","https://dl2.9minecraft.net/dl2storage800/Magical-Tree-Structure.schematic","duplicate","","sha256 already in library"
"2026-09-28T08:35:18.387Z","mc-mod","https://www.mc-mod.net/schematics/japanese-garden-house-spruce-dark-oak/","parks_japanese-garden-house-spruce-dark-oak_mc-mod_x.schematic","https://dl2.9minecraft.net/dl2storage800/Japanese-Style-House.schematic","downloaded","","54x23x56, 8179 blocks"
"2026-09-28T08:35:18.755Z","mc-mod","https://www.mc-mod.net/schematics/massive-tree-structure/","parks_massive-tree-structure_mc-mod_x.schematic","https://dl2.9minecraft.net/dl2storage800/Massive-Tree-Structure.schematic","downloaded","","39x11x48, 4306 blocks"
"2026-09-28T08:35:19.094Z","mc-mod","https://www.mc-mod.net/schematics/elegant-mansion-with-garden/","","https://dl2.9minecraft.net/dl2storage800/Elegant-Mansion-With-Garden.schematic","duplicate","","sha256 already in library"
"2026-09-28T08:35:19.555Z","mc-mod","https://www.mc-mod.net/schematics/large-romantic-tree/","parks_large-romantic-tree_mc-mod_x.schematic","https://dl2.9minecraft.net/dl2storage800/Large-Romantic-Tree.schematic","downloaded","","42x44x44, 14885 blocks"
"2026-09-28T08:35:20.620Z","mc-mod","https://www.mc-mod.net/schematics/japanese-village-garden/","","https://dl2.9minecraft.net/dl2storage800/Japanese-Village-Garden.schematic","incompatible","не NBT: NBT: byte array: слишком большая длина","Japanese Village Garden"
"2026-09-28T08:35:20.977Z","mc-mod","https://www.mc-mod.net/schematics/custom-birch-tree-decoration/","parks_custom-birch-tree-decoration_mc-mod_x.schematic","https://dl2.9minecraft.net/dl2storage800/Custom-Birch-Tree-Decoration.schematic","downloaded","","8x25x8, 39 blocks"
"2026-09-28T08:47:14.927Z","buildschematics","https://buildschematics.com/presets/nether-fortress-bridge-intersection","","https://dl2.9mcbox.com/dl2storage800/Nether-Fortress-Bridge-Intersection.schem","skipped","","not city architecture"
"2026-09-28T08:47:14.931Z","buildschematics","https://buildschematics.com/presets/nether-fortress-bridge-intersection-build","","https://dl2.9mcbox.com/dl2storage800/Nether-Fortress-Bridge-Intersection-Build.schem","skipped","","not city architecture"
"2026-09-28T08:47:16.242Z","mcbuild","https://mcbuild.org/schematics/10443:intersection-road","intersections_intersection-road_mcbuild_x.schem","https://mcbuild.org/download/schematic=10443?format=schem","downloaded","","171x1x171, 29241 blocks"
"2026-09-28T08:47:17.640Z","mcbuild","https://mcbuild.org/schematics/4712:sewer-template-intersection-shape","intersections_sewer-template-intersection-shape_mcbuild_x.schem","https://mcbuild.org/download/schematic=4712?format=schem","downloaded","","47x6x47, 1923 blocks"
"2026-09-28T08:47:18.689Z","mcbuild","https://mcbuild.org/schematics/1272:drive-on-the-right-dual-simplex-minecart-track-intersection","intersections_drive-on-the-right-dual-simplex-minecart-track-intersectio_mcbuild_x.schem","https://mcbuild.org/download/schematic=1272?format=schem","downloaded","","33x34x67, 26897 blocks"
"2026-09-28T08:47:19.696Z","mcbuild","https://mcbuild.org/schematics/12964:intersection","intersections_intersection_mcbuild_x.schem","https://mcbuild.org/download/schematic=12964?format=schem","downloaded","","65x10x65, 4372 blocks"
"2026-09-28T08:47:21.862Z","mcbuild","https://mcbuild.org/schematics/11879:stoplight","intersections_stoplight_mcbuild_x.schem","https://mcbuild.org/download/schematic=11879?format=schem","downloaded","","3x9x3, 65 blocks"
"2026-09-28T08:47:23.371Z","buildschematics","https://buildschematics.com/presets/city-road-construction-project","","https://dl2.9mcbox.com/dl2storage800/City-Road-Construction-Project.schematic","duplicate","","sha256 already in library"
"2026-09-28T08:47:23.914Z","buildschematics","https://buildschematics.com/presets/ride-road-build","roads_ride-road-build_buildschematics_x.schematic","https://dl2.9mcbox.com/dl2storage800/Ride-Road-Build.schematic","downloaded","","186x82x10, 13336 blocks"
"2026-09-28T08:47:24.094Z","buildschematics","https://buildschematics.com/presets/candy-cane-road-light","","https://dl2.9mcbox.com/dl2storage800/Candy-Cane-Road-Light.schematic","duplicate","","sha256 already in library"
"2026-09-28T08:47:24.272Z","buildschematics","https://buildschematics.com/presets/high-speed-quartz-road","roads_high-speed-quartz-road_buildschematics_x.schematic","https://dl2.9mcbox.com/dl2storage800/High-Speed-Quartz-Road.schematic","downloaded","","6x2x2, 1 blocks, many unmapped blocks"
"2026-09-28T08:47:24.442Z","buildschematics","https://buildschematics.com/presets/fast-road-car-structure","roads_fast-road-car-structure_buildschematics_x.nbt","https://dl2.9mcbox.com/dl2storage800/Fast-Road-Car-Structure.nbt","downloaded","","8x3x5, 6 blocks, many unmapped blocks"
"2026-09-28T08:47:25.830Z","mcbuild","https://mcbuild.org/schematics/1008:wild-west-crossroad","intersections_wild-west-crossroad_mcbuild_x.schem","https://mcbuild.org/download/schematic=1008?format=schem","downloaded","","68x30x69, 12735 blocks"
"2026-09-28T08:47:27.156Z","mcbuild","https://mcbuild.org/schematics/13613:the-no-road-inn","","https://mcbuild.org/download/schematic=13613?format=schem","failed","signed link for schem returned html","The No Road Inn"
"2026-09-28T08:47:28.130Z","mcbuild","https://mcbuild.org/schematics/6413:road-b-(normal-two-way-street)","roads_road-b-normal-two-way-street_mcbuild_x.schem","https://mcbuild.org/download/schematic=6413?format=schem","downloaded","","10x8x15, 210 blocks"
"2026-09-28T08:47:29.176Z","mcbuild","https://mcbuild.org/schematics/11446:cobble-towny-road-system","roads_cobble-towny-road-system_mcbuild_x.schem","https://mcbuild.org/download/schematic=11446?format=schem","downloaded","","80x12x80, 7006 blocks"
"2026-09-28T08:47:30.662Z","buildschematics","https://buildschematics.com/presets/medieval-and-gothic-style-street-lamp-collection","","https://dl2.9mcbox.com/dl2storage800/Medieval-and-Gothic-Style-Street-Lamp-Collection.schem","skipped","","not city architecture"
"2026-09-28T08:47:32.000Z","mcbuild","https://mcbuild.org/schematics/5349:decorative-street-lamp.","roads_decorative-street-lamp_mcbuild_x.schem","https://mcbuild.org/download/schematic=5349?format=schem","downloaded","","17x7x34, 266 blocks"
"2026-09-28T08:47:34.250Z","buildschematics","https://buildschematics.com/presets/terraced-shop-with-sidewalk","roads_terraced-shop-with-sidewalk_buildschematics_x.schematic","https://dl2.9mcbox.com/dl2storage800/Terraced-Shop-with-Sidewalk.schematic","downloaded","","29x23x33, 4054 blocks"
"2026-09-28T08:47:35.976Z","buildschematics","https://buildschematics.com/presets/bus-stop-shelter","","https://dl2.9mcbox.com/dl2storage800/Bus-Stop-Shelter.schematic","duplicate","","sha256 already in library"
"2026-09-28T08:47:37.350Z","mcbuild","https://mcbuild.org/schematics/12539:bus-stop","vehicles_bus-stop_mcbuild_x.schem","https://mcbuild.org/download/schematic=12539?format=schem","downloaded","","5x7x8, 99 blocks"
"2026-09-28T08:47:38.757Z","mcbuild","https://mcbuild.org/schematics/12971:bus-stop","vehicles_bus-stop_mcbuild_x-2.schem","https://mcbuild.org/download/schematic=12971?format=schem","downloaded","","16x7x10, 305 blocks"
"2026-09-28T08:47:39.722Z","mcbuild","https://mcbuild.org/schematics/10360:bus-stop","vehicles_bus-stop_mcbuild_x-3.schem","https://mcbuild.org/download/schematic=10360?format=schem","downloaded","","15x6x25, 235 blocks"
"2026-09-28T08:47:41.885Z","buildschematics","https://buildschematics.com/presets/minecraft-airport-terminal-building","","https://dl2.9mcbox.com/dl2storage800/Minecraft-Airport-Terminal-Building.schematic","duplicate","","sha256 already in library"
"2026-09-28T08:47:42.326Z","buildschematics","https://buildschematics.com/presets/minecraft-airport-terminal-build","","https://dl2.9mcbox.com/dl2storage800/Minecraft-Airport-Terminal-Build.schematic","duplicate","","sha256 already in library"
"2026-09-28T08:47:42.660Z","buildschematics","https://buildschematics.com/presets/minecraft-airport-runway","transport_minecraft-airport-runway_buildschematics_x.nbt","https://dl2.9mcbox.com/dl2storage800/Minecraft-Airport-Runway.nbt","downloaded","","283x2x13, 7127 blocks"
"2026-09-28T08:47:44.269Z","mcbuild","https://mcbuild.org/schematics/5772:large-airport","","https://mcbuild.org/download/schematic=5772?format=schem","incompatible","не NBT: схема .schem: слишком большой объём","Large Airport"
"2026-09-28T08:47:45.992Z","mcbuild","https://mcbuild.org/schematics/6052:large-airport-2-0","","https://mcbuild.org/download/schematic=6052?format=schem","incompatible","не NBT: NBT: byte array: слишком большая длина","LARGE AIRPORT 2-0"
"2026-09-28T08:47:47.116Z","mcbuild","https://mcbuild.org/schematics/5015:airport","transport_airport_mcbuild_x.schem","https://mcbuild.org/download/schematic=5015?format=schem","downloaded","","81x35x229, 160078 blocks"
"2026-09-28T08:47:48.849Z","mcbuild","https://mcbuild.org/schematics/4780:huge-airport!!","","https://mcbuild.org/download/schematic=4780?format=schem","incompatible","не NBT: NBT: byte array: слишком большая длина","Huge Airport!!"
"2026-09-28T08:47:49.984Z","buildschematics","https://buildschematics.com/presets/modern-hospital-building","public_modern-hospital-building_buildschematics_x.schematic","https://dl2.9mcbox.com/dl2storage800/Modern-Hospital-Building.schematic","downloaded","","20x16x32, 3452 blocks"
"2026-09-28T08:47:50.463Z","buildschematics","https://buildschematics.com/presets/two-story-hospital-building","public_two-story-hospital-building_buildschematics_x.schematic","https://dl2.9mcbox.com/dl2storage800/Two-Story-Hospital-Building.schematic","downloaded","","63x17x35, 11923 blocks"
"2026-09-28T08:47:50.463Z","buildschematics","https://buildschematics.com/presets/military-medical-academy-hospital-recreation","","https://dl2.9mcbox.com/dl2storage800/Military-Medical-Academy-Hospital-Recreation.schematic","skipped","","not city architecture"
"2026-09-28T08:47:51.998Z","mcbuild","https://mcbuild.org/schematics/5095:modern-hospital","","https://mcbuild.org/download/schematic=5095?format=schem","incompatible","не NBT: схема .schem: слишком большой объём","Modern Hospital"
"2026-09-28T08:47:53.490Z","mcbuild","https://mcbuild.org/schematics/1310:huge-modern-hospital!","public_huge-modern-hospital_mcbuild_x.schem","https://mcbuild.org/download/schematic=1310?format=schem","downloaded","","65x103x78, 58176 blocks"
"2026-09-28T08:47:54.609Z","mcbuild","https://mcbuild.org/schematics/6969:hospital","public_hospital_mcbuild_x.schem","https://mcbuild.org/download/schematic=6969?format=schem","downloaded","","34x20x31, 6163 blocks"
"2026-09-28T08:47:55.584Z","mcbuild","https://mcbuild.org/schematics/14752:hospital","","https://mcbuild.org/download/schematic=14752?format=schem","duplicate","","sha256 already in library"
"2026-09-28T08:47:59.162Z","buildschematics","https://buildschematics.com/presets/police-station-with-jail","transport_police-station-with-jail_buildschematics_x.schematic","https://dl2.9mcbox.com/dl2storage800/Police-Station-With-Jail.schematic","downloaded","","49x69x39, 49777 blocks"
"2026-09-28T08:47:59.658Z","buildschematics","https://buildschematics.com/presets/city-police-station-building","transport_city-police-station-building_buildschematics_x.schematic","https://dl2.9mcbox.com/dl2storage800/City-Police-Station-Building.schematic","downloaded","","25x17x32, 4132 blocks"
"2026-09-28T08:47:59.820Z","buildschematics","https://buildschematics.com/presets/modern-police-station-design","","https://dl2.9mcbox.com/dl2storage800/Modern-Police-Station-Design.schematic","duplicate","","sha256 already in library"
"2026-09-28T08:48:01.370Z","mcbuild","https://mcbuild.org/schematics/6438:police-station-|-modern-police-station","transport_police-station-modern-police-station_mcbuild_x.schem","https://mcbuild.org/download/schematic=6438?format=schem","downloaded","","26x38x41, 5680 blocks"
"2026-09-28T08:48:02.728Z","mcbuild","https://mcbuild.org/schematics/11396:police-station---complete-version","transport_police-station-complete-version_mcbuild_x.schem","https://mcbuild.org/download/schematic=11396?format=schem","downloaded","","42x19x29, 8207 blocks"
"2026-09-28T08:48:03.877Z","mcbuild","https://mcbuild.org/schematics/13518:modern-police-station-(unfurnished)","","https://mcbuild.org/download/schematic=13518?format=schem","failed","signed link for schem returned html","Modern Police Station (Unfurnished)"
"2026-09-28T08:48:05.990Z","mcbuild","https://mcbuild.org/schematics/9076:police-station","transport_police-station_mcbuild_x.schem","https://mcbuild.org/download/schematic=9076?format=schem","downloaded","","45x14x45, 6661 blocks"
"2026-09-28T08:48:07.184Z","buildschematics","https://buildschematics.com/presets/fire-station-building","transport_fire-station-building_buildschematics_x.schematic","https://dl2.9mcbox.com/dl2storage800/Fire-Station-Building.schematic","downloaded","","45x40x45, 5977 blocks"
"2026-09-28T08:48:07.748Z","buildschematics","https://buildschematics.com/presets/fire-station-house","transport_fire-station-house_buildschematics_x.schematic","https://dl2.9mcbox.com/dl2storage800/Fire-Station-House.schematic","downloaded","","99x31x121, 46228 blocks"
"2026-09-28T08:48:07.925Z","buildschematics","https://buildschematics.com/presets/minecraft-fire-station-and-football-field","","https://dl2.9mcbox.com/dl2storage800/Minecraft-Fire-Station-and-Football-Field.schem","duplicate","","sha256 already in library"
"2026-09-28T08:48:09.332Z","mcbuild","https://mcbuild.org/schematics/4658:fire-station","transport_fire-station_mcbuild_x.schem","https://mcbuild.org/download/schematic=4658?format=schem","downloaded","","110x29x55, 31610 blocks"
"2026-09-28T08:48:10.502Z","mcbuild","https://mcbuild.org/schematics/9074:fire-station","transport_fire-station_mcbuild_x-2.schem","https://mcbuild.org/download/schematic=9074?format=schem","downloaded","","45x40x45, 5967 blocks"
"2026-09-28T08:48:11.484Z","mcbuild","https://mcbuild.org/schematics/7671:equipped-firestation","public_equipped-firestation_mcbuild_x.schem","https://mcbuild.org/download/schematic=7671?format=schem","downloaded","","99x31x121, 44475 blocks"
"2026-09-28T08:48:12.507Z","mcbuild","https://mcbuild.org/schematics/16851:fire-station","transport_fire-station_mcbuild_x-3.schem","https://mcbuild.org/download/schematic=16851?format=schem","downloaded","","20x69x27, 7189 blocks"
"2026-09-28T08:48:14.778Z","buildschematics","https://buildschematics.com/presets/city-hall-building","","https://dl2.9mcbox.com/dl2storage800/City-Hall-Building.schem","duplicate","","sha256 already in library"
"2026-09-28T08:48:15.106Z","buildschematics","https://buildschematics.com/presets/sims-3-style-city-hall","public_sims-3-style-city-hall_buildschematics_x.schematic","https://dl2.9mcbox.com/dl2storage800/Sims-3-Style-City-Hall.schematic","downloaded","","67x52x40, 14228 blocks"
"2026-09-28T08:48:16.530Z","mcbuild","https://mcbuild.org/schematics/16824:town/city-hall","","https://mcbuild.org/download/schematic=16824?format=schem","duplicate","","sha256 already in library"
"2026-09-28T08:48:18.005Z","mcbuild","https://mcbuild.org/schematics/14702:city-hall","public_city-hall_mcbuild_x.schem","https://mcbuild.org/download/schematic=14702?format=schem","downloaded","","36x27x29, 5783 blocks"
"2026-09-28T08:48:18.284Z","mcbuild","https://mcbuild.org/schematics/4764:city-hall-*the-sims-3™*-style","","https://mcbuild.org/download/schematic=4764?format=schem","failed","HTTP 404","City Hall *The Sims 3™* Style"
"2026-09-28T08:48:19.300Z","mcbuild","https://mcbuild.org/schematics/15030:city-hall","","https://mcbuild.org/download/schematic=15030?format=schem","duplicate","","sha256 already in library"
"2026-09-28T08:48:24.440Z","buildschematics","https://buildschematics.com/presets/town-hall-building","","https://dl2.9mcbox.com/dl2storage800/Town-Hall-Building.schem","duplicate","","sha256 already in library"
"2026-09-28T08:48:24.711Z","buildschematics","https://buildschematics.com/presets/town-hall-building-2","","https://dl2.9mcbox.com/dl2storage800/Town-Hall-Building.schematic","duplicate","","sha256 already in library"
"2026-09-28T08:48:24.715Z","buildschematics","https://buildschematics.com/presets/nether-town-hall","","https://dl2.9mcbox.com/dl2storage800/Nether-Town-Hall.schem","skipped","","not city architecture"
"2026-09-28T08:48:24.884Z","buildschematics","https://buildschematics.com/presets/old-town-hall","","https://dl2.9mcbox.com/dl2storage800/Old-Town-Hall.schematic","duplicate","","sha256 already in library"
"2026-09-28T08:48:24.888Z","buildschematics","https://buildschematics.com/presets/medieval-oak-town-hall","","https://dl2.9mcbox.com/dl2storage800/Medieval-Oak-Town-Hall.schem","skipped","","not city architecture"
"2026-09-28T08:48:25.716Z","mcbuild","https://mcbuild.org/schematics/16485:medieval-town-collection-1-building-22","","https://mcbuild.org/download/schematic=16485?format=schem","skipped","","not city architecture"
"2026-09-28T08:48:25.718Z","mcbuild","https://mcbuild.org/schematics/16483:medieval-town-collection-1-building-20","","https://mcbuild.org/download/schematic=16483?format=schem","skipped","","not city architecture"
"2026-09-28T08:48:25.719Z","mcbuild","https://mcbuild.org/schematics/16457:medieval-town-collection-1-ship","","https://mcbuild.org/download/schematic=16457?format=schem","skipped","","not city architecture"
"2026-09-28T08:48:26.756Z","mcbuild","https://mcbuild.org/schematics/12970:town-hall","public_town-hall_mcbuild_x.schem","https://mcbuild.org/download/schematic=12970?format=schem","downloaded","","32x32x32, 7621 blocks"
"2026-09-28T08:48:28.993Z","buildschematics","https://buildschematics.com/presets/fallout-drive-in-movie-theater","","https://dl2.9mcbox.com/dl2storage800/Fallout-Drive-In-Movie-Theater.schematic","duplicate","","sha256 already in library"
"2026-09-28T08:48:30.505Z","mcbuild","https://mcbuild.org/schematics/1806:theater","public_theater_mcbuild_x.schem","https://mcbuild.org/download/schematic=1806?format=schem","downloaded","","48x32x50, 11175 blocks"
"2026-09-28T08:48:31.920Z","mcbuild","https://mcbuild.org/schematics/1983:greek-theater","public_greek-theater_mcbuild_x.schem","https://mcbuild.org/download/schematic=1983?format=schem","downloaded","","31x25x62, 7525 blocks"
"2026-09-28T08:48:33.034Z","mcbuild","https://mcbuild.org/schematics/7343:theater","public_theater_mcbuild_x-2.schem","https://mcbuild.org/download/schematic=7343?format=schem","downloaded","","60x37x96, 104571 blocks"
"2026-09-28T08:48:34.055Z","mcbuild","https://mcbuild.org/schematics/6667:shakespears-theater","public_shakespears-theater_mcbuild_x.schem","https://mcbuild.org/download/schematic=6667?format=schem","downloaded","","26x12x33, 3778 blocks"
"2026-09-28T08:48:37.488Z","buildschematics","https://buildschematics.com/presets/modern-twin-cinema-building","public_modern-twin-cinema-building_buildschematics_x.schematic","https://dl2.9mcbox.com/dl2storage800/Modern-Twin-Cinema-Building.schematic","downloaded","","42x12x32, 2596 blocks"
"2026-09-28T08:48:38.038Z","buildschematics","https://buildschematics.com/presets/corner-cinema-and-houses","","https://dl2.9mcbox.com/dl2storage800/Corner-Cinema-and-Houses.schem","duplicate","","sha256 already in library"
"2026-09-28T08:48:38.241Z","buildschematics","https://buildschematics.com/presets/multi-room-cinema-with-concessions","public_multi-room-cinema-with-concessions_buildschematics_x.schematic","https://dl2.9mcbox.com/dl2storage800/Multi-Room-Cinema-with-Concessions.schematic","downloaded","","36x13x107, 26813 blocks"
"2026-09-28T08:48:40.161Z","mcbuild","https://mcbuild.org/schematics/3705:6-room-cinema","public_6-room-cinema_mcbuild_x.schem","https://mcbuild.org/download/schematic=3705?format=schem","downloaded","","36x13x107, 24390 blocks"
"2026-09-28T08:48:41.349Z","mcbuild","https://mcbuild.org/schematics/5601:twin-cinema-complex","public_twin-cinema-complex_mcbuild_x.schem","https://mcbuild.org/download/schematic=5601?format=schem","downloaded","","42x12x32, 2687 blocks"
"2026-09-28T08:48:42.432Z","mcbuild","https://mcbuild.org/schematics/16880:corner-cinema","","https://mcbuild.org/download/schematic=16880?format=schem","duplicate","","sha256 already in library"
"2026-09-28T08:48:43.424Z","mcbuild","https://mcbuild.org/schematics/3255:cinema","public_cinema_mcbuild_x.schem","https://mcbuild.org/download/schematic=3255?format=schem","downloaded","","31x15x38, 6498 blocks"
"2026-09-28T08:48:44.746Z","buildschematics","https://buildschematics.com/presets/128ksu-power-plant-structure","industrial_128ksu-power-plant-structure_buildschematics_x.nbt","https://dl2.9mcbox.com/dl2storage800/128KSU-Power-Plant-Structure.nbt","downloaded","","17x10x15, 327 blocks"
"2026-09-28T08:48:45.377Z","buildschematics","https://buildschematics.com/presets/massive-steam-power-plant","industrial_massive-steam-power-plant_buildschematics_x.nbt","https://dl2.9mcbox.com/dl2storage800/Massive-Steam-Power-Plant.nbt","downloaded","","45x36x42, 20332 blocks"
"2026-09-28T08:48:45.612Z","buildschematics","https://buildschematics.com/presets/pixelmon-maze-power-plant","industrial_pixelmon-maze-power-plant_buildschematics_x.schematic","https://dl2.9mcbox.com/dl2storage800/Pixelmon-Maze-Power-Plant.schematic","downloaded","","38x45x66, 25170 blocks"
"2026-09-28T08:48:45.806Z","buildschematics","https://buildschematics.com/presets/256-block-power-plant-structure","industrial_256-block-power-plant-structure_buildschematics_x.nbt","https://dl2.9mcbox.com/dl2storage800/256-Block-Power-Plant-Structure.nbt","downloaded","","17x11x28, 1202 blocks"
"2026-09-28T08:48:47.143Z","mcbuild","https://mcbuild.org/schematics/2990:power-plant","industrial_power-plant_mcbuild_x.schem","https://mcbuild.org/download/schematic=2990?format=schem","downloaded","","81x58x81, 45850 blocks"
"2026-09-28T08:48:48.486Z","mcbuild","https://mcbuild.org/schematics/6002:pixelmon-power-plant","industrial_pixelmon-power-plant_mcbuild_x.schem","https://mcbuild.org/download/schematic=6002?format=schem","downloaded","","38x45x66, 24432 blocks"
"2026-09-28T08:48:50.141Z","mcbuild","https://mcbuild.org/schematics/9916:fallout-3-substation-v1--zth","industrial_fallout-3-substation-v1-zth_mcbuild_x.schem","https://mcbuild.org/download/schematic=9916?format=schem","downloaded","","26x9x19, 1393 blocks"
"2026-09-28T08:48:51.133Z","mcbuild","https://mcbuild.org/schematics/9917:fallout-3-substation-v2--zth","industrial_fallout-3-substation-v2-zth_mcbuild_x.schem","https://mcbuild.org/download/schematic=9917?format=schem","downloaded","","25x10x20, 1523 blocks"
"2026-09-28T08:48:53.365Z","mcbuild","https://mcbuild.org/schematics/1878:barn-with-water-tower","towers_barn-with-water-tower_mcbuild_x.schem","https://mcbuild.org/download/schematic=1878?format=schem","downloaded","","17x16x24, 1302 blocks"
"2026-09-28T08:48:54.349Z","mcbuild","https://mcbuild.org/schematics/1033:modern-water-tower","towers_modern-water-tower_mcbuild_x.schem","https://mcbuild.org/download/schematic=1033?format=schem","downloaded","","25x52x25, 3287 blocks"
"2026-09-28T08:48:55.323Z","mcbuild","https://mcbuild.org/schematics/1495:water-tower-by-iedgy","towers_water-tower-by-iedgy_mcbuild_x.schem","https://mcbuild.org/download/schematic=1495?format=schem","downloaded","","36x57x36, 5719 blocks"
"2026-09-28T08:48:56.321Z","mcbuild","https://mcbuild.org/schematics/15566:old-rustic-water-tower","","https://mcbuild.org/download/schematic=15566?format=schem","duplicate","","sha256 already in library"
"2026-09-28T08:48:57.292Z","buildschematics","https://buildschematics.com/presets/meme-billboard-advertisement","","https://dl2.9mcbox.com/dl2storage800/Meme-Billboard-Advertisement.schematic","duplicate","","sha256 already in library"
"2026-09-28T08:48:57.544Z","buildschematics","https://buildschematics.com/presets/large-advertisement-billboard-structure","","https://dl2.9mcbox.com/dl2storage800/Large-Advertisement-Billboard-Structure.schematic","duplicate","","sha256 already in library"
"2026-09-28T08:48:57.743Z","buildschematics","https://buildschematics.com/presets/double-sided-sony-logo-billboard","public_double-sided-sony-logo-billboard_buildschematics_x.schematic","https://dl2.9mcbox.com/dl2storage800/Double-Sided-Sony-Logo-Billboard.schematic","downloaded","","64x19x11, 3029 blocks"
"2026-09-28T08:48:59.079Z","mcbuild","https://mcbuild.org/schematics/16010:&quot;do-you-even-shift-bro&quot;-billboard","public_quot-do-you-even-shift-bro-quot-billboard_mcbuild_x.schem","https://mcbuild.org/download/schematic=16010?format=schem","downloaded","","49x41x13, 5167 blocks"
"2026-09-28T08:49:00.160Z","mcbuild","https://mcbuild.org/schematics/14668:large-billboard","public_large-billboard_mcbuild_x.schem","https://mcbuild.org/download/schematic=14668?format=schem","downloaded","","49x41x13, 2717 blocks"
"2026-09-28T08:49:01.149Z","mcbuild","https://mcbuild.org/schematics/9920:fallout-3-billboard--zth","decor_fallout-3-billboard-zth_mcbuild_x.schem","https://mcbuild.org/download/schematic=9920?format=schem","downloaded","","10x6x4, 80 blocks"
"2026-09-28T08:49:02.928Z","mcbuild","https://mcbuild.org/schematics/1927:workbench","public_workbench_mcbuild_x.schem","https://mcbuild.org/download/schematic=1927?format=schem","downloaded","","16x17x16, 2042 blocks"
"2026-09-28T08:49:03.912Z","mcbuild","https://mcbuild.org/schematics/11234:toyland-fisherprice-workbench","public_toyland-fisherprice-workbench_mcbuild_x.schem","https://mcbuild.org/download/schematic=11234?format=schem","downloaded","","31x31x23, 2887 blocks"
"2026-09-28T08:49:06.289Z","buildschematics","https://buildschematics.com/presets/compact-highway-gas-station","","https://dl2.9mcbox.com/dl2storage800/Compact-Highway-Gas-Station.schem","duplicate","","sha256 already in library"
"2026-09-28T08:49:06.771Z","buildschematics","https://buildschematics.com/presets/modern-gas-station-exterior","","https://dl2.9mcbox.com/dl2storage800/Modern-Gas-Station-Exterior.schematic","duplicate","","sha256 already in library"
"2026-09-28T08:49:06.969Z","buildschematics","https://buildschematics.com/presets/small-gas-station-and-store","transport_small-gas-station-and-store_buildschematics_x.schematic","https://dl2.9mcbox.com/dl2storage800/Small-Gas-Station-and-Store.schematic","downloaded","","59x7x31, 3415 blocks"
"2026-09-28T08:49:08.417Z","mcbuild","https://mcbuild.org/schematics/7728:gas-station","transport_gas-station_mcbuild_x.schem","https://mcbuild.org/download/schematic=7728?format=schem","downloaded","","48x11x39, 4266 blocks"
"2026-09-28T08:49:09.827Z","mcbuild","https://mcbuild.org/schematics/12190:gas-station-3","transport_gas-station-3_mcbuild_x.schem","https://mcbuild.org/download/schematic=12190?format=schem","downloaded","","76x17x119, 21101 blocks"
"2026-09-28T08:49:10.793Z","mcbuild","https://mcbuild.org/schematics/1393:petrol/-gas-station","transport_petrol-gas-station_mcbuild_x.schem","https://mcbuild.org/download/schematic=1393?format=schem","downloaded","","43x15x66, 6551 blocks"
"2026-09-28T08:49:11.808Z","mcbuild","https://mcbuild.org/schematics/6360:sheetz-gas-station","transport_sheetz-gas-station_mcbuild_x.schem","https://mcbuild.org/download/schematic=6360?format=schem","downloaded","","107x23x136, 25050 blocks"
"2026-09-28T08:49:13.955Z","buildschematics","https://buildschematics.com/presets/elementary-school-building","","https://dl2.9mcbox.com/dl2storage800/Elementary-School-Building.schem","duplicate","","sha256 already in library"
"2026-09-28T08:49:14.352Z","buildschematics","https://buildschematics.com/presets/art-school-building","public_art-school-building_buildschematics_x.schematic","https://dl2.9mcbox.com/dl2storage800/Art-School-Building.schematic","downloaded","","38x38x40, 13429 blocks"
"2026-09-28T08:49:14.619Z","buildschematics","https://buildschematics.com/presets/german-school-building","public_german-school-building_buildschematics_x.schematic","https://dl2.9mcbox.com/dl2storage800/German-School-Building.schematic","downloaded","","50x34x70, 29526 blocks"
"2026-09-28T08:49:15.180Z","buildschematics","https://buildschematics.com/presets/pixelmon-school-building","public_pixelmon-school-building_buildschematics_x.schematic","https://dl2.9mcbox.com/dl2storage800/Pixelmon-School-Building.schematic","downloaded","","118x62x105, 50968 blocks"
"2026-09-28T08:49:15.584Z","mcbuild","https://mcbuild.org/schematics/15675:medieval-boarding-school","","https://mcbuild.org/download/schematic=15675?format=schem","skipped","","not city architecture"
"2026-09-28T08:49:16.770Z","mcbuild","https://mcbuild.org/schematics/3263:1890's-school-building","","https://mcbuild.org/download/schematic=3263?format=schem","incompatible","не NBT: NBT: byte array: слишком большая длина","1890's School Building"
"2026-09-28T08:49:18.150Z","mcbuild","https://mcbuild.org/schematics/4701:school","public_school_mcbuild_x.schem","https://mcbuild.org/download/schematic=4701?format=schem","downloaded","","74x23x70, 19049 blocks"
"2026-09-28T08:49:19.187Z","mcbuild","https://mcbuild.org/schematics/5156:secondary-school----le","public_secondary-school-le_mcbuild_x.schem","https://mcbuild.org/download/schematic=5156?format=schem","downloaded","","26x33x29, 3757 blocks"
"2026-09-28T08:49:20.423Z","buildschematics","https://buildschematics.com/presets/baseball-stadium","","https://dl2.9mcbox.com/dl2storage800/Baseball-Stadium.schematic","duplicate","","sha256 already in library"
"2026-09-28T08:49:20.894Z","buildschematics","https://buildschematics.com/presets/football-stadium","","https://dl2.9mcbox.com/dl2storage800/stade-de-foot.schematic","incompatible","не NBT: NBT: byte array: слишком большая длина","Football Stadium"
"2026-09-28T08:49:21.359Z","buildschematics","https://buildschematics.com/presets/purple-football-stadium","","https://dl2.9mcbox.com/dl2storage800/Purple-Football-Stadium.schem","incompatible","не NBT: NBT: byte array: слишком большая длина","Purple Football Stadium"
"2026-09-28T08:49:21.571Z","buildschematics","https://buildschematics.com/presets/small-soccer-stadium-build","public_small-soccer-stadium-build_buildschematics_x.schem","https://dl2.9mcbox.com/dl2storage800/Small-Soccer-Stadium-Build.schem","downloaded","","97x27x65, 10258 blocks"
"2026-09-28T08:49:22.020Z","mcbuild","https://mcbuild.org/schematics/788:pokemon-stadium-super-smash-brawl","","https://mcbuild.org/download/schematic=788?format=schem","skipped","","not city architecture"
"2026-09-28T08:49:23.305Z","mcbuild","https://mcbuild.org/schematics/9609:full-sized-soccer-stadium","","https://mcbuild.org/download/schematic=9609?format=schem","incompatible","не NBT: NBT: byte array: слишком большая длина","Full Sized Soccer Stadium"
"2026-09-28T08:49:23.307Z","mcbuild","https://mcbuild.org/schematics/15596:pokemon-stadium","","https://mcbuild.org/download/schematic=15596?format=schem","skipped","","not city architecture"
"2026-09-28T08:49:24.888Z","mcbuild","https://mcbuild.org/schematics/13036:futurstadium-fullwithoutground","","https://mcbuild.org/download/schematic=13036?format=schem","incompatible","не NBT: схема .schem: слишком большой объём","FuturStadium FullWithoutGround"
"2026-09-28T08:49:26.375Z","buildschematics","https://buildschematics.com/presets/small-prison-structure","","https://dl2.9mcbox.com/dl2storage800/Small-Prison-Structure.schematic","duplicate","","sha256 already in library"
"2026-09-28T08:49:27.119Z","buildschematics","https://buildschematics.com/presets/apocalyptic-prison-mine","public_apocalyptic-prison-mine_buildschematics_x.schematic","https://dl2.9mcbox.com/dl2storage800/Apocalyptic-Prison-Mine.schematic","downloaded","","138x66x104, 75301 blocks"
"2026-09-28T08:49:27.376Z","buildschematics","https://buildschematics.com/presets/small-prison-building","public_small-prison-building_buildschematics_x.schematic","https://dl2.9mcbox.com/dl2storage800/Small-Prison-Building.schematic","downloaded","","63x9x43, 9440 blocks"
"2026-09-28T08:49:27.687Z","buildschematics","https://buildschematics.com/presets/desert-prison-structure","public_desert-prison-structure_buildschematics_x.schematic","https://dl2.9mcbox.com/dl2storage800/Desert-Prison-Structure.schematic","downloaded","","42x74x42, 93856 blocks"
"2026-09-28T08:49:28.020Z","buildschematics","https://buildschematics.com/presets/prison-mining-outpost","","https://dl2.9mcbox.com/dl2storage800/Prison-Mining-Outpost.schematic","duplicate","","sha256 already in library"
"2026-09-28T08:49:29.463Z","mcbuild","https://mcbuild.org/schematics/4059:radeon-prison","","https://mcbuild.org/download/schematic=4059?format=schem","duplicate","","sha256 already in library"
"2026-09-28T08:49:30.758Z","mcbuild","https://mcbuild.org/schematics/3037:pi.2-prison-(island)","","https://mcbuild.org/download/schematic=3037?format=schem","incompatible","не NBT: схема .schem: слишком большой объём","PI.2 Prison (Island)"
"2026-09-28T08:49:31.779Z","mcbuild","https://mcbuild.org/schematics/4566:sand-prison","public_sand-prison_mcbuild_x.schem","https://mcbuild.org/download/schematic=4566?format=schem","downloaded","","42x74x42, 93843 blocks"
"2026-09-28T08:49:32.811Z","mcbuild","https://mcbuild.org/schematics/63:jail/prison","public_jail-prison_mcbuild_x.schem","https://mcbuild.org/download/schematic=63?format=schem","downloaded","","8x256x6, 318 blocks"
"2026-09-28T08:49:35.965Z","buildschematics","https://buildschematics.com/presets/warehouse-13-storage-building","","https://dl2.9mcbox.com/dl2storage800/Warehouse-13-Storage-Building.schematic","duplicate","","sha256 already in library"
"2026-09-28T08:49:36.402Z","buildschematics","https://buildschematics.com/presets/storage-warehouse","industrial_storage-warehouse_buildschematics_x.nbt","https://dl2.9mcbox.com/dl2storage800/Storage-Warehouse.nbt","downloaded","","35x19x40, 3405 blocks"
"2026-09-28T08:49:36.702Z","buildschematics","https://buildschematics.com/presets/storage-warehouse-v1","industrial_storage-warehouse-v1_buildschematics_x.nbt","https://dl2.9mcbox.com/dl2storage800/Storage-Warehouse-V1.nbt","downloaded","","69x17x68, 6860 blocks"
"2026-09-28T08:49:36.864Z","buildschematics","https://buildschematics.com/presets/industrial-warehouse-building","","https://dl2.9mcbox.com/dl2storage800/Industrial-Warehouse-Building.schematic","duplicate","","sha256 already in library"
"2026-09-28T08:49:37.040Z","buildschematics","https://buildschematics.com/presets/concrete-warehouse-structure","","https://dl2.9mcbox.com/dl2storage800/Concrete-Warehouse-Structure.schematic","duplicate","","sha256 already in library"
"2026-09-28T08:49:38.893Z","mcbuild","https://mcbuild.org/schematics/11653:large-warehouse","industrial_large-warehouse_mcbuild_x.schem","https://mcbuild.org/download/schematic=11653?format=schem","downloaded","","98x29x237, 53370 blocks"
"2026-09-28T08:49:40.225Z","mcbuild","https://mcbuild.org/schematics/11674:warehouse","industrial_warehouse_mcbuild_x.schem","https://mcbuild.org/download/schematic=11674?format=schem","downloaded","","33x18x61, 8329 blocks"
"2026-09-28T08:49:41.309Z","mcbuild","https://mcbuild.org/schematics/17655:warehouse-11","industrial_warehouse-11_mcbuild_x.schem","https://mcbuild.org/download/schematic=17655?format=schem","downloaded","","129x35x177, 48318 blocks"
"2026-09-28T08:49:42.610Z","buildschematics","https://buildschematics.com/presets/town-parking-lot","","https://dl2.9mcbox.com/dl2storage800/Town-Parking-Lot.schem","duplicate","","sha256 already in library"
"2026-09-28T08:49:43.167Z","buildschematics","https://buildschematics.com/presets/six-story-parking-garage","","https://dl2.9mcbox.com/dl2storage800/Six-Story-Parking-Garage.schematic","duplicate","","sha256 already in library"
"2026-09-28T08:49:43.348Z","buildschematics","https://buildschematics.com/presets/modern-parking-garage-structure","","https://dl2.9mcbox.com/dl2storage800/Modern-Parking-Garage-Structure.schematic","duplicate","","sha256 already in library"
"2026-09-28T08:49:44.040Z","buildschematics","https://buildschematics.com/presets/modern-superstore-with-parking-lot","","https://dl2.9mcbox.com/dl2storage800/Modern-Superstore-With-Parking-Lot.schematic","incompatible","не NBT: схема .schematic: слишком большой объём","Modern Superstore With Parking Lot"
"2026-09-28T08:49:45.538Z","mcbuild","https://mcbuild.org/schematics/10030:9-story-parking-garage","transport_9-story-parking-garage_mcbuild_x.schem","https://mcbuild.org/download/schematic=10030?format=schem","downloaded","","169x64x93, 215848 blocks"
"2026-09-28T08:49:46.705Z","mcbuild","https://mcbuild.org/schematics/16170:six-story-parking-lot","transport_six-story-parking-lot_mcbuild_x.schem","https://mcbuild.org/download/schematic=16170?format=schem","downloaded","","59x27x91, 31629 blocks"
"2026-09-28T08:49:49.515Z","mcbuild","https://mcbuild.org/schematics/12022:ambulance","vehicles_ambulance_mcbuild_x.schem","https://mcbuild.org/download/schematic=12022?format=schem","downloaded","","5x5x10, 106 blocks"
"2026-09-28T08:49:51.000Z","buildschematics","https://buildschematics.com/presets/train-station","","https://dl2.9mcbox.com/dl2storage800/Train-Station.nbt","incompatible","","bad dimensions 5x7x103 blocks=0"
"2026-09-28T08:49:51.004Z","buildschematics","https://buildschematics.com/presets/medieval-train-station","","https://dl2.9mcbox.com/dl2storage800/Medieval-Train-Station.schem","skipped","","not city architecture"
"2026-09-28T08:49:51.249Z","buildschematics","https://buildschematics.com/presets/functional-train-station","","https://dl2.9mcbox.com/dl2storage800/Functional-Train-Station.schematic","duplicate","","sha256 already in library"
"2026-09-28T08:49:51.251Z","buildschematics","https://buildschematics.com/presets/medieval-train-station-2","","https://dl2.9mcbox.com/dl2storage800/Medieval-Train-Station.schematic","skipped","","not city architecture"
"2026-09-28T08:49:52.826Z","mcbuild","https://mcbuild.org/schematics/8170:train-station","transport_train-station_mcbuild_x-2.schem","https://mcbuild.org/download/schematic=8170?format=schem","downloaded","","60x42x151, 54443 blocks"
"2026-09-28T08:49:54.214Z","mcbuild","https://mcbuild.org/schematics/8148:train-station-like-structure","transport_train-station-like-structure_mcbuild_x.schem","https://mcbuild.org/download/schematic=8148?format=schem","downloaded","","17x41x37, 2754 blocks"
"2026-09-28T08:49:55.265Z","mcbuild","https://mcbuild.org/schematics/329:nice-village-train-station","transport_nice-village-train-station_mcbuild_x.schem","https://mcbuild.org/download/schematic=329?format=schem","downloaded","","20x27x29, 8086 blocks"
"2026-09-28T08:49:56.496Z","mcbuild","https://mcbuild.org/schematics/3346:st-thomas-underground-train-station","transport_st-thomas-underground-train-station_mcbuild_x.schem","https://mcbuild.org/download/schematic=3346?format=schem","downloaded","","88x43x43, 73559 blocks"
"2026-09-28T08:49:57.368Z","buildschematics","https://buildschematics.com/presets/tunnel-elevator","","https://dl2.9mcbox.com/dl2storage800/Tunnel-Elevator.nbt","skipped","","not city architecture"
"2026-09-28T08:49:57.899Z","buildschematics","https://buildschematics.com/presets/subway-tunnel-structure","","https://dl2.9mcbox.com/dl2storage800/Subway-Tunnel-Structure.schematic","duplicate","","sha256 already in library"
"2026-09-28T08:49:58.194Z","buildschematics","https://buildschematics.com/presets/compact-3x3-tunnel-drill","roads_compact-3x3-tunnel-drill_buildschematics_x.nbt","https://dl2.9mcbox.com/dl2storage800/Compact-3x3-Tunnel-Drill.nbt","downloaded","","4x4x8, 8 blocks, many unmapped blocks"
"2026-09-28T08:49:59.590Z","mcbuild","https://mcbuild.org/schematics/13908:the-old-tunnel-inn","","https://mcbuild.org/download/schematic=13908?format=schem","failed","signed link for schem returned html","The Old Tunnel Inn"
"2026-09-28T08:50:00.626Z","mcbuild","https://mcbuild.org/schematics/8621:railway-tunnel","roads_railway-tunnel_mcbuild_x.schem","https://mcbuild.org/download/schematic=8621?format=schem","downloaded","","15x7x11, 651 blocks"
"2026-09-28T08:50:02.193Z","mcbuild","https://mcbuild.org/schematics/15064:highway-tunnel","","https://mcbuild.org/download/schematic=15064?format=schem","duplicate","","sha256 already in library"
"2026-09-28T08:50:03.388Z","mcbuild","https://mcbuild.org/schematics/8991:tunnel-lighting","roads_tunnel-lighting_mcbuild_x.schem","https://mcbuild.org/download/schematic=8991?format=schem","downloaded","","15x7x36, 761 blocks"
"2026-09-28T08:50:04.536Z","buildschematics","https://buildschematics.com/presets/playground-park-for-minecrafty-town","","https://dl2.9mcbox.com/dl2storage800/Playground-Park-for-Minecrafty-Town.schem","duplicate","","sha256 already in library"
"2026-09-28T08:50:06.001Z","buildschematics","https://buildschematics.com/presets/spawn-fountain-garden","","https://dl2.9mcbox.com/dl2storage800/Spawn-Fountain-Garden.schem","duplicate","","sha256 already in library"
"2026-09-28T08:50:06.308Z","buildschematics","https://buildschematics.com/presets/garden-fountain-structure","","https://dl2.9mcbox.com/dl2storage800/Garden-Fountain-Structure.schem","duplicate","","sha256 already in library"
"2026-09-28T08:50:06.594Z","buildschematics","https://buildschematics.com/presets/peaceful-fountain","","https://dl2.9mcbox.com/dl2storage800/Peaceful-Fountain.schematic","duplicate","","sha256 already in library"
"2026-09-28T08:50:08.027Z","mcbuild","https://mcbuild.org/schematics/369:chafariz/fonte---fountain-02","parks_chafariz-fonte-fountain-02_mcbuild_x.schem","https://mcbuild.org/download/schematic=369?format=schem","downloaded","","17x7x17, 692 blocks"
"2026-09-28T08:50:09.169Z","mcbuild","https://mcbuild.org/schematics/1649:4-sword-fountain","parks_4-sword-fountain_mcbuild_x.schem","https://mcbuild.org/download/schematic=1649?format=schem","downloaded","","19x27x19, 1178 blocks"
"2026-09-28T08:50:10.225Z","buildschematics","https://buildschematics.com/presets/rainbow-lighthouse","","https://dl2.9mcbox.com/dl2storage800/Rainbow-Lighthouse.schem","duplicate","","sha256 already in library"
"2026-09-28T08:50:10.402Z","buildschematics","https://buildschematics.com/presets/coastal-lighthouse","","https://dl2.9mcbox.com/dl2storage800/Coastal-Lighthouse.schematic","incompatible","не NBT: NBT: дублирующийся тег ""BurnTime""","Coastal Lighthouse"
"2026-09-28T08:50:10.841Z","mcbuild","https://mcbuild.org/schematics/14499:the-medieval-lighthouse","","https://mcbuild.org/download/schematic=14499?format=schem","skipped","","not city architecture"
"2026-09-28T08:50:11.883Z","mcbuild","https://mcbuild.org/schematics/8969:alexandria's-lighthouse","waterfront_alexandria-s-lighthouse_mcbuild_x.schem","https://mcbuild.org/download/schematic=8969?format=schem","downloaded","","51x151x51, 34863 blocks"
"2026-09-28T08:50:13.073Z","mcbuild","https://mcbuild.org/schematics/16608:lighthouse-keep","","https://mcbuild.org/download/schematic=16608?format=schem","duplicate","","sha256 already in library"
"2026-09-28T08:50:14.097Z","mcbuild","https://mcbuild.org/schematics/8021:stone-lighthouse---(with-working-fireplace)","waterfront_stone-lighthouse-with-working-fireplace_mcbuild_x.schem","https://mcbuild.org/download/schematic=8021?format=schem","downloaded","","27x38x19, 7357 blocks"
"2026-09-28T08:50:18.051Z","buildschematics","https://buildschematics.com/presets/small-medieval-townhouse","","https://dl2.9mcbox.com/dl2storage800/Small-Medieval-Townhouse.schematic","skipped","","not city architecture"
"2026-09-28T08:50:18.334Z","buildschematics","https://buildschematics.com/presets/modern-lakeside-townhouse","residential_modern-lakeside-townhouse_buildschematics_x.schematic","https://dl2.9mcbox.com/dl2storage800/Modern-Lakeside-Townhouse.schematic","downloaded","","42x21x45, 9066 blocks"
"2026-09-28T08:50:18.598Z","buildschematics","https://buildschematics.com/presets/furnished-brick-townhouse","","https://dl2.9mcbox.com/dl2storage800/Furnished-Brick-Townhouse.schematic","duplicate","","sha256 already in library"
"2026-09-28T08:50:19.406Z","mcbuild","https://mcbuild.org/schematics/7206:stylized-medieval-townhouse","","https://mcbuild.org/download/schematic=7206?format=schem","skipped","","not city architecture"
"2026-09-28T08:50:20.404Z","mcbuild","https://mcbuild.org/schematics/6975:townhouse-7","residential_townhouse-7_mcbuild_x.schem","https://mcbuild.org/download/schematic=6975?format=schem","downloaded","","14x19x17, 1600 blocks"
"2026-09-28T08:50:20.405Z","mcbuild","https://mcbuild.org/schematics/6587:small-medieval-townhouse","","https://mcbuild.org/download/schematic=6587?format=schem","skipped","","not city architecture"
"2026-09-28T08:50:24.263Z","buildschematics","https://buildschematics.com/presets/corporate-office-building","","https://dl2.9mcbox.com/dl2storage800/Corporate-Office-Building.schem","duplicate","","sha256 already in library"
"2026-09-28T08:50:24.723Z","buildschematics","https://buildschematics.com/presets/leniland-office-building","","https://dl2.9mcbox.com/dl2storage800/Leniland-Office-Building.schem","duplicate","","sha256 already in library"
"2026-09-28T08:50:25.062Z","buildschematics","https://buildschematics.com/presets/corporate-office-building-2","","https://dl2.9mcbox.com/dl2storage800/Corporate-Office-Building.schematic","duplicate","","sha256 already in library"
"2026-09-28T08:50:25.357Z","buildschematics","https://buildschematics.com/presets/tilted-office-building","","https://dl2.9mcbox.com/dl2storage800/Tilted-Office-Building.schematic","duplicate","","sha256 already in library"
"2026-09-28T08:50:25.541Z","buildschematics","https://buildschematics.com/presets/unfurnished-office-building-structure","","https://dl2.9mcbox.com/dl2storage800/Unfurnished-Office-Building-Structure.schem","duplicate","","sha256 already in library"
"2026-09-28T08:50:27.111Z","mcbuild","https://mcbuild.org/schematics/7825:office-building","towers_office-building_mcbuild_x.schem","https://mcbuild.org/download/schematic=7825?format=schem","downloaded","","55x78x46, 55013 blocks"
"2026-09-28T08:50:28.474Z","mcbuild","https://mcbuild.org/schematics/515:ten-story-office-building","towers_ten-story-office-building_mcbuild_x.schem","https://mcbuild.org/download/schematic=515?format=schem","downloaded","","60x117x126, 92399 blocks"
"2026-09-28T08:50:28.738Z","mcbuild","https://mcbuild.org/schematics/4035:office-building-#1-by:-jjcash","","https://mcbuild.org/download/schematic=4035?format=schem","failed","HTTP 404","Office Building #1 By: jjcash"
"2026-09-28T08:55:21.122Z","mcbuild","https://mcbuild.org/schematics/1271:drive-on-the-left-dual-simplex-minecart-track-intersection","intersections_drive-on-the-left-dual-simplex-minecart-track-intersection_mcbuild_x.schem","https://mcbuild.org/download/schematic=1271?format=schem","downloaded","","33x34x67, 26943 blocks"
"2026-09-28T08:55:22.542Z","mcbuild","https://mcbuild.org/schematics/4472:4-way-intersection-(redstone)","intersections_4-way-intersection-redstone_mcbuild_x.schem","https://mcbuild.org/download/schematic=4472?format=schem","downloaded","","11x14x11, 905 blocks"
"2026-09-28T08:55:22.542Z","mcbuild","https://mcbuild.org/schematics/14773:default-nether-fortress-open-air-bridge-intersection","","https://mcbuild.org/download/schematic=14773?format=schem","skipped","","not city architecture"
"2026-09-28T08:55:22.542Z","mcbuild","https://mcbuild.org/schematics/14772:default-nether-fortress-enclosed-bridge-intersection","","https://mcbuild.org/download/schematic=14772?format=schem","skipped","","not city architecture"
"2026-09-28T08:55:25.983Z","mcbuild","https://mcbuild.org/schematics/6475:4-way-bridge","","https://mcbuild.org/download/schematic=6475?format=schem","incompatible","не NBT: NBT: byte array: слишком большая длина","4 Way Bridge"
"2026-09-28T08:55:28.637Z","mcbuild","https://mcbuild.org/schematics/3239:ancient-skyway-modified(t-junction)","intersections_ancient-skyway-modified-t-junction_mcbuild_x.schem","https://mcbuild.org/download/schematic=3239?format=schem","downloaded","","35x6x19, 1006 blocks"
"2026-09-28T08:55:31.308Z","mcbuild","https://mcbuild.org/schematics/12309:highway-part-1","roads_highway-part-1_mcbuild_x.schem","https://mcbuild.org/download/schematic=12309?format=schem","downloaded","","43x10x21, 1191 blocks"
"2026-09-28T08:55:32.689Z","mcbuild","https://mcbuild.org/schematics/12314:highway-part-2","roads_highway-part-2_mcbuild_x.schem","https://mcbuild.org/download/schematic=12314?format=schem","downloaded","","50x10x33, 3214 blocks"
"2026-09-28T08:55:33.707Z","mcbuild","https://mcbuild.org/schematics/12705:highway-part-3","roads_highway-part-3_mcbuild_x.schem","https://mcbuild.org/download/schematic=12705?format=schem","downloaded","","48x9x59, 4036 blocks"
"2026-09-28T08:55:34.829Z","mcbuild","https://mcbuild.org/schematics/15064:highway-tunnel","","https://mcbuild.org/download/schematic=15064?format=schem","duplicate","","sha256 already in library"
"2026-09-28T08:55:35.857Z","mcbuild","https://mcbuild.org/schematics/11760:highway","roads_highway_mcbuild_x.schem","https://mcbuild.org/download/schematic=11760?format=schem","downloaded","","27x3x30, 1680 blocks"
"2026-09-28T08:55:41.176Z","buildschematics","https://buildschematics.com/presets/railway-junction-train-station-base","intersections_railway-junction-train-station-base_buildschematics_x.nbt","https://dl2.9mcbox.com/dl2storage800/Railway-Junction-Train-Station-Base.nbt","downloaded","","58x27x53, 7301 blocks"
"2026-09-28T08:55:46.025Z","buildschematics","https://buildschematics.com/presets/compact-highway-gas-station","","https://dl2.9mcbox.com/dl2storage800/Compact-Highway-Gas-Station.schem","duplicate","","sha256 already in library"
"2026-09-28T08:55:46.281Z","buildschematics","https://buildschematics.com/presets/highway-toll-booth-structure","","https://dl2.9mcbox.com/dl2storage800/Highway-Toll-Booth-Structure.schematic","duplicate","","sha256 already in library"
"2026-09-28T08:55:46.811Z","buildschematics","https://buildschematics.com/presets/realistic-highway-tunnel-for-minecraft","","https://dl2.9mcbox.com/dl2storage800/Highway-tunnel.schem","duplicate","","sha256 already in library"
